[{"fields": {"url": "/static/img/1.jpeg", "width": 854, "name": "c1", "height": 480}, "model": "app.camera", "pk": 1}, {"fields": {"url": "/static/img/2.jpeg", "width": 854, "name": "c2", "height": 480}, "model": "app.camera", "pk": 2}, {"fields": {"url": "/static/img/9.jpeg", "width": 854, "name": "c3", "height": 480}, "model": "app.camera", "pk": 3}, {"fields": {"url": "/static/img/10.jpeg", "width": 854, "name": "", "height": 480}, "model": "app.camera", "pk": 4}, {"fields": {"url": "/static/img/11.jpeg", "width": 854, "name": "", "height": 480}, "model": "app.camera", "pk": 5}, {"fields": {"url": "/static/img/16.jpeg", "width": 854, "name": "", "height": 480}, "model": "app.camera", "pk": 6}, {"fields": {"url": "/static/img/17.jpeg", "width": 854, "name": "", "height": 480}, "model": "app.camera", "pk": 7}, {"fields": {"url": "/static/img/28.jpeg", "width": 854, "name": "test", "height": 480}, "model": "app.camera", "pk": 8}, {"fields": {"url": "/static/img/27.jpeg", "width": 854, "name": "Camera 9", "height": 480}, "model": "app.camera", "pk": 9}, {"fields": {"url": "/static/img/29.jpeg", "width": 123, "name": "test", "height": 123}, "model": "app.camera", "pk": 10}, {"fields": {"url": "/static/img/30.jpeg", "width": 113, "name": "11", "height": 333}, "model": "app.camera", "pk": 11}, {"fields": {"url": "/static/img/31.jpeg", "width": 123, "name": "12", "height": 123}, "model": "app.camera", "pk": 12}, {"fields": {"url": "/static/img/33.jpeg", "width": 111, "name": "11", "height": 111}, "model": "app.camera", "pk": 13}, {"fields": {"url": "/static/img/36.jpeg", "width": 333, "name": "123", "height": 333}, "model": "app.camera", "pk": 14}, {"fields": {"url": "/static/img/38.jpeg", "width": 123, "name": "123", "height": 123}, "model": "app.camera", "pk": 15}, {"fields": {"url": "", "width": 123, "name": "jkgj", "height": 123}, "model": "app.camera", "pk": 16}, {"fields": {"name": "", "url": "/Users/kunato/final_project/server/static/video/35.mp4", "start_time": "2004-12-31T18:01:00Z", "camera": 1, "tracking_id": "e980c745-1ec9-446d-b41c-4cfa3b5af066", "added_time": "2015-04-19T15:29:14.073Z", "type": 1}, "model": "app.video", "pk": 35}, {"fields": {"name": "", "url": "/Users/kunato/final_project/server/static/video/36.mp4", "start_time": "2004-12-31T18:01:00Z", "camera": 14, "tracking_id": "b7e3da9a-7cfe-47d1-9b39-c9f938263686", "added_time": "2015-04-19T15:31:03.345Z", "type": 1}, "model": "app.video", "pk": 36}, {"fields": {"name": "", "url": "/Users/kunato/final_project/server/static/video/37.mp4", "start_time": "2004-12-31T18:01:00Z", "camera": 1, "tracking_id": "f6305017-2f4d-4845-9a3c-db33ff0d54e0", "added_time": "2015-04-19T15:33:50.000Z", "type": 1}, "model": "app.video", "pk": 37}, {"fields": {"name": "", "url": "/Users/kunato/final_project/server/static/video/38.mp4", "start_time": "2004-12-31T18:01:00Z", "camera": 15, "tracking_id": "d3df3015-45f2-4014-96fb-44ef3cfe92ab", "added_time": "2015-04-19T15:35:08.773Z", "type": 1}, "model": "app.video", "pk": 38}, {"fields": {"name": "", "url": "/Users/kunato/final_project/server/static/video/39.mp4", "start_time": "2015-04-20T06:00:00Z", "camera": 1, "tracking_id": "24f7c2e4-da31-48cc-96ec-bed76b0dc6cc", "added_time": "2015-04-20T06:38:01.301Z", "type": 1}, "model": "app.video", "pk": 39}, {"fields": {"name": "", "url": "/Users/kunato/final_project/server/static/video/40.mp4", "start_time": "2015-04-20T06:00:00Z", "camera": 2, "tracking_id": "ff4d21d0-5e1c-4b9f-86b5-5e99d81e14a2", "added_time": "2015-04-20T06:38:16.635Z", "type": 1}, "model": "app.video", "pk": 40}, {"fields": {"name": "", "url": "/Users/kunato/final_project/server/static/video/41.mp4", "start_time": "2015-04-20T06:00:00Z", "camera": 3, "tracking_id": "28245e6f-a763-4015-aaf0-44b6b294fd89", "added_time": "2015-04-20T06:43:56.784Z", "type": 1}, "model": "app.video", "pk": 41}, {"fields": {"name": "", "url": "/Users/kunato/final_project/server/static/video/42.mp4", "start_time": "2015-04-20T06:00:00Z", "camera": 3, "tracking_id": "fdd3dfeb-67c0-4f1a-b55c-dc01a7602900", "added_time": "2015-04-20T06:47:49.368Z", "type": 1}, "model": "app.video", "pk": 42}, {"fields": {"center_lng": 100.567488, "zoom": 17, "center_lat": 13.845805}, "model": "app.map", "pk": 1}, {"fields": {"map": 1, "name": null, "longitude": 100.57168006896973, "alt_latitude": 13.84269770896137, "latitude": 13.842546659070898, "alt_longitude": 100.57165324687958}, "model": "app.mappoint", "pk": 20}, {"fields": {"map": 1, "name": null, "longitude": 100.56835681200027, "alt_latitude": 13.84447904862271, "latitude": 13.844377481381871, "alt_longitude": 100.5683970451355}, "model": "app.mappoint", "pk": 21}, {"fields": {"map": 1, "name": null, "longitude": 100.5725759267807, "alt_latitude": 13.846127846316678, "latitude": 13.846117429239676, "alt_longitude": 100.5724847316742}, "model": "app.mappoint", "pk": 22}, {"fields": {"map": 1, "name": null, "longitude": 100.56815028190613, "alt_latitude": null, "latitude": 13.847060751478237, "alt_longitude": null}, "model": "app.mappoint", "pk": 23}, {"fields": {"name": null, "top": 0.0, "height": 0.9916666666666667, "mapPoint": 20, "width": 0.19789227166276346, "left": 0.797891514083541}, "model": "app.camerapoint", "pk": 33}, {"fields": {"name": null, "top": 0.0, "height": 0.9875, "mapPoint": 21, "width": 0.21311475409836064, "left": 0.0}, "model": "app.camerapoint", "pk": 34}, {"fields": {"name": null, "top": 0.0, "height": 0.9375, "mapPoint": 22, "width": 0.20374707259953162, "left": 0.7939110784954988}, "model": "app.camerapoint", "pk": 35}, {"fields": {"name": null, "top": 0.0, "height": 0.9875, "mapPoint": 20, "width": 0.2154566744730679, "left": 0.0}, "model": "app.camerapoint", "pk": 36}, {"fields": {"name": null, "top": 0.0, "height": 0.275, "mapPoint": 22, "width": 0.45433255269320844, "left": 0.08957441629235587}, "model": "app.camerapoint", "pk": 37}, {"fields": {"name": null, "top": 0.0, "height": 0.0, "mapPoint": 23, "width": 0.0, "left": 0.0}, "model": "app.camerapoint", "pk": 38}, {"fields": {"name": "", "one_way": false, "cameraPoint2": 34, "cameraPoint1": 33, "camera": 1, "camera_length": 20, "camera_aspect": 1.3}, "model": "app.datarelation", "pk": 15}, {"fields": {"name": "", "one_way": false, "cameraPoint2": 36, "cameraPoint1": 35, "camera": 2, "camera_length": 20, "camera_aspect": 1.3}, "model": "app.datarelation", "pk": 16}, {"fields": {"name": "", "one_way": true, "cameraPoint2": 38, "cameraPoint1": 37, "camera": 3, "camera_length": 50, "camera_aspect": 0.5}, "model": "app.datarelation", "pk": 17}, {"fields": {"appear_time": "2015-04-20T06:00:04.166Z", "speed": 16.720004394498293, "data_relation": 15, "go_to": 1}, "model": "app.videodata", "pk": 1257}, {"fields": {"appear_time": "2015-04-20T06:00:04.166Z", "speed": 16.720004394498293, "data_relation": 16, "go_to": 1}, "model": "app.videodata", "pk": 1258}, {"fields": {"appear_time": "2015-04-20T06:00:12.083Z", "speed": 8.40604191681044, "data_relation": 15, "go_to": 1}, "model": "app.videodata", "pk": 1259}, {"fields": {"appear_time": "2015-04-20T06:00:12.083Z", "speed": 8.40604191681044, "data_relation": 16, "go_to": 1}, "model": "app.videodata", "pk": 1260}, {"fields": {"appear_time": "2015-04-20T06:00:17.500Z", "speed": 12.575940125474212, "data_relation": 15, "go_to": 1}, "model": "app.videodata", "pk": 1261}, {"fields": {"appear_time": "2015-04-20T06:00:17.500Z", "speed": 12.575940125474212, "data_relation": 16, "go_to": 1}, "model": "app.videodata", "pk": 1262}, {"fields": {"appear_time": "2015-04-20T06:00:24.166Z", "speed": 13.419067402476575, "data_relation": 15, "go_to": 1}, "model": "app.videodata", "pk": 1263}, {"fields": {"appear_time": "2015-04-20T06:00:24.166Z", "speed": 13.419067402476575, "data_relation": 16, "go_to": 1}, "model": "app.videodata", "pk": 1264}, {"fields": {"appear_time": "2015-04-20T06:00:29.375Z", "speed": 8.334868877965553, "data_relation": 15, "go_to": 1}, "model": "app.videodata", "pk": 1265}, {"fields": {"appear_time": "2015-04-20T06:00:29.375Z", "speed": 8.448104839879218, "data_relation": 16, "go_to": 1}, "model": "app.videodata", "pk": 1266}, {"fields": {"appear_time": "2015-04-20T06:00:35Z", "speed": 7.69927872580495, "data_relation": 16, "go_to": 1}, "model": "app.videodata", "pk": 1267}, {"fields": {"appear_time": "2015-04-20T06:00:35Z", "speed": 7.69927872580495, "data_relation": 15, "go_to": 1}, "model": "app.videodata", "pk": 1268}, {"fields": {"appear_time": "2015-04-20T06:00:41.041Z", "speed": 5.443752254209593, "data_relation": 16, "go_to": 1}, "model": "app.videodata", "pk": 1269}, {"fields": {"appear_time": "2015-04-20T06:00:41.041Z", "speed": 5.443752254209593, "data_relation": 15, "go_to": 1}, "model": "app.videodata", "pk": 1270}, {"fields": {"appear_time": "2015-04-20T06:00:45.416Z", "speed": 5.706840361034469, "data_relation": 15, "go_to": 1}, "model": "app.videodata", "pk": 1271}, {"fields": {"appear_time": "2015-04-20T06:00:45.416Z", "speed": 5.706840361034469, "data_relation": 16, "go_to": 1}, "model": "app.videodata", "pk": 1272}, {"fields": {"appear_time": "2015-04-20T06:00:49.583Z", "speed": 12.434529895499553, "data_relation": 16, "go_to": 1}, "model": "app.videodata", "pk": 1273}, {"fields": {"appear_time": "2015-04-20T06:00:49.583Z", "speed": 12.434529895499553, "data_relation": 15, "go_to": 1}, "model": "app.videodata", "pk": 1274}, {"fields": {"appear_time": "2015-04-20T06:00:53.333Z", "speed": 19.65918000417173, "data_relation": 16, "go_to": 1}, "model": "app.videodata", "pk": 1275}, {"fields": {"appear_time": "2015-04-20T06:00:53.333Z", "speed": 19.65918000417173, "data_relation": 15, "go_to": 1}, "model": "app.videodata", "pk": 1276}, {"fields": {"appear_time": "2015-04-20T06:00:54.791Z", "speed": 19.18344730183189, "data_relation": 16, "go_to": 1}, "model": "app.videodata", "pk": 1277}, {"fields": {"appear_time": "2015-04-20T06:00:54.791Z", "speed": 19.18344730183189, "data_relation": 15, "go_to": 1}, "model": "app.videodata", "pk": 1278}, {"fields": {"appear_time": "2015-04-20T06:01:01.666Z", "speed": 8.821880336689663, "data_relation": 16, "go_to": 1}, "model": "app.videodata", "pk": 1279}, {"fields": {"appear_time": "2015-04-20T06:01:01.666Z", "speed": 8.821880336689663, "data_relation": 15, "go_to": 1}, "model": "app.videodata", "pk": 1280}, {"fields": {"appear_time": "2015-04-20T06:01:05Z", "speed": 11.426171174518956, "data_relation": 16, "go_to": 1}, "model": "app.videodata", "pk": 1281}, {"fields": {"appear_time": "2015-04-20T06:01:05Z", "speed": 11.426171174518956, "data_relation": 15, "go_to": 1}, "model": "app.videodata", "pk": 1282}, {"fields": {"appear_time": "2015-04-20T06:01:06.666Z", "speed": 10.452991854586088, "data_relation": 16, "go_to": 0}, "model": "app.videodata", "pk": 1283}, {"fields": {"appear_time": "2015-04-20T06:01:06.666Z", "speed": 10.452991854586088, "data_relation": 15, "go_to": 0}, "model": "app.videodata", "pk": 1284}, {"fields": {"appear_time": "2015-04-20T06:01:12.083Z", "speed": 19.740502991064613, "data_relation": 16, "go_to": 1}, "model": "app.videodata", "pk": 1285}, {"fields": {"appear_time": "2015-04-20T06:01:12.083Z", "speed": 19.740502991064613, "data_relation": 15, "go_to": 1}, "model": "app.videodata", "pk": 1286}, {"fields": {"appear_time": "2015-04-20T06:01:13.750Z", "speed": 6.1645048230658315, "data_relation": 16, "go_to": 0}, "model": "app.videodata", "pk": 1287}, {"fields": {"appear_time": "2015-04-20T06:01:13.750Z", "speed": 6.049862785332764, "data_relation": 15, "go_to": 0}, "model": "app.videodata", "pk": 1288}, {"fields": {"appear_time": "2015-04-20T06:01:30.416Z", "speed": 18.888314597426955, "data_relation": 15, "go_to": 0}, "model": "app.videodata", "pk": 1289}, {"fields": {"appear_time": "2015-04-20T06:01:30.416Z", "speed": 18.888314597426955, "data_relation": 16, "go_to": 0}, "model": "app.videodata", "pk": 1290}, {"fields": {"appear_time": "2015-04-20T06:01:33.541Z", "speed": 16.757957401725434, "data_relation": 16, "go_to": 1}, "model": "app.videodata", "pk": 1291}, {"fields": {"appear_time": "2015-04-20T06:01:33.541Z", "speed": 16.757957401725434, "data_relation": 15, "go_to": 1}, "model": "app.videodata", "pk": 1292}, {"fields": {"appear_time": "2015-04-20T06:01:39.583Z", "speed": 14.497833713779539, "data_relation": 16, "go_to": 1}, "model": "app.videodata", "pk": 1293}, {"fields": {"appear_time": "2015-04-20T06:01:39.583Z", "speed": 14.341042717177427, "data_relation": 15, "go_to": 1}, "model": "app.videodata", "pk": 1294}, {"fields": {"appear_time": "2015-04-20T06:01:44.583Z", "speed": 18.06153949635879, "data_relation": 16, "go_to": 1}, "model": "app.videodata", "pk": 1295}, {"fields": {"appear_time": "2015-04-20T06:01:44.583Z", "speed": 18.06153949635879, "data_relation": 15, "go_to": 1}, "model": "app.videodata", "pk": 1296}, {"fields": {"appear_time": "2015-04-20T06:01:50.416Z", "speed": 12.828150720595287, "data_relation": 15, "go_to": 1}, "model": "app.videodata", "pk": 1297}, {"fields": {"appear_time": "2015-04-20T06:01:50.416Z", "speed": 12.828150720595287, "data_relation": 16, "go_to": 1}, "model": "app.videodata", "pk": 1298}, {"fields": {"appear_time": "2015-04-20T06:01:52.500Z", "speed": 16.435122205912137, "data_relation": 15, "go_to": 1}, "model": "app.videodata", "pk": 1299}, {"fields": {"appear_time": "2015-04-20T06:01:52.500Z", "speed": 16.435122205912137, "data_relation": 16, "go_to": 1}, "model": "app.videodata", "pk": 1300}, {"fields": {"appear_time": "2015-04-20T06:01:58.333Z", "speed": 24.118408345601182, "data_relation": 15, "go_to": 1}, "model": "app.videodata", "pk": 1301}, {"fields": {"appear_time": "2015-04-20T06:01:58.333Z", "speed": 24.118408345601182, "data_relation": 16, "go_to": 1}, "model": "app.videodata", "pk": 1302}, {"fields": {"appear_time": "2015-04-20T06:02:02.083Z", "speed": 7.126545776974109, "data_relation": 15, "go_to": 1}, "model": "app.videodata", "pk": 1303}, {"fields": {"appear_time": "2015-04-20T06:02:02.083Z", "speed": 7.126545776974109, "data_relation": 16, "go_to": 1}, "model": "app.videodata", "pk": 1304}, {"fields": {"appear_time": "2015-04-20T06:02:04.791Z", "speed": 4.578100389543241, "data_relation": 15, "go_to": 1}, "model": "app.videodata", "pk": 1305}, {"fields": {"appear_time": "2015-04-20T06:02:04.791Z", "speed": 4.578100389543241, "data_relation": 16, "go_to": 1}, "model": "app.videodata", "pk": 1306}, {"fields": {"appear_time": "2015-04-20T06:02:07.500Z", "speed": 15.99443988525919, "data_relation": 15, "go_to": 1}, "model": "app.videodata", "pk": 1307}, {"fields": {"appear_time": "2015-04-20T06:02:07.500Z", "speed": 16.53716343583561, "data_relation": 16, "go_to": 1}, "model": "app.videodata", "pk": 1308}, {"fields": {"appear_time": "2015-04-20T06:02:14.791Z", "speed": 16.76636397345262, "data_relation": 15, "go_to": 1}, "model": "app.videodata", "pk": 1309}, {"fields": {"appear_time": "2015-04-20T06:02:14.791Z", "speed": 16.76636397345262, "data_relation": 16, "go_to": 1}, "model": "app.videodata", "pk": 1310}, {"fields": {"appear_time": "2015-04-20T06:02:16.458Z", "speed": 1.4304333480212612, "data_relation": 15, "go_to": 0}, "model": "app.videodata", "pk": 1311}, {"fields": {"appear_time": "2015-04-20T06:02:16.458Z", "speed": 1.4304333480212612, "data_relation": 16, "go_to": 0}, "model": "app.videodata", "pk": 1312}, {"fields": {"appear_time": "2015-04-20T06:02:25.208Z", "speed": 9.834575738268832, "data_relation": 16, "go_to": 1}, "model": "app.videodata", "pk": 1313}, {"fields": {"appear_time": "2015-04-20T06:02:25.208Z", "speed": 9.834575738268832, "data_relation": 15, "go_to": 1}, "model": "app.videodata", "pk": 1314}, {"fields": {"appear_time": "2015-04-20T06:02:29.166Z", "speed": 12.03615994479777, "data_relation": 16, "go_to": 1}, "model": "app.videodata", "pk": 1315}, {"fields": {"appear_time": "2015-04-20T06:02:29.166Z", "speed": 12.03615994479777, "data_relation": 15, "go_to": 1}, "model": "app.videodata", "pk": 1316}, {"fields": {"appear_time": "2015-04-20T06:02:41.250Z", "speed": 5.709343322110147, "data_relation": 16, "go_to": 1}, "model": "app.videodata", "pk": 1317}, {"fields": {"appear_time": "2015-04-20T06:02:41.250Z", "speed": 5.709343322110147, "data_relation": 15, "go_to": 1}, "model": "app.videodata", "pk": 1318}, {"fields": {"appear_time": "2015-04-20T06:02:50Z", "speed": 7.831566427012477, "data_relation": 16, "go_to": 1}, "model": "app.videodata", "pk": 1319}, {"fields": {"appear_time": "2015-04-20T06:02:50Z", "speed": 7.831566427012477, "data_relation": 15, "go_to": 1}, "model": "app.videodata", "pk": 1320}, {"fields": {"appear_time": "2015-04-20T06:02:56.041Z", "speed": 8.64801592325747, "data_relation": 16, "go_to": 1}, "model": "app.videodata", "pk": 1321}, {"fields": {"appear_time": "2015-04-20T06:02:56.041Z", "speed": 8.64801592325747, "data_relation": 15, "go_to": 1}, "model": "app.videodata", "pk": 1322}, {"fields": {"appear_time": "2015-04-20T06:02:56.250Z", "speed": 6.722295092037966, "data_relation": 16, "go_to": 0}, "model": "app.videodata", "pk": 1323}, {"fields": {"appear_time": "2015-04-20T06:02:56.250Z", "speed": 6.722295092037966, "data_relation": 15, "go_to": 0}, "model": "app.videodata", "pk": 1324}, {"fields": {"appear_time": "2015-04-20T06:02:59.375Z", "speed": 11.979255867387714, "data_relation": 15, "go_to": 1}, "model": "app.videodata", "pk": 1325}, {"fields": {"appear_time": "2015-04-20T06:02:59.375Z", "speed": 11.979255867387714, "data_relation": 16, "go_to": 1}, "model": "app.videodata", "pk": 1326}, {"fields": {"appear_time": "2015-04-20T06:03:05.208Z", "speed": 12.844812491011597, "data_relation": 15, "go_to": 1}, "model": "app.videodata", "pk": 1327}, {"fields": {"appear_time": "2015-04-20T06:03:05.208Z", "speed": 13.162863094999272, "data_relation": 16, "go_to": 1}, "model": "app.videodata", "pk": 1328}, {"fields": {"appear_time": "2015-04-20T06:03:07.916Z", "speed": 15.713805691856601, "data_relation": 15, "go_to": 1}, "model": "app.videodata", "pk": 1329}, {"fields": {"appear_time": "2015-04-20T06:03:07.916Z", "speed": 15.713805691856601, "data_relation": 16, "go_to": 1}, "model": "app.videodata", "pk": 1330}, {"fields": {"appear_time": "2015-04-20T06:03:08.958Z", "speed": 27.65256837700307, "data_relation": 16, "go_to": 0}, "model": "app.videodata", "pk": 1331}, {"fields": {"appear_time": "2015-04-20T06:03:08.958Z", "speed": 27.65256837700307, "data_relation": 15, "go_to": 0}, "model": "app.videodata", "pk": 1332}, {"fields": {"appear_time": "2015-04-20T06:03:11.041Z", "speed": 16.821647458037155, "data_relation": 16, "go_to": 1}, "model": "app.videodata", "pk": 1333}, {"fields": {"appear_time": "2015-04-20T06:03:11.041Z", "speed": 16.821647458037155, "data_relation": 15, "go_to": 1}, "model": "app.videodata", "pk": 1334}, {"fields": {"appear_time": "2015-04-20T06:03:17.500Z", "speed": 13.976463657326107, "data_relation": 16, "go_to": 1}, "model": "app.videodata", "pk": 1335}, {"fields": {"appear_time": "2015-04-20T06:03:17.500Z", "speed": 14.04359927955287, "data_relation": 15, "go_to": 1}, "model": "app.videodata", "pk": 1336}, {"fields": {"appear_time": "2015-04-20T06:03:44.375Z", "speed": 7.023923679496124, "data_relation": 16, "go_to": 1}, "model": "app.videodata", "pk": 1337}, {"fields": {"appear_time": "2015-04-20T06:03:44.375Z", "speed": 7.023923679496124, "data_relation": 15, "go_to": 1}, "model": "app.videodata", "pk": 1338}, {"fields": {"appear_time": "2015-04-20T06:03:44.583Z", "speed": 1.6590249551907803, "data_relation": 16, "go_to": 1}, "model": "app.videodata", "pk": 1339}, {"fields": {"appear_time": "2015-04-20T06:03:44.583Z", "speed": 1.6590249551907803, "data_relation": 15, "go_to": 1}, "model": "app.videodata", "pk": 1340}, {"fields": {"appear_time": "2015-04-20T06:03:51.875Z", "speed": 14.666617902208447, "data_relation": 16, "go_to": 1}, "model": "app.videodata", "pk": 1341}, {"fields": {"appear_time": "2015-04-20T06:03:51.875Z", "speed": 14.666617902208447, "data_relation": 15, "go_to": 1}, "model": "app.videodata", "pk": 1342}, {"fields": {"appear_time": "2015-04-20T06:03:55.416Z", "speed": 14.760687482524476, "data_relation": 16, "go_to": 1}, "model": "app.videodata", "pk": 1343}, {"fields": {"appear_time": "2015-04-20T06:03:55.416Z", "speed": 14.760687482524476, "data_relation": 15, "go_to": 1}, "model": "app.videodata", "pk": 1344}, {"fields": {"appear_time": "2015-04-20T06:04:09.583Z", "speed": 6.403391211924211, "data_relation": 16, "go_to": 1}, "model": "app.videodata", "pk": 1345}, {"fields": {"appear_time": "2015-04-20T06:04:09.583Z", "speed": 6.403391211924211, "data_relation": 15, "go_to": 1}, "model": "app.videodata", "pk": 1346}, {"fields": {"appear_time": "2015-04-20T06:04:15.208Z", "speed": 2.130393170136511, "data_relation": 16, "go_to": 1}, "model": "app.videodata", "pk": 1347}, {"fields": {"appear_time": "2015-04-20T06:04:17.916Z", "speed": 8.12661838379484, "data_relation": 16, "go_to": 0}, "model": "app.videodata", "pk": 1348}, {"fields": {"appear_time": "2015-04-20T06:04:17.916Z", "speed": 8.12661838379484, "data_relation": 15, "go_to": 0}, "model": "app.videodata", "pk": 1349}, {"fields": {"appear_time": "2015-04-20T06:04:20.625Z", "speed": 4.978502804806801, "data_relation": 16, "go_to": 1}, "model": "app.videodata", "pk": 1350}, {"fields": {"appear_time": "2015-04-20T06:04:20.625Z", "speed": 4.978502804806801, "data_relation": 15, "go_to": 1}, "model": "app.videodata", "pk": 1351}, {"fields": {"appear_time": "2015-04-20T06:04:24.791Z", "speed": 11.195682873176125, "data_relation": 16, "go_to": 1}, "model": "app.videodata", "pk": 1352}, {"fields": {"appear_time": "2015-04-20T06:04:24.791Z", "speed": 11.195682873176125, "data_relation": 15, "go_to": 1}, "model": "app.videodata", "pk": 1353}, {"fields": {"appear_time": "2015-04-20T06:04:28.333Z", "speed": 12.434898798757752, "data_relation": 16, "go_to": 1}, "model": "app.videodata", "pk": 1354}, {"fields": {"appear_time": "2015-04-20T06:04:28.333Z", "speed": 12.434898798757752, "data_relation": 15, "go_to": 1}, "model": "app.videodata", "pk": 1355}, {"fields": {"appear_time": "2015-04-20T06:04:31.875Z", "speed": 13.962189209836017, "data_relation": 16, "go_to": 1}, "model": "app.videodata", "pk": 1356}, {"fields": {"appear_time": "2015-04-20T06:04:31.875Z", "speed": 13.962189209836017, "data_relation": 15, "go_to": 1}, "model": "app.videodata", "pk": 1357}, {"fields": {"appear_time": "2015-04-20T06:04:33.750Z", "speed": 14.685922909614376, "data_relation": 16, "go_to": 1}, "model": "app.videodata", "pk": 1358}, {"fields": {"appear_time": "2015-04-20T06:04:33.750Z", "speed": 14.685922909614376, "data_relation": 15, "go_to": 1}, "model": "app.videodata", "pk": 1359}, {"fields": {"appear_time": "2015-04-20T06:04:37.083Z", "speed": 7.69928907160568, "data_relation": 16, "go_to": 1}, "model": "app.videodata", "pk": 1360}, {"fields": {"appear_time": "2015-04-20T06:04:37.083Z", "speed": 7.69928907160568, "data_relation": 15, "go_to": 1}, "model": "app.videodata", "pk": 1361}, {"fields": {"appear_time": "2015-04-20T06:04:42.500Z", "speed": 12.321545539213567, "data_relation": 16, "go_to": 1}, "model": "app.videodata", "pk": 1362}, {"fields": {"appear_time": "2015-04-20T06:04:42.500Z", "speed": 12.321545539213567, "data_relation": 15, "go_to": 1}, "model": "app.videodata", "pk": 1363}, {"fields": {"appear_time": "2015-04-20T06:04:47.916Z", "speed": 12.120482784544189, "data_relation": 16, "go_to": 1}, "model": "app.videodata", "pk": 1364}, {"fields": {"appear_time": "2015-04-20T06:04:47.916Z", "speed": 12.120482784544189, "data_relation": 15, "go_to": 1}, "model": "app.videodata", "pk": 1365}, {"fields": {"appear_time": "2015-04-20T06:04:51.458Z", "speed": 15.139482712233434, "data_relation": 16, "go_to": 1}, "model": "app.videodata", "pk": 1366}, {"fields": {"appear_time": "2015-04-20T06:04:51.666Z", "speed": 15.485864606198103, "data_relation": 15, "go_to": 1}, "model": "app.videodata", "pk": 1367}, {"fields": {"appear_time": "2015-04-20T06:04:55Z", "speed": 11.875880391415258, "data_relation": 16, "go_to": 0}, "model": "app.videodata", "pk": 1368}, {"fields": {"appear_time": "2015-04-20T06:04:55Z", "speed": 11.875880391415258, "data_relation": 15, "go_to": 0}, "model": "app.videodata", "pk": 1369}, {"fields": {"appear_time": "2015-04-20T06:04:55.208Z", "speed": 5.914225968627817, "data_relation": 16, "go_to": 0}, "model": "app.videodata", "pk": 1370}, {"fields": {"appear_time": "2015-04-20T06:04:55.208Z", "speed": 5.914225968627817, "data_relation": 15, "go_to": 0}, "model": "app.videodata", "pk": 1371}, {"fields": {"appear_time": "2015-04-20T06:04:56.458Z", "speed": 9.664652608657724, "data_relation": 16, "go_to": 1}, "model": "app.videodata", "pk": 1372}, {"fields": {"appear_time": "2015-04-20T06:04:56.458Z", "speed": 9.664652608657724, "data_relation": 15, "go_to": 1}, "model": "app.videodata", "pk": 1373}, {"fields": {"appear_time": "2015-04-20T06:04:59.375Z", "speed": 16.185018747117596, "data_relation": 16, "go_to": 1}, "model": "app.videodata", "pk": 1374}, {"fields": {"appear_time": "2015-04-20T06:04:59.375Z", "speed": 16.185018747117596, "data_relation": 15, "go_to": 1}, "model": "app.videodata", "pk": 1375}, {"fields": {"appear_time": "2015-04-20T06:05:03.750Z", "speed": 11.430367414522186, "data_relation": 16, "go_to": 1}, "model": "app.videodata", "pk": 1376}, {"fields": {"appear_time": "2015-04-20T06:05:03.750Z", "speed": 11.430367414522186, "data_relation": 15, "go_to": 1}, "model": "app.videodata", "pk": 1377}, {"fields": {"appear_time": "2015-04-20T06:05:08.125Z", "speed": 15.79724543051117, "data_relation": 16, "go_to": 1}, "model": "app.videodata", "pk": 1378}, {"fields": {"appear_time": "2015-04-20T06:05:08.125Z", "speed": 15.402480928811137, "data_relation": 15, "go_to": 1}, "model": "app.videodata", "pk": 1379}, {"fields": {"appear_time": "2015-04-20T06:05:10.625Z", "speed": 19.10185962674723, "data_relation": 16, "go_to": 1}, "model": "app.videodata", "pk": 1380}, {"fields": {"appear_time": "2015-04-20T06:05:10.625Z", "speed": 19.10185962674723, "data_relation": 15, "go_to": 1}, "model": "app.videodata", "pk": 1381}, {"fields": {"appear_time": "2015-04-20T06:05:12.916Z", "speed": 20.748039395741962, "data_relation": 16, "go_to": 1}, "model": "app.videodata", "pk": 1382}, {"fields": {"appear_time": "2015-04-20T06:05:12.916Z", "speed": 20.748039395741962, "data_relation": 15, "go_to": 1}, "model": "app.videodata", "pk": 1383}, {"fields": {"appear_time": "2015-04-20T06:05:15.625Z", "speed": 18.523506799577667, "data_relation": 16, "go_to": 1}, "model": "app.videodata", "pk": 1384}, {"fields": {"appear_time": "2015-04-20T06:05:28.125Z", "speed": 21.639305115967783, "data_relation": 15, "go_to": 1}, "model": "app.videodata", "pk": 1385}, {"fields": {"appear_time": "2015-04-20T06:05:28.125Z", "speed": 21.639305115967783, "data_relation": 16, "go_to": 1}, "model": "app.videodata", "pk": 1386}, {"fields": {"appear_time": "2015-04-20T06:05:40.625Z", "speed": 14.706112905474217, "data_relation": 15, "go_to": 1}, "model": "app.videodata", "pk": 1387}, {"fields": {"appear_time": "2015-04-20T06:05:40.625Z", "speed": 14.706112905474217, "data_relation": 16, "go_to": 1}, "model": "app.videodata", "pk": 1388}, {"fields": {"appear_time": "2015-04-20T06:05:41.666Z", "speed": 15.686933967556985, "data_relation": 16, "go_to": 1}, "model": "app.videodata", "pk": 1389}, {"fields": {"appear_time": "2015-04-20T06:05:41.666Z", "speed": 15.686933967556985, "data_relation": 15, "go_to": 1}, "model": "app.videodata", "pk": 1390}, {"fields": {"appear_time": "2015-04-20T06:05:48.125Z", "speed": 15.245064914843505, "data_relation": 16, "go_to": 1}, "model": "app.videodata", "pk": 1391}, {"fields": {"appear_time": "2015-04-20T06:05:48.125Z", "speed": 15.245064914843505, "data_relation": 15, "go_to": 1}, "model": "app.videodata", "pk": 1392}, {"fields": {"appear_time": "2015-04-20T06:05:58.541Z", "speed": 15.803991698943642, "data_relation": 16, "go_to": 1}, "model": "app.videodata", "pk": 1393}, {"fields": {"appear_time": "2015-04-20T06:05:58.750Z", "speed": 16.649216492628312, "data_relation": 15, "go_to": 1}, "model": "app.videodata", "pk": 1394}, {"fields": {"appear_time": "2015-04-20T06:06:11.250Z", "speed": 7.5008213449251375, "data_relation": 16, "go_to": 1}, "model": "app.videodata", "pk": 1395}, {"fields": {"appear_time": "2015-04-20T06:06:11.250Z", "speed": 7.5008213449251375, "data_relation": 15, "go_to": 1}, "model": "app.videodata", "pk": 1396}, {"fields": {"appear_time": "2015-04-20T06:06:21.666Z", "speed": 21.835184385627034, "data_relation": 16, "go_to": 1}, "model": "app.videodata", "pk": 1397}, {"fields": {"appear_time": "2015-04-20T06:06:21.666Z", "speed": 21.835184385627034, "data_relation": 15, "go_to": 1}, "model": "app.videodata", "pk": 1398}, {"fields": {"appear_time": "2015-04-20T06:06:24.583Z", "speed": 19.273967825841066, "data_relation": 16, "go_to": 1}, "model": "app.videodata", "pk": 1399}, {"fields": {"appear_time": "2015-04-20T06:06:24.583Z", "speed": 19.273967825841066, "data_relation": 15, "go_to": 1}, "model": "app.videodata", "pk": 1400}, {"fields": {"appear_time": "2015-04-20T06:06:29.583Z", "speed": 9.238593846269598, "data_relation": 16, "go_to": 1}, "model": "app.videodata", "pk": 1401}, {"fields": {"appear_time": "2015-04-20T06:06:29.583Z", "speed": 9.000304649272236, "data_relation": 15, "go_to": 1}, "model": "app.videodata", "pk": 1402}, {"fields": {"appear_time": "2015-04-20T06:06:35.416Z", "speed": 12.402125699095697, "data_relation": 16, "go_to": 1}, "model": "app.videodata", "pk": 1403}, {"fields": {"appear_time": "2015-04-20T06:06:35.416Z", "speed": 12.402125699095697, "data_relation": 15, "go_to": 1}, "model": "app.videodata", "pk": 1404}, {"fields": {"appear_time": "2015-04-20T06:06:42.500Z", "speed": 15.564763105746712, "data_relation": 16, "go_to": 0}, "model": "app.videodata", "pk": 1405}, {"fields": {"appear_time": "2015-04-20T06:06:42.500Z", "speed": 15.564763105746712, "data_relation": 15, "go_to": 0}, "model": "app.videodata", "pk": 1406}, {"fields": {"appear_time": "2015-04-20T06:07:05.833Z", "speed": 9.315887802327051, "data_relation": 16, "go_to": 1}, "model": "app.videodata", "pk": 1407}, {"fields": {"appear_time": "2015-04-20T06:07:05.833Z", "speed": 9.315887802327051, "data_relation": 15, "go_to": 1}, "model": "app.videodata", "pk": 1408}, {"fields": {"appear_time": "2015-04-20T06:07:21.250Z", "speed": 20.235226705620455, "data_relation": 16, "go_to": 1}, "model": "app.videodata", "pk": 1409}, {"fields": {"appear_time": "2015-04-20T06:07:21.250Z", "speed": 20.235226705620455, "data_relation": 15, "go_to": 1}, "model": "app.videodata", "pk": 1410}, {"fields": {"appear_time": "2015-04-20T06:07:31.458Z", "speed": 0.32774527675277204, "data_relation": 16, "go_to": 0}, "model": "app.videodata", "pk": 1411}, {"fields": {"appear_time": "2015-04-20T06:07:31.458Z", "speed": 0.32774527675277204, "data_relation": 15, "go_to": 0}, "model": "app.videodata", "pk": 1412}, {"fields": {"appear_time": "2015-04-20T06:07:35.625Z", "speed": 15.141754824311741, "data_relation": 16, "go_to": 0}, "model": "app.videodata", "pk": 1413}, {"fields": {"appear_time": "2015-04-20T06:07:35.625Z", "speed": 15.141754824311741, "data_relation": 15, "go_to": 0}, "model": "app.videodata", "pk": 1414}, {"fields": {"appear_time": "2015-04-20T06:07:37.916Z", "speed": 14.105937270762325, "data_relation": 16, "go_to": 1}, "model": "app.videodata", "pk": 1415}, {"fields": {"appear_time": "2015-04-20T06:07:37.916Z", "speed": 14.105937270762325, "data_relation": 15, "go_to": 1}, "model": "app.videodata", "pk": 1416}, {"fields": {"appear_time": "2015-04-20T06:07:47.083Z", "speed": 0.349226447206622, "data_relation": 16, "go_to": 0}, "model": "app.videodata", "pk": 1417}, {"fields": {"appear_time": "2015-04-20T06:07:47.291Z", "speed": 2.565584837609233, "data_relation": 16, "go_to": 0}, "model": "app.videodata", "pk": 1418}, {"fields": {"appear_time": "2015-04-20T06:07:47.083Z", "speed": 0.349226447206622, "data_relation": 15, "go_to": 0}, "model": "app.videodata", "pk": 1419}, {"fields": {"appear_time": "2015-04-20T06:07:47.291Z", "speed": 2.565584837609233, "data_relation": 15, "go_to": 0}, "model": "app.videodata", "pk": 1420}, {"fields": {"appear_time": "2015-04-20T06:07:49.375Z", "speed": 12.96854350969638, "data_relation": 16, "go_to": 0}, "model": "app.videodata", "pk": 1421}, {"fields": {"appear_time": "2015-04-20T06:07:49.375Z", "speed": 12.96854350969638, "data_relation": 15, "go_to": 0}, "model": "app.videodata", "pk": 1422}, {"fields": {"appear_time": "2015-04-20T06:07:58.125Z", "speed": 15.886604692275876, "data_relation": 16, "go_to": 0}, "model": "app.videodata", "pk": 1423}, {"fields": {"appear_time": "2015-04-20T06:07:58.125Z", "speed": 15.886604692275876, "data_relation": 15, "go_to": 0}, "model": "app.videodata", "pk": 1424}, {"fields": {"appear_time": "2015-04-20T06:08:02.291Z", "speed": 18.599696938753233, "data_relation": 16, "go_to": 1}, "model": "app.videodata", "pk": 1425}, {"fields": {"appear_time": "2015-04-20T06:08:02.291Z", "speed": 18.599696938753233, "data_relation": 15, "go_to": 1}, "model": "app.videodata", "pk": 1426}, {"fields": {"appear_time": "2015-04-20T06:08:08.958Z", "speed": 20.669220119086756, "data_relation": 16, "go_to": 1}, "model": "app.videodata", "pk": 1427}, {"fields": {"appear_time": "2015-04-20T06:08:08.958Z", "speed": 20.669220119086756, "data_relation": 15, "go_to": 1}, "model": "app.videodata", "pk": 1428}, {"fields": {"appear_time": "2015-04-20T06:08:13.541Z", "speed": 9.981378403252199, "data_relation": 16, "go_to": 1}, "model": "app.videodata", "pk": 1429}, {"fields": {"appear_time": "2015-04-20T06:08:13.541Z", "speed": 9.764418556455334, "data_relation": 15, "go_to": 1}, "model": "app.videodata", "pk": 1430}, {"fields": {"appear_time": "2015-04-20T06:08:26.041Z", "speed": 12.557392052690954, "data_relation": 16, "go_to": 1}, "model": "app.videodata", "pk": 1431}, {"fields": {"appear_time": "2015-04-20T06:08:26.041Z", "speed": 12.557392052690954, "data_relation": 15, "go_to": 1}, "model": "app.videodata", "pk": 1432}, {"fields": {"appear_time": "2015-04-20T06:08:29.791Z", "speed": 14.118940851410208, "data_relation": 16, "go_to": 1}, "model": "app.videodata", "pk": 1433}, {"fields": {"appear_time": "2015-04-20T06:08:29.791Z", "speed": 14.118940851410208, "data_relation": 15, "go_to": 1}, "model": "app.videodata", "pk": 1434}, {"fields": {"appear_time": "2015-04-20T06:08:32.291Z", "speed": 16.174081926416836, "data_relation": 16, "go_to": 1}, "model": "app.videodata", "pk": 1435}, {"fields": {"appear_time": "2015-04-20T06:08:32.500Z", "speed": 16.190975025537416, "data_relation": 15, "go_to": 1}, "model": "app.videodata", "pk": 1436}, {"fields": {"appear_time": "2015-04-20T06:08:34.166Z", "speed": 18.248357208077472, "data_relation": 16, "go_to": 1}, "model": "app.videodata", "pk": 1437}, {"fields": {"appear_time": "2015-04-20T06:08:34.166Z", "speed": 18.248357208077472, "data_relation": 15, "go_to": 1}, "model": "app.videodata", "pk": 1438}, {"fields": {"appear_time": "2015-04-20T06:08:42.083Z", "speed": 10.160440829317537, "data_relation": 16, "go_to": 0}, "model": "app.videodata", "pk": 1439}, {"fields": {"appear_time": "2015-04-20T06:08:42.083Z", "speed": 10.160440829317537, "data_relation": 15, "go_to": 0}, "model": "app.videodata", "pk": 1440}, {"fields": {"appear_time": "2015-04-20T06:08:58.750Z", "speed": 14.014002713718662, "data_relation": 16, "go_to": 1}, "model": "app.videodata", "pk": 1441}, {"fields": {"appear_time": "2015-04-20T06:08:58.750Z", "speed": 14.014002713718662, "data_relation": 15, "go_to": 1}, "model": "app.videodata", "pk": 1442}, {"fields": {"appear_time": "2015-04-20T06:09:10.625Z", "speed": 4.5314190354683985, "data_relation": 16, "go_to": 1}, "model": "app.videodata", "pk": 1443}, {"fields": {"appear_time": "2015-04-20T06:09:10.625Z", "speed": 4.5314190354683985, "data_relation": 15, "go_to": 1}, "model": "app.videodata", "pk": 1444}, {"fields": {"appear_time": "2015-04-20T06:09:20.208Z", "speed": 10.770016308560725, "data_relation": 16, "go_to": 1}, "model": "app.videodata", "pk": 1445}, {"fields": {"appear_time": "2015-04-20T06:09:20.208Z", "speed": 10.468767707225211, "data_relation": 15, "go_to": 1}, "model": "app.videodata", "pk": 1446}, {"fields": {"appear_time": "2015-04-20T06:09:21.666Z", "speed": 8.916321158233512, "data_relation": 16, "go_to": 0}, "model": "app.videodata", "pk": 1447}, {"fields": {"appear_time": "2015-04-20T06:09:21.666Z", "speed": 8.916321158233512, "data_relation": 15, "go_to": 0}, "model": "app.videodata", "pk": 1448}, {"fields": {"appear_time": "2015-04-20T06:09:23.750Z", "speed": 15.230322342093336, "data_relation": 16, "go_to": 1}, "model": "app.videodata", "pk": 1449}, {"fields": {"appear_time": "2015-04-20T06:09:23.750Z", "speed": 15.230322342093336, "data_relation": 15, "go_to": 1}, "model": "app.videodata", "pk": 1450}, {"fields": {"appear_time": "2015-04-20T06:09:31.041Z", "speed": 14.061727643299124, "data_relation": 16, "go_to": 1}, "model": "app.videodata", "pk": 1451}, {"fields": {"appear_time": "2015-04-20T06:09:31.041Z", "speed": 14.061727643299124, "data_relation": 15, "go_to": 1}, "model": "app.videodata", "pk": 1452}, {"fields": {"appear_time": "2015-04-20T06:09:33.750Z", "speed": 8.726206040854485, "data_relation": 16, "go_to": 1}, "model": "app.videodata", "pk": 1453}, {"fields": {"appear_time": "2015-04-20T06:09:33.750Z", "speed": 8.726206040854485, "data_relation": 15, "go_to": 1}, "model": "app.videodata", "pk": 1454}, {"fields": {"appear_time": "2015-04-20T06:09:35Z", "speed": 18.52028368959872, "data_relation": 16, "go_to": 1}, "model": "app.videodata", "pk": 1455}, {"fields": {"appear_time": "2015-04-20T06:09:35Z", "speed": 18.52028368959872, "data_relation": 15, "go_to": 1}, "model": "app.videodata", "pk": 1456}, {"fields": {"appear_time": "2015-04-20T06:01:04.647Z", "speed": 53.588491077560455, "data_relation": 17, "go_to": 0}, "model": "app.videodata", "pk": 1457}, {"fields": {"appear_time": "2015-04-20T06:02:32.861Z", "speed": 39.73737241888783, "data_relation": 17, "go_to": 0}, "model": "app.videodata", "pk": 1458}, {"fields": {"appear_time": "2015-04-20T06:02:47.250Z", "speed": 65.48434713493123, "data_relation": 17, "go_to": 0}, "model": "app.videodata", "pk": 1459}, {"fields": {"appear_time": "2015-04-20T06:03:06.019Z", "speed": 32.019773214895956, "data_relation": 17, "go_to": 0}, "model": "app.videodata", "pk": 1460}, {"fields": {"appear_time": "2015-04-20T06:03:27.916Z", "speed": 51.66595764375207, "data_relation": 17, "go_to": 0}, "model": "app.videodata", "pk": 1461}, {"fields": {"appear_time": "2015-04-20T06:03:40.845Z", "speed": 48.00471285003488, "data_relation": 17, "go_to": 0}, "model": "app.videodata", "pk": 1462}, {"fields": {"appear_time": "2015-04-20T06:05:50.767Z", "speed": 47.44453883837077, "data_relation": 17, "go_to": 0}, "model": "app.videodata", "pk": 1463}, {"fields": {"appear_time": "2015-04-20T06:05:50.975Z", "speed": 33.718278604717035, "data_relation": 17, "go_to": 0}, "model": "app.videodata", "pk": 1464}, {"fields": {"appear_time": "2015-04-20T06:06:23.299Z", "speed": 7.482134937848282, "data_relation": 17, "go_to": 0}, "model": "app.videodata", "pk": 1465}, {"fields": {"appear_time": "2015-04-20T06:06:33.518Z", "speed": 12.456181465657306, "data_relation": 17, "go_to": 0}, "model": "app.videodata", "pk": 1466}, {"fields": {"appear_time": "2015-04-20T06:07:41.502Z", "speed": 44.767802542096895, "data_relation": 17, "go_to": 0}, "model": "app.videodata", "pk": 1467}, {"fields": {"appear_time": "2015-04-20T06:07:48.384Z", "speed": 41.23013059143467, "data_relation": 17, "go_to": 0}, "model": "app.videodata", "pk": 1468}, {"fields": {"appear_time": "2015-04-20T06:07:57.768Z", "speed": 56.72547592922301, "data_relation": 17, "go_to": 0}, "model": "app.videodata", "pk": 1469}, {"fields": {"appear_time": "2015-04-20T06:08:06.944Z", "speed": 40.04841017908771, "data_relation": 17, "go_to": 0}, "model": "app.videodata", "pk": 1470}, {"fields": {"appear_time": "2015-04-20T06:08:19.665Z", "speed": 41.98787595491601, "data_relation": 17, "go_to": 0}, "model": "app.videodata", "pk": 1471}, {"fields": {"appear_time": "2015-04-20T06:08:28.633Z", "speed": 47.27567684641461, "data_relation": 17, "go_to": 0}, "model": "app.videodata", "pk": 1472}, {"fields": {"appear_time": "2015-04-20T06:08:37.808Z", "speed": 48.31766692190755, "data_relation": 17, "go_to": 0}, "model": "app.videodata", "pk": 1473}, {"fields": {"appear_time": "2015-04-20T06:08:42.396Z", "speed": 35.542644938099166, "data_relation": 17, "go_to": 0}, "model": "app.videodata", "pk": 1474}, {"fields": {"appear_time": "2015-04-20T06:08:53.866Z", "speed": 37.03628868376551, "data_relation": 17, "go_to": 0}, "model": "app.videodata", "pk": 1475}, {"fields": {"appear_time": "2015-04-20T06:08:58.246Z", "speed": 51.94017808769607, "data_relation": 17, "go_to": 0}, "model": "app.videodata", "pk": 1476}, {"fields": {"status": "SUCCESS", "task_id": "dc0c51c5-6021-4745-8d67-3e94a198a039", "date_done": "2015-03-30T14:59:51.113Z", "traceback": null, "meta": "eJxrYKotZIzgYGBgSM7IzEkpSs2LLdYDADylBhk=", "result": null, "hidden": false}, "model": "djcelery.taskmeta", "pk": 1}, {"fields": {"status": "SUCCESS", "task_id": "97e25120-9a08-439e-b66c-e7209be1cb6d", "date_done": "2015-03-30T14:59:58.546Z", "traceback": null, "meta": "eJxrYKotZIzgYGBgSM7IzEkpSs2LLdYDADylBhk=", "result": null, "hidden": false}, "model": "djcelery.taskmeta", "pk": 2}, {"fields": {"status": "SUCCESS", "task_id": "cd333e9a-c7a9-4993-96c3-b147cd18d7b5", "date_done": "2015-03-30T15:03:55Z", "traceback": null, "meta": "eJxrYKotZIzgYGBgSM7IzEkpSs2LLdYDADylBhk=", "result": null, "hidden": false}, "model": "djcelery.taskmeta", "pk": 3}, {"fields": {"status": "SUCCESS", "task_id": "bb57bb48-fda3-4c8f-a55f-9540a87ed202", "date_done": "2015-03-30T15:04:18.827Z", "traceback": null, "meta": "eJxrYKotZIzgYGBgSM7IzEkpSs2LLdYDADylBhk=", "result": null, "hidden": false}, "model": "djcelery.taskmeta", "pk": 4}, {"fields": {"status": "SUCCESS", "task_id": "0c77efcc-d9da-4ebb-972c-c6a0130fcd34", "date_done": "2015-03-30T15:43:08.933Z", "traceback": null, "meta": "eJxrYKotZIzgYGBgSM7IzEkpSs2LLdYDADylBhk=", "result": null, "hidden": false}, "model": "djcelery.taskmeta", "pk": 5}, {"fields": {"status": "SUCCESS", "task_id": "0c9753ad-91ab-4f19-994f-70e603872e8b", "date_done": "2015-03-30T15:43:25.400Z", "traceback": null, "meta": "eJxrYKotZIzgYGBgSM7IzEkpSs2LLdYDADylBhk=", "result": null, "hidden": false}, "model": "djcelery.taskmeta", "pk": 6}, {"fields": {"status": "SUCCESS", "task_id": "63d1111a-59d8-4464-8487-e163209b3596", "date_done": "2015-04-09T16:50:20.765Z", "traceback": null, "meta": "eJxrYKotZIzgYGBgSM7IzEkpSs2LLdYDADylBhk=", "result": null, "hidden": false}, "model": "djcelery.taskmeta", "pk": 7}, {"fields": {"status": "SUCCESS", "task_id": "68ee68cc-b785-48e9-80ac-3a2306d9f7cc", "date_done": "2015-04-09T16:50:23.843Z", "traceback": null, "meta": "eJxrYKotZIzgYGBgSM7IzEkpSs2LLdYDADylBhk=", "result": null, "hidden": false}, "model": "djcelery.taskmeta", "pk": 8}, {"fields": {"status": "SUCCESS", "task_id": "aa36e42a-1216-4aca-ad4d-c10a81dec07f", "date_done": "2015-04-09T16:49:14.794Z", "traceback": null, "meta": "eJxrYKotZIzgYGBgSM7IzEkpSs2LLdYDADylBhk=", "result": null, "hidden": false}, "model": "djcelery.taskmeta", "pk": 9}, {"fields": {"status": "SUCCESS", "task_id": "d5609cda-d0d5-403f-9def-c05a2ba04370", "date_done": "2015-04-09T16:49:29.821Z", "traceback": null, "meta": "eJxrYKotZIzgYGBgSM7IzEkpSs2LLdYDADylBhk=", "result": null, "hidden": false}, "model": "djcelery.taskmeta", "pk": 10}, {"fields": {"status": "SUCCESS", "task_id": "269cdeb9-c247-4f7f-8f35-49781f244d8d", "date_done": "2015-04-09T16:49:34.828Z", "traceback": null, "meta": "eJxrYKotZIzgYGBgSM7IzEkpSs2LLdYDADylBhk=", "result": null, "hidden": false}, "model": "djcelery.taskmeta", "pk": 11}, {"fields": {"status": "SUCCESS", "task_id": "6adb792a-0273-4924-9216-25a1ca918d08", "date_done": "2015-04-09T16:55:10.183Z", "traceback": null, "meta": "eJxrYKotZIzgYGBgSM7IzEkpSs2LLdYDADylBhk=", "result": null, "hidden": false}, "model": "djcelery.taskmeta", "pk": 12}, {"fields": {"status": "SUCCESS", "task_id": "d0531c4e-fd97-4a4d-8a2e-5e1af2aaadc2", "date_done": "2015-04-09T16:55:15.314Z", "traceback": null, "meta": "eJxrYKotZIzgYGBgSM7IzEkpSs2LLdYDADylBhk=", "result": null, "hidden": false}, "model": "djcelery.taskmeta", "pk": 13}, {"fields": {"status": "SUCCESS", "task_id": "93012664-38ba-45f7-9bd3-7cd0c83ba8a9", "date_done": "2015-04-09T16:55:17.103Z", "traceback": null, "meta": "eJxrYKotZIzgYGBgSM7IzEkpSs2LLdYDADylBhk=", "result": null, "hidden": false}, "model": "djcelery.taskmeta", "pk": 14}, {"fields": {"status": "SUCCESS", "task_id": "3b47b01e-89d0-4a5c-99dd-27d8569c86d3", "date_done": "2015-04-09T16:58:54.876Z", "traceback": null, "meta": "eJxrYKotZIzgYGBgSM7IzEkpSs2LLdYDADylBhk=", "result": null, "hidden": false}, "model": "djcelery.taskmeta", "pk": 15}, {"fields": {"status": "SUCCESS", "task_id": "0698f17b-cea0-4783-8957-cfbded5453b6", "date_done": "2015-04-09T17:04:00.988Z", "traceback": null, "meta": "eJxrYKotZIzgYGBgSM7IzEkpSs2LLdYDADylBhk=", "result": null, "hidden": false}, "model": "djcelery.taskmeta", "pk": 16}, {"fields": {"status": "SUCCESS", "task_id": "aa3f39a6-be08-4a22-b708-0d68c31387b4", "date_done": "2015-04-09T17:04:05.781Z", "traceback": null, "meta": "eJxrYKotZIzgYGBgSM7IzEkpSs2LLdYDADylBhk=", "result": null, "hidden": false}, "model": "djcelery.taskmeta", "pk": 17}, {"fields": {"status": "SUCCESS", "task_id": "0f1bfc55-ddde-4fea-a7fe-e23e599bc253", "date_done": "2015-04-09T17:05:32.797Z", "traceback": null, "meta": "eJxrYKotZIzgYGBgSM7IzEkpSs2LLdYDADylBhk=", "result": null, "hidden": false}, "model": "djcelery.taskmeta", "pk": 18}, {"fields": {"status": "SUCCESS", "task_id": "e312a0dd-3976-4aec-80cc-709c5eaeb00a", "date_done": "2015-04-09T17:05:39.610Z", "traceback": null, "meta": "eJxrYKotZIzgYGBgSM7IzEkpSs2LLdYDADylBhk=", "result": null, "hidden": false}, "model": "djcelery.taskmeta", "pk": 19}, {"fields": {"status": "SUCCESS", "task_id": "7b8f5972-3b88-43ed-9211-7e905cfdc7fc", "date_done": "2015-04-09T17:09:42.504Z", "traceback": null, "meta": "eJxrYKotZIzgYGBgSM7IzEkpSs2LLdYDADylBhk=", "result": null, "hidden": false}, "model": "djcelery.taskmeta", "pk": 20}, {"fields": {"status": "SUCCESS", "task_id": "1492bcd4-002f-451f-8a25-3e56fa3184ad", "date_done": "2015-04-09T17:09:49.518Z", "traceback": null, "meta": "eJxrYKotZIzgYGBgSM7IzEkpSs2LLdYDADylBhk=", "result": null, "hidden": false}, "model": "djcelery.taskmeta", "pk": 21}, {"fields": {"status": "SUCCESS", "task_id": "687f45d8-4862-4f23-8310-f4aaeaad0804", "date_done": "2015-04-09T18:19:44.083Z", "traceback": null, "meta": "eJxrYKotZIzgYGBgSM7IzEkpSs2LLdYDADylBhk=", "result": null, "hidden": false}, "model": "djcelery.taskmeta", "pk": 22}, {"fields": {"status": "SUCCESS", "task_id": "824e2fb4-c8f1-46a1-b70b-4aafe1df0b94", "date_done": "2015-04-09T18:23:59.736Z", "traceback": null, "meta": "eJxrYKotZIzgYGBgSM7IzEkpSs2LLdYDADylBhk=", "result": null, "hidden": false}, "model": "djcelery.taskmeta", "pk": 23}, {"fields": {"status": "SUCCESS", "task_id": "eca9c7fc-444d-44db-92a0-492888b326e2", "date_done": "2015-04-19T14:11:24.471Z", "traceback": null, "meta": "eJxrYKotZIzgYGBgSM7IzEkpSs2LLdYDADylBhk=", "result": null, "hidden": false}, "model": "djcelery.taskmeta", "pk": 24}, {"fields": {"status": "SUCCESS", "task_id": "aa30d440-3bb3-49c9-800d-e98a928871b3", "date_done": "2015-04-19T14:14:40.833Z", "traceback": null, "meta": "eJxrYKotZIzgYGBgSM7IzEkpSs2LLdYDADylBhk=", "result": null, "hidden": false}, "model": "djcelery.taskmeta", "pk": 25}, {"fields": {"status": "SUCCESS", "task_id": "3758d072-29a2-44fd-ba93-67048e91e2a2", "date_done": "2015-04-19T14:23:36.768Z", "traceback": null, "meta": "eJxrYKotZIzgYGBgSM7IzEkpSs2LLdYDADylBhk=", "result": null, "hidden": false}, "model": "djcelery.taskmeta", "pk": 26}, {"fields": {"status": "SUCCESS", "task_id": "202b3961-9b23-41d5-8c92-fbf28de981ed", "date_done": "2015-04-19T14:29:18.512Z", "traceback": null, "meta": "eJxrYKotZIzgYGBgSM7IzEkpSs2LLdYDADylBhk=", "result": null, "hidden": false}, "model": "djcelery.taskmeta", "pk": 27}, {"fields": {"status": "FAILURE", "task_id": "7c10ec3f-2eb1-4318-94e7-6b448a60ac6c", "date_done": "2015-04-19T14:43:54.553Z", "traceback": "Traceback (most recent call last):\n  File \"/opt/local/Library/Frameworks/Python.framework/Versions/2.7/lib/python2.7/site-packages/celery/app/trace.py\", line 240, in trace_task\n    R = retval = fun(*args, **kwargs)\n  File \"/opt/local/Library/Frameworks/Python.framework/Versions/2.7/lib/python2.7/site-packages/celery/app/trace.py\", line 438, in __protected_call__\n    return self.run(*args, **kwargs)\n  File \"/Users/kunato/final_project/server/app/tasks.py\", line 22, in process\n    dataRelation = DataRelation.objects.get(camera=video.camera)\n  File \"/opt/local/Library/Frameworks/Python.framework/Versions/2.7/lib/python2.7/site-packages/django/db/models/manager.py\", line 92, in manager_method\n    return getattr(self.get_queryset(), name)(*args, **kwargs)\n  File \"/opt/local/Library/Frameworks/Python.framework/Versions/2.7/lib/python2.7/site-packages/django/db/models/query.py\", line 357, in get\n    self.model._meta.object_name)\nDoesNotExist: DataRelation matching query does not exist.\n", "meta": "eJxrYKotZIzgYGBgSM7IzEkpSs2LLdYDADylBhk=", "result": "gAJjZGphbmdvLmRiLm1vZGVscy5iYXNlCnVucGlja2xlX2lubmVyX2V4Y2VwdGlvbgpxAWNhcHAubW9kZWxzCkRhdGFSZWxhdGlvbgpxAlUMRG9lc05vdEV4aXN0cQOGUnEEVStEYXRhUmVsYXRpb24gbWF0Y2hpbmcgcXVlcnkgZG9lcyBub3QgZXhpc3QuhXEFYi4=", "hidden": false}, "model": "djcelery.taskmeta", "pk": 28}, {"fields": {"status": "SUCCESS", "task_id": "2c6f83aa-9211-4ab8-afd6-08aeda48e695", "date_done": "2015-04-19T14:47:16.709Z", "traceback": null, "meta": "eJxrYKotZIzgYGBgSM7IzEkpSs2LLdYDADylBhk=", "result": null, "hidden": false}, "model": "djcelery.taskmeta", "pk": 29}, {"fields": {"status": "SUCCESS", "task_id": "45faac5c-fc43-4e74-b0b3-16035bcb769d", "date_done": "2015-04-19T14:47:16.706Z", "traceback": null, "meta": "eJxrYKotZIzgYGBgSM7IzEkpSs2LLdYDADylBhk=", "result": null, "hidden": false}, "model": "djcelery.taskmeta", "pk": 30}, {"fields": {"status": "FAILURE", "task_id": "1d0c2f66-944e-46b5-9660-ceeaa34f153e", "date_done": "2015-04-19T14:51:51.992Z", "traceback": "Traceback (most recent call last):\n  File \"/opt/local/Library/Frameworks/Python.framework/Versions/2.7/lib/python2.7/site-packages/celery/app/trace.py\", line 240, in trace_task\n    R = retval = fun(*args, **kwargs)\n  File \"/opt/local/Library/Frameworks/Python.framework/Versions/2.7/lib/python2.7/site-packages/celery/app/trace.py\", line 438, in __protected_call__\n    return self.run(*args, **kwargs)\n  File \"/Users/kunato/final_project/server/app/tasks.py\", line 22, in process\n    dataRelation = DataRelation.objects.get(camera=video.camera)\n  File \"/opt/local/Library/Frameworks/Python.framework/Versions/2.7/lib/python2.7/site-packages/django/db/models/manager.py\", line 92, in manager_method\n    return getattr(self.get_queryset(), name)(*args, **kwargs)\n  File \"/opt/local/Library/Frameworks/Python.framework/Versions/2.7/lib/python2.7/site-packages/django/db/models/query.py\", line 357, in get\n    self.model._meta.object_name)\nDoesNotExist: DataRelation matching query does not exist.\n", "meta": "eJxrYKotZIzgYGBgSM7IzEkpSs2LLdYDADylBhk=", "result": "gAJjZGphbmdvLmRiLm1vZGVscy5iYXNlCnVucGlja2xlX2lubmVyX2V4Y2VwdGlvbgpxAWNhcHAubW9kZWxzCkRhdGFSZWxhdGlvbgpxAlUMRG9lc05vdEV4aXN0cQOGUnEEVStEYXRhUmVsYXRpb24gbWF0Y2hpbmcgcXVlcnkgZG9lcyBub3QgZXhpc3QuhXEFYi4=", "hidden": false}, "model": "djcelery.taskmeta", "pk": 31}, {"fields": {"status": "FAILURE", "task_id": "4bf3bb5d-dfe4-402f-b37e-75ef12dc917b", "date_done": "2015-04-19T14:53:22.108Z", "traceback": "Traceback (most recent call last):\n  File \"/opt/local/Library/Frameworks/Python.framework/Versions/2.7/lib/python2.7/site-packages/celery/app/trace.py\", line 240, in trace_task\n    R = retval = fun(*args, **kwargs)\n  File \"/opt/local/Library/Frameworks/Python.framework/Versions/2.7/lib/python2.7/site-packages/celery/app/trace.py\", line 438, in __protected_call__\n    return self.run(*args, **kwargs)\n  File \"/Users/kunato/final_project/server/app/tasks.py\", line 22, in process\n    #get data\n  File \"/opt/local/Library/Frameworks/Python.framework/Versions/2.7/lib/python2.7/site-packages/django/db/models/manager.py\", line 92, in manager_method\n    return getattr(self.get_queryset(), name)(*args, **kwargs)\n  File \"/opt/local/Library/Frameworks/Python.framework/Versions/2.7/lib/python2.7/site-packages/django/db/models/query.py\", line 357, in get\n    self.model._meta.object_name)\nDoesNotExist: DataRelation matching query does not exist.\n", "meta": "eJxrYKotZIzgYGBgSM7IzEkpSs2LLdYDADylBhk=", "result": "gAJjZGphbmdvLmRiLm1vZGVscy5iYXNlCnVucGlja2xlX2lubmVyX2V4Y2VwdGlvbgpxAWNhcHAubW9kZWxzCkRhdGFSZWxhdGlvbgpxAlUMRG9lc05vdEV4aXN0cQOGUnEEVStEYXRhUmVsYXRpb24gbWF0Y2hpbmcgcXVlcnkgZG9lcyBub3QgZXhpc3QuhXEFYi4=", "hidden": false}, "model": "djcelery.taskmeta", "pk": 32}, {"fields": {"status": "SUCCESS", "task_id": "aa182ecc-00fb-4d68-9b43-b40eb16aa1a0", "date_done": "2015-04-19T14:54:27.514Z", "traceback": null, "meta": "eJxrYKotZIzgYGBgSM7IzEkpSs2LLdYDADylBhk=", "result": null, "hidden": false}, "model": "djcelery.taskmeta", "pk": 33}, {"fields": {"status": "FAILURE", "task_id": "288a74cc-c048-4211-94a6-f4ff5af43d1d", "date_done": "2015-04-19T14:55:17.533Z", "traceback": "Traceback (most recent call last):\n  File \"/opt/local/Library/Frameworks/Python.framework/Versions/2.7/lib/python2.7/site-packages/celery/app/trace.py\", line 240, in trace_task\n    R = retval = fun(*args, **kwargs)\n  File \"/opt/local/Library/Frameworks/Python.framework/Versions/2.7/lib/python2.7/site-packages/celery/app/trace.py\", line 438, in __protected_call__\n    return self.run(*args, **kwargs)\n  File \"/Users/kunato/final_project/server/app/tasks.py\", line 23, in process\n    dataRelation = DataRelation.objects.get(camera=video.camera)\n  File \"/opt/local/Library/Frameworks/Python.framework/Versions/2.7/lib/python2.7/site-packages/django/db/models/manager.py\", line 92, in manager_method\n    return getattr(self.get_queryset(), name)(*args, **kwargs)\n  File \"/opt/local/Library/Frameworks/Python.framework/Versions/2.7/lib/python2.7/site-packages/django/db/models/query.py\", line 357, in get\n    self.model._meta.object_name)\nDoesNotExist: DataRelation matching query does not exist.\n", "meta": "eJxrYKotZIzgYGBgSM7IzEkpSs2LLdYDADylBhk=", "result": "gAJjZGphbmdvLmRiLm1vZGVscy5iYXNlCnVucGlja2xlX2lubmVyX2V4Y2VwdGlvbgpxAWNhcHAubW9kZWxzCkRhdGFSZWxhdGlvbgpxAlUMRG9lc05vdEV4aXN0cQOGUnEEVStEYXRhUmVsYXRpb24gbWF0Y2hpbmcgcXVlcnkgZG9lcyBub3QgZXhpc3QuhXEFYi4=", "hidden": false}, "model": "djcelery.taskmeta", "pk": 34}, {"fields": {"status": "SUCCESS", "task_id": "2b8626db-dc15-49ab-b046-923f8ad91b4c", "date_done": "2015-04-19T14:56:27.680Z", "traceback": null, "meta": "eJxrYKotZIzgYGBgSM7IzEkpSs2LLdYDADylBhk=", "result": null, "hidden": false}, "model": "djcelery.taskmeta", "pk": 35}, {"fields": {"status": "FAILURE", "task_id": "ca895c11-f4da-4b45-b4bd-6a459323c13f", "date_done": "2015-04-19T14:56:32.628Z", "traceback": "Traceback (most recent call last):\n  File \"/opt/local/Library/Frameworks/Python.framework/Versions/2.7/lib/python2.7/site-packages/celery/app/trace.py\", line 240, in trace_task\n    R = retval = fun(*args, **kwargs)\n  File \"/opt/local/Library/Frameworks/Python.framework/Versions/2.7/lib/python2.7/site-packages/celery/app/trace.py\", line 438, in __protected_call__\n    return self.run(*args, **kwargs)\n  File \"/Users/kunato/final_project/server/app/tasks.py\", line 23, in process\n    dataRelation = DataRelation.objects.get(camera=video.camera)\n  File \"/opt/local/Library/Frameworks/Python.framework/Versions/2.7/lib/python2.7/site-packages/django/db/models/manager.py\", line 92, in manager_method\n    return getattr(self.get_queryset(), name)(*args, **kwargs)\n  File \"/opt/local/Library/Frameworks/Python.framework/Versions/2.7/lib/python2.7/site-packages/django/db/models/query.py\", line 357, in get\n    self.model._meta.object_name)\nDoesNotExist: DataRelation matching query does not exist.\n", "meta": "eJxrYKotZIzgYGBgSM7IzEkpSs2LLdYDADylBhk=", "result": "gAJjZGphbmdvLmRiLm1vZGVscy5iYXNlCnVucGlja2xlX2lubmVyX2V4Y2VwdGlvbgpxAWNhcHAubW9kZWxzCkRhdGFSZWxhdGlvbgpxAlUMRG9lc05vdEV4aXN0cQOGUnEEVStEYXRhUmVsYXRpb24gbWF0Y2hpbmcgcXVlcnkgZG9lcyBub3QgZXhpc3QuhXEFYi4=", "hidden": false}, "model": "djcelery.taskmeta", "pk": 36}, {"fields": {"status": "SUCCESS", "task_id": "b9f62c91-a110-4e3b-b93d-a1f931d8f93a", "date_done": "2015-04-19T15:12:21.614Z", "traceback": null, "meta": "eJxrYKotZIzgYGBgSM7IzEkpSs2LLdYDADylBhk=", "result": null, "hidden": false}, "model": "djcelery.taskmeta", "pk": 37}, {"fields": {"status": "SUCCESS", "task_id": "3ed8dbd1-b7e2-46aa-85de-607e8345803e", "date_done": "2015-04-19T15:17:24.315Z", "traceback": null, "meta": "eJxrYKotZIzgYGBgSM7IzEkpSs2LLdYDADylBhk=", "result": null, "hidden": false}, "model": "djcelery.taskmeta", "pk": 38}, {"fields": {"status": "FAILURE", "task_id": "d2c7fb8b-766a-4d3f-be61-4286c3fb718c", "date_done": "2015-04-19T15:18:44.379Z", "traceback": "Traceback (most recent call last):\n  File \"/opt/local/Library/Frameworks/Python.framework/Versions/2.7/lib/python2.7/site-packages/celery/app/trace.py\", line 240, in trace_task\n    R = retval = fun(*args, **kwargs)\n  File \"/opt/local/Library/Frameworks/Python.framework/Versions/2.7/lib/python2.7/site-packages/celery/app/trace.py\", line 438, in __protected_call__\n    return self.run(*args, **kwargs)\n  File \"/Users/kunato/final_project/server/app/tasks.py\", line 25, in process\n    tracking.process(video,dataRelation)\n  File \"/Users/kunato/final_project/server/app/tracking.py\", line 100, in process\n    startdate = dateutil.parser.parse(video.start_time)\n  File \"/opt/local/Library/Frameworks/Python.framework/Versions/2.7/lib/python2.7/site-packages/dateutil/parser.py\", line 748, in parse\n    return DEFAULTPARSER.parse(timestr, **kwargs)\n  File \"/opt/local/Library/Frameworks/Python.framework/Versions/2.7/lib/python2.7/site-packages/dateutil/parser.py\", line 310, in parse\n    res, skipped_tokens = self._parse(timestr, **kwargs)\n  File \"/opt/local/Library/Frameworks/Python.framework/Versions/2.7/lib/python2.7/site-packages/dateutil/parser.py\", line 366, in _parse\n    l = _timelex.split(timestr)\n  File \"/opt/local/Library/Frameworks/Python.framework/Versions/2.7/lib/python2.7/site-packages/dateutil/parser.py\", line 150, in split\n    return list(cls(s))\n  File \"/opt/local/Library/Frameworks/Python.framework/Versions/2.7/lib/python2.7/site-packages/dateutil/parser.py\", line 147, in next\n    return self.__next__()  # Python 2.x support\n  File \"/opt/local/Library/Frameworks/Python.framework/Versions/2.7/lib/python2.7/site-packages/dateutil/parser.py\", line 141, in __next__\n    token = self.get_token()\n  File \"/opt/local/Library/Frameworks/Python.framework/Versions/2.7/lib/python2.7/site-packages/dateutil/parser.py\", line 72, in get_token\n    nextchar = self.instream.read(1)\nAttributeError: 'datetime.datetime' object has no attribute 'read'\n", "meta": "eJxrYKotZIzgYGBgSM7IzEkpSs2LLdYDADylBhk=", "result": "gAJjZXhjZXB0aW9ucwpBdHRyaWJ1dGVFcnJvcgpxAVUyJ2RhdGV0aW1lLmRhdGV0aW1lJyBvYmplY3QgaGFzIG5vIGF0dHJpYnV0ZSAncmVhZCdxAoVxA1JxBC4=", "hidden": false}, "model": "djcelery.taskmeta", "pk": 39}, {"fields": {"status": "FAILURE", "task_id": "87c24a9c-34be-4388-9706-dbd9bdad7f5b", "date_done": "2015-04-19T15:23:34.726Z", "traceback": "Traceback (most recent call last):\n  File \"/opt/local/Library/Frameworks/Python.framework/Versions/2.7/lib/python2.7/site-packages/celery/app/trace.py\", line 240, in trace_task\n    R = retval = fun(*args, **kwargs)\n  File \"/opt/local/Library/Frameworks/Python.framework/Versions/2.7/lib/python2.7/site-packages/celery/app/trace.py\", line 438, in __protected_call__\n    return self.run(*args, **kwargs)\n  File \"/Users/kunato/final_project/server/app/tasks.py\", line 25, in process\n    tracking.process(video,dataRelation)\n  File \"/Users/kunato/final_project/server/app/tracking.py\", line 100, in process\n    startdate = dateutil.parser.parse(video.start_time)\n  File \"/opt/local/Library/Frameworks/Python.framework/Versions/2.7/lib/python2.7/site-packages/dateutil/parser.py\", line 748, in parse\n    return DEFAULTPARSER.parse(timestr, **kwargs)\n  File \"/opt/local/Library/Frameworks/Python.framework/Versions/2.7/lib/python2.7/site-packages/dateutil/parser.py\", line 310, in parse\n    res, skipped_tokens = self._parse(timestr, **kwargs)\n  File \"/opt/local/Library/Frameworks/Python.framework/Versions/2.7/lib/python2.7/site-packages/dateutil/parser.py\", line 366, in _parse\n    l = _timelex.split(timestr)\n  File \"/opt/local/Library/Frameworks/Python.framework/Versions/2.7/lib/python2.7/site-packages/dateutil/parser.py\", line 150, in split\n    return list(cls(s))\n  File \"/opt/local/Library/Frameworks/Python.framework/Versions/2.7/lib/python2.7/site-packages/dateutil/parser.py\", line 147, in next\n    return self.__next__()  # Python 2.x support\n  File \"/opt/local/Library/Frameworks/Python.framework/Versions/2.7/lib/python2.7/site-packages/dateutil/parser.py\", line 141, in __next__\n    token = self.get_token()\n  File \"/opt/local/Library/Frameworks/Python.framework/Versions/2.7/lib/python2.7/site-packages/dateutil/parser.py\", line 72, in get_token\n    nextchar = self.instream.read(1)\nAttributeError: 'datetime.datetime' object has no attribute 'read'\n", "meta": "eJxrYKotZIzgYGBgSM7IzEkpSs2LLdYDADylBhk=", "result": "gAJjZXhjZXB0aW9ucwpBdHRyaWJ1dGVFcnJvcgpxAVUyJ2RhdGV0aW1lLmRhdGV0aW1lJyBvYmplY3QgaGFzIG5vIGF0dHJpYnV0ZSAncmVhZCdxAoVxA1JxBC4=", "hidden": false}, "model": "djcelery.taskmeta", "pk": 40}, {"fields": {"status": "FAILURE", "task_id": "3b972b89-8bdf-4d1b-89fa-737aaa6cb053", "date_done": "2015-04-19T15:26:12.890Z", "traceback": "Traceback (most recent call last):\n  File \"/opt/local/Library/Frameworks/Python.framework/Versions/2.7/lib/python2.7/site-packages/celery/app/trace.py\", line 240, in trace_task\n    R = retval = fun(*args, **kwargs)\n  File \"/opt/local/Library/Frameworks/Python.framework/Versions/2.7/lib/python2.7/site-packages/celery/app/trace.py\", line 438, in __protected_call__\n    return self.run(*args, **kwargs)\n  File \"/Users/kunato/final_project/server/app/tasks.py\", line 25, in process\n    tracking.process(video,dataRelation)\n  File \"/Users/kunato/final_project/server/app/tracking.py\", line 101, in process\n    startdate = dateutil.parser.parse(video.start_time)\n  File \"/opt/local/Library/Frameworks/Python.framework/Versions/2.7/lib/python2.7/site-packages/dateutil/parser.py\", line 748, in parse\n    return DEFAULTPARSER.parse(timestr, **kwargs)\n  File \"/opt/local/Library/Frameworks/Python.framework/Versions/2.7/lib/python2.7/site-packages/dateutil/parser.py\", line 310, in parse\n    res, skipped_tokens = self._parse(timestr, **kwargs)\n  File \"/opt/local/Library/Frameworks/Python.framework/Versions/2.7/lib/python2.7/site-packages/dateutil/parser.py\", line 366, in _parse\n    l = _timelex.split(timestr)\n  File \"/opt/local/Library/Frameworks/Python.framework/Versions/2.7/lib/python2.7/site-packages/dateutil/parser.py\", line 150, in split\n    return list(cls(s))\n  File \"/opt/local/Library/Frameworks/Python.framework/Versions/2.7/lib/python2.7/site-packages/dateutil/parser.py\", line 147, in next\n    return self.__next__()  # Python 2.x support\n  File \"/opt/local/Library/Frameworks/Python.framework/Versions/2.7/lib/python2.7/site-packages/dateutil/parser.py\", line 141, in __next__\n    token = self.get_token()\n  File \"/opt/local/Library/Frameworks/Python.framework/Versions/2.7/lib/python2.7/site-packages/dateutil/parser.py\", line 72, in get_token\n    nextchar = self.instream.read(1)\nAttributeError: 'datetime.datetime' object has no attribute 'read'\n", "meta": "eJxrYKotZIzgYGBgSM7IzEkpSs2LLdYDADylBhk=", "result": "gAJjZXhjZXB0aW9ucwpBdHRyaWJ1dGVFcnJvcgpxAVUyJ2RhdGV0aW1lLmRhdGV0aW1lJyBvYmplY3QgaGFzIG5vIGF0dHJpYnV0ZSAncmVhZCdxAoVxA1JxBC4=", "hidden": false}, "model": "djcelery.taskmeta", "pk": 41}, {"fields": {"status": "FAILURE", "task_id": "2bf4069c-6490-4e26-a3e3-530dcd0fb250", "date_done": "2015-04-19T15:28:12.679Z", "traceback": "Traceback (most recent call last):\n  File \"/opt/local/Library/Frameworks/Python.framework/Versions/2.7/lib/python2.7/site-packages/celery/app/trace.py\", line 240, in trace_task\n    R = retval = fun(*args, **kwargs)\n  File \"/opt/local/Library/Frameworks/Python.framework/Versions/2.7/lib/python2.7/site-packages/celery/app/trace.py\", line 438, in __protected_call__\n    return self.run(*args, **kwargs)\n  File \"/Users/kunato/final_project/server/app/tasks.py\", line 25, in process\n    tracking.process(video,dataRelation)\n  File \"/Users/kunato/final_project/server/app/tracking.py\", line 140, in process\n    time = startdate + datetime.timedelta(seconds=(frame_no/VIDEO_FPS))\nTypeError: coercing to Unicode: need string or buffer, datetime.timedelta found\n", "meta": "eJxrYKotZIzgYGBgSM7IzEkpSs2LLdYDADylBhk=", "result": "gAJjZXhjZXB0aW9ucwpUeXBlRXJyb3IKcQFVRGNvZXJjaW5nIHRvIFVuaWNvZGU6IG5lZWQgc3RyaW5nIG9yIGJ1ZmZlciwgZGF0ZXRpbWUudGltZWRlbHRhIGZvdW5kcQKFcQNScQQu", "hidden": false}, "model": "djcelery.taskmeta", "pk": 42}, {"fields": {"status": "SUCCESS", "task_id": "e980c745-1ec9-446d-b41c-4cfa3b5af066", "date_done": "2015-04-19T15:30:21.992Z", "traceback": null, "meta": "eJxrYKotZIzgYGBgSM7IzEkpSs2LLdYDADylBhk=", "result": null, "hidden": false}, "model": "djcelery.taskmeta", "pk": 43}, {"fields": {"status": "FAILURE", "task_id": "24999b5b-a406-4580-a295-8c0205de0c76", "date_done": "2015-04-19T15:30:07.498Z", "traceback": "Traceback (most recent call last):\n  File \"/opt/local/Library/Frameworks/Python.framework/Versions/2.7/lib/python2.7/site-packages/celery/app/trace.py\", line 240, in trace_task\n    R = retval = fun(*args, **kwargs)\n  File \"/opt/local/Library/Frameworks/Python.framework/Versions/2.7/lib/python2.7/site-packages/celery/app/trace.py\", line 438, in __protected_call__\n    return self.run(*args, **kwargs)\n  File \"/Users/kunato/final_project/server/app/tasks.py\", line 25, in process\n    tracking.process(video,dataRelation)\n  File \"/Users/kunato/final_project/server/app/tracking.py\", line 101, in process\n    startdate = dateutil.parser.parse(video.start_time)\n  File \"/opt/local/Library/Frameworks/Python.framework/Versions/2.7/lib/python2.7/site-packages/dateutil/parser.py\", line 748, in parse\n    return DEFAULTPARSER.parse(timestr, **kwargs)\n  File \"/opt/local/Library/Frameworks/Python.framework/Versions/2.7/lib/python2.7/site-packages/dateutil/parser.py\", line 310, in parse\n    res, skipped_tokens = self._parse(timestr, **kwargs)\n  File \"/opt/local/Library/Frameworks/Python.framework/Versions/2.7/lib/python2.7/site-packages/dateutil/parser.py\", line 366, in _parse\n    l = _timelex.split(timestr)\n  File \"/opt/local/Library/Frameworks/Python.framework/Versions/2.7/lib/python2.7/site-packages/dateutil/parser.py\", line 150, in split\n    return list(cls(s))\n  File \"/opt/local/Library/Frameworks/Python.framework/Versions/2.7/lib/python2.7/site-packages/dateutil/parser.py\", line 147, in next\n    return self.__next__()  # Python 2.x support\n  File \"/opt/local/Library/Frameworks/Python.framework/Versions/2.7/lib/python2.7/site-packages/dateutil/parser.py\", line 141, in __next__\n    token = self.get_token()\n  File \"/opt/local/Library/Frameworks/Python.framework/Versions/2.7/lib/python2.7/site-packages/dateutil/parser.py\", line 72, in get_token\n    nextchar = self.instream.read(1)\nAttributeError: 'datetime.datetime' object has no attribute 'read'\n", "meta": "eJxrYKotZIzgYGBgSM7IzEkpSs2LLdYDADylBhk=", "result": "gAJjZXhjZXB0aW9ucwpBdHRyaWJ1dGVFcnJvcgpxAVUyJ2RhdGV0aW1lLmRhdGV0aW1lJyBvYmplY3QgaGFzIG5vIGF0dHJpYnV0ZSAncmVhZCdxAoVxA1JxBC4=", "hidden": false}, "model": "djcelery.taskmeta", "pk": 44}, {"fields": {"status": "SUCCESS", "task_id": "0d3a79da-e333-487b-8ce2-6d09704b5148", "date_done": "2015-04-19T15:31:07.635Z", "traceback": null, "meta": "eJxrYKotZIzgYGBgSM7IzEkpSs2LLdYDADylBhk=", "result": null, "hidden": false}, "model": "djcelery.taskmeta", "pk": 45}, {"fields": {"status": "FAILURE", "task_id": "b7e3da9a-7cfe-47d1-9b39-c9f938263686", "date_done": "2015-04-19T15:31:42.632Z", "traceback": "Traceback (most recent call last):\n  File \"/opt/local/Library/Frameworks/Python.framework/Versions/2.7/lib/python2.7/site-packages/celery/app/trace.py\", line 240, in trace_task\n    R = retval = fun(*args, **kwargs)\n  File \"/opt/local/Library/Frameworks/Python.framework/Versions/2.7/lib/python2.7/site-packages/celery/app/trace.py\", line 438, in __protected_call__\n    return self.run(*args, **kwargs)\n  File \"/Users/kunato/final_project/server/app/tasks.py\", line 25, in process\n    tracking.process(video,dataRelation)\n  File \"/Users/kunato/final_project/server/app/tracking.py\", line 101, in process\n    startdate = dateutil.parser.parse(video.start_time)\n  File \"/opt/local/Library/Frameworks/Python.framework/Versions/2.7/lib/python2.7/site-packages/dateutil/parser.py\", line 748, in parse\n    return DEFAULTPARSER.parse(timestr, **kwargs)\n  File \"/opt/local/Library/Frameworks/Python.framework/Versions/2.7/lib/python2.7/site-packages/dateutil/parser.py\", line 310, in parse\n    res, skipped_tokens = self._parse(timestr, **kwargs)\n  File \"/opt/local/Library/Frameworks/Python.framework/Versions/2.7/lib/python2.7/site-packages/dateutil/parser.py\", line 366, in _parse\n    l = _timelex.split(timestr)\n  File \"/opt/local/Library/Frameworks/Python.framework/Versions/2.7/lib/python2.7/site-packages/dateutil/parser.py\", line 150, in split\n    return list(cls(s))\n  File \"/opt/local/Library/Frameworks/Python.framework/Versions/2.7/lib/python2.7/site-packages/dateutil/parser.py\", line 147, in next\n    return self.__next__()  # Python 2.x support\n  File \"/opt/local/Library/Frameworks/Python.framework/Versions/2.7/lib/python2.7/site-packages/dateutil/parser.py\", line 141, in __next__\n    token = self.get_token()\n  File \"/opt/local/Library/Frameworks/Python.framework/Versions/2.7/lib/python2.7/site-packages/dateutil/parser.py\", line 72, in get_token\n    nextchar = self.instream.read(1)\nAttributeError: 'datetime.datetime' object has no attribute 'read'\n", "meta": "eJxrYKotZIzgYGBgSM7IzEkpSs2LLdYDADylBhk=", "result": "gAJjZXhjZXB0aW9ucwpBdHRyaWJ1dGVFcnJvcgpxAVUyJ2RhdGV0aW1lLmRhdGV0aW1lJyBvYmplY3QgaGFzIG5vIGF0dHJpYnV0ZSAncmVhZCdxAoVxA1JxBC4=", "hidden": false}, "model": "djcelery.taskmeta", "pk": 46}, {"fields": {"status": "SUCCESS", "task_id": "f6305017-2f4d-4845-9a3c-db33ff0d54e0", "date_done": "2015-04-19T15:34:59.710Z", "traceback": null, "meta": "eJxrYKotZIzgYGBgSM7IzEkpSs2LLdYDADylBhk=", "result": null, "hidden": false}, "model": "djcelery.taskmeta", "pk": 47}, {"fields": {"status": "SUCCESS", "task_id": "b92b2d84-54fb-450d-ae6b-468772459260", "date_done": "2015-04-19T15:35:09.683Z", "traceback": null, "meta": "eJxrYKotZIzgYGBgSM7IzEkpSs2LLdYDADylBhk=", "result": null, "hidden": false}, "model": "djcelery.taskmeta", "pk": 48}, {"fields": {"status": "SUCCESS", "task_id": "d3df3015-45f2-4014-96fb-44ef3cfe92ab", "date_done": "2015-04-19T15:37:18.216Z", "traceback": null, "meta": "eJxrYKotZIzgYGBgSM7IzEkpSs2LLdYDADylBhk=", "result": null, "hidden": false}, "model": "djcelery.taskmeta", "pk": 49}, {"fields": {"status": "SUCCESS", "task_id": "24f7c2e4-da31-48cc-96ec-bed76b0dc6cc", "date_done": "2015-04-20T06:39:45.298Z", "traceback": null, "meta": "eJxrYKotZIzgYGBgSM7IzEkpSs2LLdYDADylBhk=", "result": null, "hidden": false}, "model": "djcelery.taskmeta", "pk": 50}, {"fields": {"status": "SUCCESS", "task_id": "ff4d21d0-5e1c-4b9f-86b5-5e99d81e14a2", "date_done": "2015-04-20T06:39:45.267Z", "traceback": null, "meta": "eJxrYKotZIzgYGBgSM7IzEkpSs2LLdYDADylBhk=", "result": null, "hidden": false}, "model": "djcelery.taskmeta", "pk": 51}, {"fields": {"status": "SUCCESS", "task_id": "28245e6f-a763-4015-aaf0-44b6b294fd89", "date_done": "2015-04-20T06:45:02.074Z", "traceback": null, "meta": "eJxrYKotZIzgYGBgSM7IzEkpSs2LLdYDADylBhk=", "result": null, "hidden": false}, "model": "djcelery.taskmeta", "pk": 52}, {"fields": {"status": "SUCCESS", "task_id": "fdd3dfeb-67c0-4f1a-b55c-dc01a7602900", "date_done": "2015-04-20T06:48:58.593Z", "traceback": null, "meta": "eJxrYKotZIzgYGBgSM7IzEkpSs2LLdYDADylBhk=", "result": null, "hidden": false}, "model": "djcelery.taskmeta", "pk": 53}, {"fields": {"name": "celery"}, "model": "kombu_transport_django.queue", "pk": 1}, {"fields": {"name": "celery@Kunats-MacBook-Pro.local.celery.pidbox"}, "model": "kombu_transport_django.queue", "pk": 2}, {"fields": {"queue": 1, "visible": false, "sent_at": "2015-04-09T17:04:00.791Z", "payload": "{\"body\": \"gAJ9cQEoVQdleHBpcmVzcQJOVQN1dGNxA4hVBGFyZ3NxBF1xBVUFY2hvcmRxBk5VCWNhbGxiYWNrc3EHTlUIZXJyYmFja3NxCE5VB3Rhc2tzZXRxCU5VAmlkcQpVJGFhM2YzOWE2LWJlMDgtNGEyMi1iNzA4LTBkNjhjMzEzODdiNHELVQdyZXRyaWVzcQxLAFUEdGFza3ENVRFhcHAudGFza3MucHJvY2Vzc3EOVQl0aW1lbGltaXRxD05OhlUDZXRhcRBOVQZrd2FyZ3NxEX1xElUFdmlkZW9xE2NkamFuZ28uZGIubW9kZWxzLmJhc2UKbW9kZWxfdW5waWNrbGUKcRRVA2FwcHEVVQVWaWRlb3EWhl1jZGphbmdvLmRiLm1vZGVscy5iYXNlCnNpbXBsZV9jbGFzc19mYWN0b3J5CnEXh1JxGH1xGShVBG5hbWVxGlUAVQN1cmxxG1g2AAAAL1VzZXJzL2t1bmF0by9maW5hbF9wcm9qZWN0L3NlcnZlci9zdGF0aWMvdmlkZW8vMTcubXA0cRxVCnN0YXJ0X3RpbWVxHVgYAAAAMjAxNS0wNC0xMFQwMTowMDowMC4wMDBacR5VBl9zdGF0ZXEfY2RqYW5nby5kYi5tb2RlbHMuYmFzZQpNb2RlbFN0YXRlCnEgKYFxIX1xIihVBmFkZGluZ3EjiVUCZGJxJFUHZGVmYXVsdHEldWJVCWNhbWVyYV9pZEsHVQ1fY2FtZXJhX2NhY2hlaBRoFVUGQ2FtZXJhcSaGXWgXh1JxJ31xKChoGlgAAAAAaBtYAAAAAGgfaCApgXEpfXEqKGgjiWgkaCV1YlUGaGVpZ2h0cStN4AFVBXdpZHRocSxNVgNoCksHdWJVBHR5cGVxLUsBaApLEXVic3Uu\", \"headers\": {}, \"content-type\": \"application/x-python-serialize\", \"properties\": {\"body_encoding\": \"base64\", \"correlation_id\": \"aa3f39a6-be08-4a22-b708-0d68c31387b4\", \"reply_to\": \"0ca84d22-6af0-3b21-84c4-62b2de70ec2e\", \"delivery_info\": {\"priority\": 0, \"routing_key\": \"celery\", \"exchange\": \"celery\"}, \"delivery_mode\": 2, \"delivery_tag\": \"1953f7ed-984b-4ed7-9b10-68762b7a3c94\"}, \"content-encoding\": \"binary\"}"}, "model": "kombu_transport_django.message", "pk": 17}, {"fields": {"queue": 1, "visible": false, "sent_at": "2015-04-09T17:04:19.717Z", "payload": "{\"body\": \"gAJ9cQEoVQdleHBpcmVzcQJOVQN1dGNxA4hVBGFyZ3NxBF1xBVUFY2hvcmRxBk5VCWNhbGxiYWNrc3EHTlUIZXJyYmFja3NxCE5VB3Rhc2tzZXRxCU5VAmlkcQpVJDBmMWJmYzU1LWRkZGUtNGZlYS1hN2ZlLWUyM2U1OTliYzI1M3ELVQdyZXRyaWVzcQxLAFUEdGFza3ENVRFhcHAudGFza3MucHJvY2Vzc3EOVQl0aW1lbGltaXRxD05OhlUDZXRhcRBOVQZrd2FyZ3NxEX1xElUFdmlkZW9xE2NkamFuZ28uZGIubW9kZWxzLmJhc2UKbW9kZWxfdW5waWNrbGUKcRRVA2FwcHEVVQVWaWRlb3EWhl1jZGphbmdvLmRiLm1vZGVscy5iYXNlCnNpbXBsZV9jbGFzc19mYWN0b3J5CnEXh1JxGH1xGShVBG5hbWVxGlUAVQN1cmxxG1g2AAAAL1VzZXJzL2t1bmF0by9maW5hbF9wcm9qZWN0L3NlcnZlci9zdGF0aWMvdmlkZW8vMTgubXA0cRxVCnN0YXJ0X3RpbWVxHVgYAAAAMjAxNS0wNC0xMFQwMTowMDowMC4wMDBacR5VBl9zdGF0ZXEfY2RqYW5nby5kYi5tb2RlbHMuYmFzZQpNb2RlbFN0YXRlCnEgKYFxIX1xIihVBmFkZGluZ3EjiVUCZGJxJFUHZGVmYXVsdHEldWJVCWNhbWVyYV9pZEsGVQ1fY2FtZXJhX2NhY2hlaBRoFVUGQ2FtZXJhcSaGXWgXh1JxJ31xKChoGlgAAAAAaBtYEwAAAC9zdGF0aWMvaW1nLzE2LmpwZWdoH2ggKYFxKX1xKihoI4loJGgldWJVBmhlaWdodHErTeABVQV3aWR0aHEsTVYDaApLBnViVQR0eXBlcS1LAWgKSxJ1YnN1Lg==\", \"headers\": {}, \"content-type\": \"application/x-python-serialize\", \"properties\": {\"body_encoding\": \"base64\", \"correlation_id\": \"0f1bfc55-ddde-4fea-a7fe-e23e599bc253\", \"reply_to\": \"0ca84d22-6af0-3b21-84c4-62b2de70ec2e\", \"delivery_info\": {\"priority\": 0, \"routing_key\": \"celery\", \"exchange\": \"celery\"}, \"delivery_mode\": 2, \"delivery_tag\": \"f28f984b-883b-496f-b4a8-3cfffc81c80c\"}, \"content-encoding\": \"binary\"}"}, "model": "kombu_transport_django.message", "pk": 18}, {"fields": {"queue": 1, "visible": false, "sent_at": "2015-04-09T17:04:23.245Z", "payload": "{\"body\": \"gAJ9cQEoVQdleHBpcmVzcQJOVQN1dGNxA4hVBGFyZ3NxBF1xBVUFY2hvcmRxBk5VCWNhbGxiYWNrc3EHTlUIZXJyYmFja3NxCE5VB3Rhc2tzZXRxCU5VAmlkcQpVJGUzMTJhMGRkLTM5NzYtNGFlYy04MGNjLTcwOWM1ZWFlYjAwYXELVQdyZXRyaWVzcQxLAFUEdGFza3ENVRFhcHAudGFza3MucHJvY2Vzc3EOVQl0aW1lbGltaXRxD05OhlUDZXRhcRBOVQZrd2FyZ3NxEX1xElUFdmlkZW9xE2NkamFuZ28uZGIubW9kZWxzLmJhc2UKbW9kZWxfdW5waWNrbGUKcRRVA2FwcHEVVQVWaWRlb3EWhl1jZGphbmdvLmRiLm1vZGVscy5iYXNlCnNpbXBsZV9jbGFzc19mYWN0b3J5CnEXh1JxGH1xGShVBG5hbWVxGlUAVQN1cmxxG1g2AAAAL1VzZXJzL2t1bmF0by9maW5hbF9wcm9qZWN0L3NlcnZlci9zdGF0aWMvdmlkZW8vMTkubXA0cRxVCnN0YXJ0X3RpbWVxHVgYAAAAMjAxNS0wNC0xMFQwMTowMDowMC4wMDBacR5VBl9zdGF0ZXEfY2RqYW5nby5kYi5tb2RlbHMuYmFzZQpNb2RlbFN0YXRlCnEgKYFxIX1xIihVBmFkZGluZ3EjiVUCZGJxJFUHZGVmYXVsdHEldWJVCWNhbWVyYV9pZEsHVQ1fY2FtZXJhX2NhY2hlaBRoFVUGQ2FtZXJhcSaGXWgXh1JxJ31xKChoGlgAAAAAaBtYEwAAAC9zdGF0aWMvaW1nLzE3LmpwZWdoH2ggKYFxKX1xKihoI4loJGgldWJVBmhlaWdodHErTeABVQV3aWR0aHEsTVYDaApLB3ViVQR0eXBlcS1LAWgKSxN1YnN1Lg==\", \"headers\": {}, \"content-type\": \"application/x-python-serialize\", \"properties\": {\"body_encoding\": \"base64\", \"correlation_id\": \"e312a0dd-3976-4aec-80cc-709c5eaeb00a\", \"reply_to\": \"0ca84d22-6af0-3b21-84c4-62b2de70ec2e\", \"delivery_info\": {\"priority\": 0, \"routing_key\": \"celery\", \"exchange\": \"celery\"}, \"delivery_mode\": 2, \"delivery_tag\": \"fb9ff8bc-24a9-4e78-ad41-e8f366a16eb9\"}, \"content-encoding\": \"binary\"}"}, "model": "kombu_transport_django.message", "pk": 19}, {"fields": {"queue": 1, "visible": false, "sent_at": "2015-04-09T17:08:29.291Z", "payload": "{\"body\": \"gAJ9cQEoVQdleHBpcmVzcQJOVQN1dGNxA4hVBGFyZ3NxBF1xBVUFY2hvcmRxBk5VCWNhbGxiYWNrc3EHTlUIZXJyYmFja3NxCE5VB3Rhc2tzZXRxCU5VAmlkcQpVJDdiOGY1OTcyLTNiODgtNDNlZC05MjExLTdlOTA1Y2ZkYzdmY3ELVQdyZXRyaWVzcQxLAFUEdGFza3ENVRFhcHAudGFza3MucHJvY2Vzc3EOVQl0aW1lbGltaXRxD05OhlUDZXRhcRBOVQZrd2FyZ3NxEX1xElUFdmlkZW9xE2NkamFuZ28uZGIubW9kZWxzLmJhc2UKbW9kZWxfdW5waWNrbGUKcRRVA2FwcHEVVQVWaWRlb3EWhl1jZGphbmdvLmRiLm1vZGVscy5iYXNlCnNpbXBsZV9jbGFzc19mYWN0b3J5CnEXh1JxGH1xGShVBG5hbWVxGlUAVQN1cmxxG1g2AAAAL1VzZXJzL2t1bmF0by9maW5hbF9wcm9qZWN0L3NlcnZlci9zdGF0aWMvdmlkZW8vMjAubXA0cRxVCnN0YXJ0X3RpbWVxHVgYAAAAMjAxNS0wNC0wOVQwMTowMDowMC4wMDBacR5VBl9zdGF0ZXEfY2RqYW5nby5kYi5tb2RlbHMuYmFzZQpNb2RlbFN0YXRlCnEgKYFxIX1xIihVBmFkZGluZ3EjiVUCZGJxJFUHZGVmYXVsdHEldWJVCWNhbWVyYV9pZEsGVQ1fY2FtZXJhX2NhY2hlaBRoFVUGQ2FtZXJhcSaGXWgXh1JxJ31xKChoGlgAAAAAaBtYEwAAAC9zdGF0aWMvaW1nLzE2LmpwZWdoH2ggKYFxKX1xKihoI4loJGgldWJVBmhlaWdodHErTeABVQV3aWR0aHEsTVYDaApLBnViVQR0eXBlcS1LAWgKSxR1YnN1Lg==\", \"headers\": {}, \"content-type\": \"application/x-python-serialize\", \"properties\": {\"body_encoding\": \"base64\", \"correlation_id\": \"7b8f5972-3b88-43ed-9211-7e905cfdc7fc\", \"reply_to\": \"0ca84d22-6af0-3b21-84c4-62b2de70ec2e\", \"delivery_info\": {\"priority\": 0, \"routing_key\": \"celery\", \"exchange\": \"celery\"}, \"delivery_mode\": 2, \"delivery_tag\": \"2e874ccd-8f07-4d51-9d05-e06b564c9f97\"}, \"content-encoding\": \"binary\"}"}, "model": "kombu_transport_django.message", "pk": 20}, {"fields": {"queue": 1, "visible": false, "sent_at": "2015-04-09T17:08:32.875Z", "payload": "{\"body\": \"gAJ9cQEoVQdleHBpcmVzcQJOVQN1dGNxA4hVBGFyZ3NxBF1xBVUFY2hvcmRxBk5VCWNhbGxiYWNrc3EHTlUIZXJyYmFja3NxCE5VB3Rhc2tzZXRxCU5VAmlkcQpVJDE0OTJiY2Q0LTAwMmYtNDUxZi04YTI1LTNlNTZmYTMxODRhZHELVQdyZXRyaWVzcQxLAFUEdGFza3ENVRFhcHAudGFza3MucHJvY2Vzc3EOVQl0aW1lbGltaXRxD05OhlUDZXRhcRBOVQZrd2FyZ3NxEX1xElUFdmlkZW9xE2NkamFuZ28uZGIubW9kZWxzLmJhc2UKbW9kZWxfdW5waWNrbGUKcRRVA2FwcHEVVQVWaWRlb3EWhl1jZGphbmdvLmRiLm1vZGVscy5iYXNlCnNpbXBsZV9jbGFzc19mYWN0b3J5CnEXh1JxGH1xGShVBG5hbWVxGlUAVQN1cmxxG1g2AAAAL1VzZXJzL2t1bmF0by9maW5hbF9wcm9qZWN0L3NlcnZlci9zdGF0aWMvdmlkZW8vMjEubXA0cRxVCnN0YXJ0X3RpbWVxHVgYAAAAMjAxNS0wNC0wOVQwMTowMDowMC4wMDBacR5VBl9zdGF0ZXEfY2RqYW5nby5kYi5tb2RlbHMuYmFzZQpNb2RlbFN0YXRlCnEgKYFxIX1xIihVBmFkZGluZ3EjiVUCZGJxJFUHZGVmYXVsdHEldWJVCWNhbWVyYV9pZEsHVQ1fY2FtZXJhX2NhY2hlaBRoFVUGQ2FtZXJhcSaGXWgXh1JxJ31xKChoGlgAAAAAaBtYEwAAAC9zdGF0aWMvaW1nLzE3LmpwZWdoH2ggKYFxKX1xKihoI4loJGgldWJVBmhlaWdodHErTeABVQV3aWR0aHEsTVYDaApLB3ViVQR0eXBlcS1LAWgKSxV1YnN1Lg==\", \"headers\": {}, \"content-type\": \"application/x-python-serialize\", \"properties\": {\"body_encoding\": \"base64\", \"correlation_id\": \"1492bcd4-002f-451f-8a25-3e56fa3184ad\", \"reply_to\": \"0ca84d22-6af0-3b21-84c4-62b2de70ec2e\", \"delivery_info\": {\"priority\": 0, \"routing_key\": \"celery\", \"exchange\": \"celery\"}, \"delivery_mode\": 2, \"delivery_tag\": \"72c39081-b996-4c9b-b9fe-f2bda9dd1d0b\"}, \"content-encoding\": \"binary\"}"}, "model": "kombu_transport_django.message", "pk": 21}, {"fields": {"queue": 1, "visible": false, "sent_at": "2015-04-09T18:17:55.774Z", "payload": "{\"body\": \"gAJ9cQEoVQdleHBpcmVzcQJOVQN1dGNxA4hVBGFyZ3NxBF1xBVUFY2hvcmRxBk5VCWNhbGxiYWNrc3EHTlUIZXJyYmFja3NxCE5VB3Rhc2tzZXRxCU5VAmlkcQpVJDY4N2Y0NWQ4LTQ4NjItNGYyMy04MzEwLWY0YWFlYWFkMDgwNHELVQdyZXRyaWVzcQxLAFUEdGFza3ENVRFhcHAudGFza3MucHJvY2Vzc3EOVQl0aW1lbGltaXRxD05OhlUDZXRhcRBOVQZrd2FyZ3NxEX1xElUFdmlkZW9xE2NkamFuZ28uZGIubW9kZWxzLmJhc2UKbW9kZWxfdW5waWNrbGUKcRRVA2FwcHEVVQVWaWRlb3EWhl1jZGphbmdvLmRiLm1vZGVscy5iYXNlCnNpbXBsZV9jbGFzc19mYWN0b3J5CnEXh1JxGH1xGShVBG5hbWVxGlUAVQN1cmxxG1g2AAAAL1VzZXJzL2t1bmF0by9maW5hbF9wcm9qZWN0L3NlcnZlci9zdGF0aWMvdmlkZW8vMjIubXA0cRxVCnN0YXJ0X3RpbWVxHVgYAAAAMjAxNS0wNC0wOVQwMTowMDowMC4wMDBacR5VBl9zdGF0ZXEfY2RqYW5nby5kYi5tb2RlbHMuYmFzZQpNb2RlbFN0YXRlCnEgKYFxIX1xIihVBmFkZGluZ3EjiVUCZGJxJFUHZGVmYXVsdHEldWJVCWNhbWVyYV9pZEsBVQ1fY2FtZXJhX2NhY2hlaBRoFVUGQ2FtZXJhcSaGXWgXh1JxJ31xKChoGlgCAAAAYzFoG1gSAAAAL3N0YXRpYy9pbWcvMS5qcGVnaB9oICmBcSl9cSooaCOJaCRoJXViVQZoZWlnaHRxK03gAVUFd2lkdGhxLE1WA2gKSwF1YlUEdHlwZXEtSwFoCksWdWJzdS4=\", \"headers\": {}, \"content-type\": \"application/x-python-serialize\", \"properties\": {\"body_encoding\": \"base64\", \"correlation_id\": \"687f45d8-4862-4f23-8310-f4aaeaad0804\", \"reply_to\": \"0ca84d22-6af0-3b21-84c4-62b2de70ec2e\", \"delivery_info\": {\"priority\": 0, \"routing_key\": \"celery\", \"exchange\": \"celery\"}, \"delivery_mode\": 2, \"delivery_tag\": \"661eec98-17b9-4003-a3b6-e31b455f1b7b\"}, \"content-encoding\": \"binary\"}"}, "model": "kombu_transport_django.message", "pk": 22}, {"fields": {"queue": 1, "visible": false, "sent_at": "2015-04-09T18:22:52.506Z", "payload": "{\"body\": \"gAJ9cQEoVQdleHBpcmVzcQJOVQN1dGNxA4hVBGFyZ3NxBF1xBVUFY2hvcmRxBk5VCWNhbGxiYWNrc3EHTlUIZXJyYmFja3NxCE5VB3Rhc2tzZXRxCU5VAmlkcQpVJDgyNGUyZmI0LWM4ZjEtNDZhMS1iNzBiLTRhYWZlMWRmMGI5NHELVQdyZXRyaWVzcQxLAFUEdGFza3ENVRFhcHAudGFza3MucHJvY2Vzc3EOVQl0aW1lbGltaXRxD05OhlUDZXRhcRBOVQZrd2FyZ3NxEX1xElUFdmlkZW9xE2NkamFuZ28uZGIubW9kZWxzLmJhc2UKbW9kZWxfdW5waWNrbGUKcRRVA2FwcHEVVQVWaWRlb3EWhl1jZGphbmdvLmRiLm1vZGVscy5iYXNlCnNpbXBsZV9jbGFzc19mYWN0b3J5CnEXh1JxGH1xGShVBG5hbWVxGlUAVQN1cmxxG1g2AAAAL1VzZXJzL2t1bmF0by9maW5hbF9wcm9qZWN0L3NlcnZlci9zdGF0aWMvdmlkZW8vMjMubXA0cRxVCnN0YXJ0X3RpbWVxHVgYAAAAMjAxNS0wNC0xMFQwMTowMDowMC4wMDBacR5VBl9zdGF0ZXEfY2RqYW5nby5kYi5tb2RlbHMuYmFzZQpNb2RlbFN0YXRlCnEgKYFxIX1xIihVBmFkZGluZ3EjiVUCZGJxJFUHZGVmYXVsdHEldWJVCWNhbWVyYV9pZEsBVQ1fY2FtZXJhX2NhY2hlaBRoFVUGQ2FtZXJhcSaGXWgXh1JxJ31xKChoGlgCAAAAYzFoG1gSAAAAL3N0YXRpYy9pbWcvMS5qcGVnaB9oICmBcSl9cSooaCOJaCRoJXViVQZoZWlnaHRxK03gAVUFd2lkdGhxLE1WA2gKSwF1YlUEdHlwZXEtSwFoCksXdWJzdS4=\", \"headers\": {}, \"content-type\": \"application/x-python-serialize\", \"properties\": {\"body_encoding\": \"base64\", \"correlation_id\": \"824e2fb4-c8f1-46a1-b70b-4aafe1df0b94\", \"reply_to\": \"0ca84d22-6af0-3b21-84c4-62b2de70ec2e\", \"delivery_info\": {\"priority\": 0, \"routing_key\": \"celery\", \"exchange\": \"celery\"}, \"delivery_mode\": 2, \"delivery_tag\": \"48761c6e-7005-4ca0-8b1c-4996074662eb\"}, \"content-encoding\": \"binary\"}"}, "model": "kombu_transport_django.message", "pk": 23}, {"fields": {"queue": 1, "visible": false, "sent_at": "2015-04-19T14:09:32.183Z", "payload": "{\"body\": \"gAJ9cQEoVQdleHBpcmVzcQJOVQN1dGNxA4hVBGFyZ3NxBF1xBVUFY2hvcmRxBk5VCWNhbGxiYWNrc3EHTlUIZXJyYmFja3NxCE5VB3Rhc2tzZXRxCU5VAmlkcQpVJGVjYTljN2ZjLTQ0NGQtNDRkYi05MmEwLTQ5Mjg4OGIzMjZlMnELVQdyZXRyaWVzcQxLAFUEdGFza3ENVRFhcHAudGFza3MucHJvY2Vzc3EOVQl0aW1lbGltaXRxD05OhlUDZXRhcRBOVQZrd2FyZ3NxEX1xElUFdmlkZW9xE2NkamFuZ28uZGIubW9kZWxzLmJhc2UKbW9kZWxfdW5waWNrbGUKcRRVA2FwcHEVVQVWaWRlb3EWhl1jZGphbmdvLmRiLm1vZGVscy5iYXNlCnNpbXBsZV9jbGFzc19mYWN0b3J5CnEXh1JxGH1xGShVBG5hbWVxGlUAVQN1cmxxG1g2AAAAL1VzZXJzL2t1bmF0by9maW5hbF9wcm9qZWN0L3NlcnZlci9zdGF0aWMvdmlkZW8vMjQubXA0cRxVCnN0YXJ0X3RpbWVxHVgYAAAAMjAwNS0xMC0zMVQxODowMTowMC4wMDBacR5VBl9zdGF0ZXEfY2RqYW5nby5kYi5tb2RlbHMuYmFzZQpNb2RlbFN0YXRlCnEgKYFxIX1xIihVBmFkZGluZ3EjiVUCZGJxJFUHZGVmYXVsdHEldWJVCmFkZGVkX3RpbWVxJmNkYXRldGltZQpkYXRldGltZQpxJ1UKB98EExUJHwsM24VScShVCWNhbWVyYV9pZEsBVQ1fY2FtZXJhX2NhY2hlaBRoFVUGQ2FtZXJhcSmGXWgXh1JxKn1xKyhoGlgCAAAAYzFoG1gSAAAAL3N0YXRpYy9pbWcvMS5qcGVnaB9oICmBcSx9cS0oaCOJaCRoJXViVQZoZWlnaHRxLk3gAVUFd2lkdGhxL01WA2gKSwF1YlUEdHlwZXEwSwFoCksYVQt0cmFja2luZ19pZHExTnVic3Uu\", \"headers\": {}, \"content-type\": \"application/x-python-serialize\", \"properties\": {\"body_encoding\": \"base64\", \"correlation_id\": \"eca9c7fc-444d-44db-92a0-492888b326e2\", \"reply_to\": \"793be70b-2d02-3c28-ae47-b7b0382f535c\", \"delivery_info\": {\"priority\": 0, \"routing_key\": \"celery\", \"exchange\": \"celery\"}, \"delivery_mode\": 2, \"delivery_tag\": \"c45b23e3-7da0-430c-8d5c-6240936a1c71\"}, \"content-encoding\": \"binary\"}"}, "model": "kombu_transport_django.message", "pk": 24}, {"fields": {"queue": 1, "visible": false, "sent_at": "2015-04-19T14:13:31.464Z", "payload": "{\"body\": \"gAJ9cQEoVQdleHBpcmVzcQJOVQN1dGNxA4hVBGFyZ3NxBF1xBVUFY2hvcmRxBk5VCWNhbGxiYWNrc3EHTlUIZXJyYmFja3NxCE5VB3Rhc2tzZXRxCU5VAmlkcQpVJGFhMzBkNDQwLTNiYjMtNDljOS04MDBkLWU5OGE5Mjg4NzFiM3ELVQdyZXRyaWVzcQxLAFUEdGFza3ENVRFhcHAudGFza3MucHJvY2Vzc3EOVQl0aW1lbGltaXRxD05OhlUDZXRhcRBOVQZrd2FyZ3NxEX1xElUFdmlkZW9xE2NkamFuZ28uZGIubW9kZWxzLmJhc2UKbW9kZWxfdW5waWNrbGUKcRRVA2FwcHEVVQVWaWRlb3EWhl1jZGphbmdvLmRiLm1vZGVscy5iYXNlCnNpbXBsZV9jbGFzc19mYWN0b3J5CnEXh1JxGH1xGShVBG5hbWVxGlUAVQN1cmxxG1g2AAAAL1VzZXJzL2t1bmF0by9maW5hbF9wcm9qZWN0L3NlcnZlci9zdGF0aWMvdmlkZW8vMjUubXA0cRxVCnN0YXJ0X3RpbWVxHVgYAAAAMjAwNC0xMi0zMVQxODowMTowMC4wMDBacR5VBl9zdGF0ZXEfY2RqYW5nby5kYi5tb2RlbHMuYmFzZQpNb2RlbFN0YXRlCnEgKYFxIX1xIihVBmFkZGluZ3EjiVUCZGJxJFUHZGVmYXVsdHEldWJVCmFkZGVkX3RpbWVxJmNkYXRldGltZQpkYXRldGltZQpxJ1UKB98EExUNHwCq5IVScShVCWNhbWVyYV9pZEsBVQ1fY2FtZXJhX2NhY2hlaBRoFVUGQ2FtZXJhcSmGXWgXh1JxKn1xKyhoGlgCAAAAYzFoG1gSAAAAL3N0YXRpYy9pbWcvMS5qcGVnaB9oICmBcSx9cS0oaCOJaCRoJXViVQZoZWlnaHRxLk3gAVUFd2lkdGhxL01WA2gKSwF1YlUEdHlwZXEwSwFoCksZVQt0cmFja2luZ19pZHExTnVic3Uu\", \"headers\": {}, \"content-type\": \"application/x-python-serialize\", \"properties\": {\"body_encoding\": \"base64\", \"correlation_id\": \"aa30d440-3bb3-49c9-800d-e98a928871b3\", \"reply_to\": \"533f0bf2-1f2e-3a1a-9acf-d39b1f00b5d7\", \"delivery_info\": {\"priority\": 0, \"routing_key\": \"celery\", \"exchange\": \"celery\"}, \"delivery_mode\": 2, \"delivery_tag\": \"e7ea5b7c-33c5-4879-a88e-f4ce00b6116e\"}, \"content-encoding\": \"binary\"}"}, "model": "kombu_transport_django.message", "pk": 25}, {"fields": {"queue": 1, "visible": false, "sent_at": "2015-04-19T14:22:28.139Z", "payload": "{\"body\": \"gAJ9cQEoVQdleHBpcmVzcQJOVQN1dGNxA4hVBGFyZ3NxBF1xBVUFY2hvcmRxBk5VCWNhbGxiYWNrc3EHTlUIZXJyYmFja3NxCE5VB3Rhc2tzZXRxCU5VAmlkcQpVJDM3NThkMDcyLTI5YTItNDRmZC1iYTkzLTY3MDQ4ZTkxZTJhMnELVQdyZXRyaWVzcQxLAFUEdGFza3ENVRFhcHAudGFza3MucHJvY2Vzc3EOVQl0aW1lbGltaXRxD05OhlUDZXRhcRBOVQZrd2FyZ3NxEX1xElUFdmlkZW9xE2NkamFuZ28uZGIubW9kZWxzLmJhc2UKbW9kZWxfdW5waWNrbGUKcRRVA2FwcHEVVQVWaWRlb3EWhl1jZGphbmdvLmRiLm1vZGVscy5iYXNlCnNpbXBsZV9jbGFzc19mYWN0b3J5CnEXh1JxGH1xGShVBG5hbWVxGlUAVQN1cmxxG1g2AAAAL1VzZXJzL2t1bmF0by9maW5hbF9wcm9qZWN0L3NlcnZlci9zdGF0aWMvdmlkZW8vMjYubXA0cRxVCnN0YXJ0X3RpbWVxHVgYAAAAMjAwMC0xMi0zMVQxODowMTowMC4wMDBacR5VBl9zdGF0ZXEfY2RqYW5nby5kYi5tb2RlbHMuYmFzZQpNb2RlbFN0YXRlCnEgKYFxIX1xIihVBmFkZGluZ3EjiVUCZGJxJFUHZGVmYXVsdHEldWJVCmFkZGVkX3RpbWVxJmNkYXRldGltZQpkYXRldGltZQpxJ1UKB98EExUWGwsbHYVScShVCWNhbWVyYV9pZEsBVQ1fY2FtZXJhX2NhY2hlaBRoFVUGQ2FtZXJhcSmGXWgXh1JxKn1xKyhoGlgCAAAAYzFoG1gSAAAAL3N0YXRpYy9pbWcvMS5qcGVnaB9oICmBcSx9cS0oaCOJaCRoJXViVQZoZWlnaHRxLk3gAVUFd2lkdGhxL01WA2gKSwF1YlUEdHlwZXEwSwFoCksaVQt0cmFja2luZ19pZHExTnVic3Uu\", \"headers\": {}, \"content-type\": \"application/x-python-serialize\", \"properties\": {\"body_encoding\": \"base64\", \"correlation_id\": \"3758d072-29a2-44fd-ba93-67048e91e2a2\", \"reply_to\": \"0fb116b0-8b78-336b-ac77-e6a2e4b5e2e0\", \"delivery_info\": {\"priority\": 0, \"routing_key\": \"celery\", \"exchange\": \"celery\"}, \"delivery_mode\": 2, \"delivery_tag\": \"8d65ba04-62e1-4b64-882c-44e3723b216d\"}, \"content-encoding\": \"binary\"}"}, "model": "kombu_transport_django.message", "pk": 26}, {"fields": {"queue": 1, "visible": false, "sent_at": "2015-04-19T14:29:15.448Z", "payload": "{\"body\": \"gAJ9cQEoVQdleHBpcmVzcQJOVQN1dGNxA4hVBGFyZ3NxBF1xBVUFY2hvcmRxBk5VCWNhbGxiYWNrc3EHTlUIZXJyYmFja3NxCE5VB3Rhc2tzZXRxCU5VAmlkcQpVJDIwMmIzOTYxLTliMjMtNDFkNS04YzkyLWZiZjI4ZGU5ODFlZHELVQdyZXRyaWVzcQxLAFUEdGFza3ENVRFhcHAudGFza3MucHJvY2Vzc3EOVQl0aW1lbGltaXRxD05OhlUDZXRhcRBOVQZrd2FyZ3NxEX1xElUFdmlkZW9xE2NkamFuZ28uZGIubW9kZWxzLmJhc2UKbW9kZWxfdW5waWNrbGUKcRRVA2FwcHEVVQVWaWRlb3EWhl1jZGphbmdvLmRiLm1vZGVscy5iYXNlCnNpbXBsZV9jbGFzc19mYWN0b3J5CnEXh1JxGH1xGShVBG5hbWVxGlUAVQN1cmxxG1g2AAAAL1VzZXJzL2t1bmF0by9maW5hbF9wcm9qZWN0L3NlcnZlci9zdGF0aWMvdmlkZW8vMjcubXA0cRxVCnN0YXJ0X3RpbWVxHVgYAAAAMjAwNC0xMi0zMVQxODowMTowMC4wMDBacR5VBl9zdGF0ZXEfY2RqYW5nby5kYi5tb2RlbHMuYmFzZQpNb2RlbFN0YXRlCnEgKYFxIX1xIihVBmFkZGluZ3EjiVUCZGJxJFUHZGVmYXVsdHEldWJVCmFkZGVkX3RpbWVxJmNkYXRldGltZQpkYXRldGltZQpxJ1UKB98EExUdDwB7hoVScShVCWNhbWVyYV9pZEsJVQ1fY2FtZXJhX2NhY2hlcSloFGgVVQZDYW1lcmFxKoZdaBeHUnErfXEsKGgaWAgAAABDYW1lcmEgOWgbWAAAAABoH2ggKYFxLX1xLihoI4loJGgldWJVBmhlaWdodHEvTeABVQV3aWR0aHEwTVYDaApLCXViVQR0eXBlcTFLAWgKSxtVC3RyYWNraW5nX2lkcTJOdWJzdS4=\", \"headers\": {}, \"content-type\": \"application/x-python-serialize\", \"properties\": {\"body_encoding\": \"base64\", \"correlation_id\": \"202b3961-9b23-41d5-8c92-fbf28de981ed\", \"reply_to\": \"0fb116b0-8b78-336b-ac77-e6a2e4b5e2e0\", \"delivery_info\": {\"priority\": 0, \"routing_key\": \"celery\", \"exchange\": \"celery\"}, \"delivery_mode\": 2, \"delivery_tag\": \"d4ead054-2907-42a7-976e-d40e568f6626\"}, \"content-encoding\": \"binary\"}"}, "model": "kombu_transport_django.message", "pk": 27}, {"fields": {"queue": 1, "visible": false, "sent_at": "2015-04-19T14:43:51.640Z", "payload": "{\"body\": \"gAJ9cQEoVQdleHBpcmVzcQJOVQN1dGNxA4hVBGFyZ3NxBF1xBVUFY2hvcmRxBk5VCWNhbGxiYWNrc3EHTlUIZXJyYmFja3NxCE5VB3Rhc2tzZXRxCU5VAmlkcQpVJDdjMTBlYzNmLTJlYjEtNDMxOC05NGU3LTZiNDQ4YTYwYWM2Y3ELVQdyZXRyaWVzcQxLAFUEdGFza3ENVRFhcHAudGFza3MucHJvY2Vzc3EOVQl0aW1lbGltaXRxD05OhlUDZXRhcRBOVQZrd2FyZ3NxEX1xElUFdmlkZW9xE2NkamFuZ28uZGIubW9kZWxzLmJhc2UKbW9kZWxfdW5waWNrbGUKcRRVA2FwcHEVVQVWaWRlb3EWhl1jZGphbmdvLmRiLm1vZGVscy5iYXNlCnNpbXBsZV9jbGFzc19mYWN0b3J5CnEXh1JxGH1xGShVBG5hbWVxGlgAAAAAVQN1cmxxG1g2AAAAL1VzZXJzL2t1bmF0by9maW5hbF9wcm9qZWN0L3NlcnZlci9zdGF0aWMvdmlkZW8vMjcubXA0VQpzdGFydF90aW1lcRxjZGF0ZXRpbWUKZGF0ZXRpbWUKcR1VCgfUDB8SAQAAAABjcHl0egpfVVRDCnEeKVJxH4ZScSBVBl9zdGF0ZXEhY2RqYW5nby5kYi5tb2RlbHMuYmFzZQpNb2RlbFN0YXRlCnEiKYFxI31xJChVBmFkZGluZ3EliVUCZGJxJlUHZGVmYXVsdHEndWJVCWNhbWVyYV9pZEsJVQphZGRlZF90aW1lcShoHVUKB98EEw4dDwB7hmgfhlJxKVUEdHlwZXEqSwFoCksbVQt0cmFja2luZ19pZHErTnVic3Uu\", \"headers\": {}, \"content-type\": \"application/x-python-serialize\", \"properties\": {\"body_encoding\": \"base64\", \"correlation_id\": \"7c10ec3f-2eb1-4318-94e7-6b448a60ac6c\", \"reply_to\": \"5fd2940f-324e-3a2d-a8eb-1011c619c992\", \"delivery_info\": {\"priority\": 0, \"routing_key\": \"celery\", \"exchange\": \"celery\"}, \"delivery_mode\": 2, \"delivery_tag\": \"b5fc5d39-0842-49b5-bfb8-a610d1758f06\"}, \"content-encoding\": \"binary\"}"}, "model": "kombu_transport_django.message", "pk": 28}, {"fields": {"queue": 1, "visible": false, "sent_at": "2015-04-19T14:45:42.820Z", "payload": "{\"body\": \"gAJ9cQEoVQdleHBpcmVzcQJOVQN1dGNxA4hVBGFyZ3NxBF1xBVUFY2hvcmRxBk5VCWNhbGxiYWNrc3EHTlUIZXJyYmFja3NxCE5VB3Rhc2tzZXRxCU5VAmlkcQpVJDJjNmY4M2FhLTkyMTEtNGFiOC1hZmQ2LTA4YWVkYTQ4ZTY5NXELVQdyZXRyaWVzcQxLAFUEdGFza3ENVRFhcHAudGFza3MucHJvY2Vzc3EOVQl0aW1lbGltaXRxD05OhlUDZXRhcRBOVQZrd2FyZ3NxEX1xElUFdmlkZW9xE2NkamFuZ28uZGIubW9kZWxzLmJhc2UKbW9kZWxfdW5waWNrbGUKcRRVA2FwcHEVVQVWaWRlb3EWhl1jZGphbmdvLmRiLm1vZGVscy5iYXNlCnNpbXBsZV9jbGFzc19mYWN0b3J5CnEXh1JxGH1xGShVBG5hbWVxGlUAVQN1cmxxG1g2AAAAL1VzZXJzL2t1bmF0by9maW5hbF9wcm9qZWN0L3NlcnZlci9zdGF0aWMvdmlkZW8vMjgubXA0cRxVCnN0YXJ0X3RpbWVxHVgYAAAAMjAwNC0xMi0zMVQxODowMTowMC4wMDBacR5VBl9zdGF0ZXEfY2RqYW5nby5kYi5tb2RlbHMuYmFzZQpNb2RlbFN0YXRlCnEgKYFxIX1xIihVBmFkZGluZ3EjiVUCZGJxJFUHZGVmYXVsdHEldWJVCmFkZGVkX3RpbWVxJmNkYXRldGltZQpkYXRldGltZQpxJ1UKB98EExUtKgbmUoVScShVCWNhbWVyYV9pZEsIVQ1fY2FtZXJhX2NhY2hlaBRoFVUGQ2FtZXJhcSmGXWgXh1JxKn1xKyhoGlgEAAAAdGVzdGgbWAAAAABoH2ggKYFxLH1xLShoI4loJGgldWJVBmhlaWdodHEuTeABVQV3aWR0aHEvTVYDaApLCHViVQR0eXBlcTBLAWgKSxxVC3RyYWNraW5nX2lkcTFOdWJzdS4=\", \"headers\": {}, \"content-type\": \"application/x-python-serialize\", \"properties\": {\"body_encoding\": \"base64\", \"correlation_id\": \"2c6f83aa-9211-4ab8-afd6-08aeda48e695\", \"reply_to\": \"7def5b64-371b-3fe9-bfba-571aec27c212\", \"delivery_info\": {\"priority\": 0, \"routing_key\": \"celery\", \"exchange\": \"celery\"}, \"delivery_mode\": 2, \"delivery_tag\": \"36db9bfb-73a7-4786-94e4-59655603c8ad\"}, \"content-encoding\": \"binary\"}"}, "model": "kombu_transport_django.message", "pk": 29}, {"fields": {"queue": 1, "visible": false, "sent_at": "2015-04-19T14:46:17.919Z", "payload": "{\"body\": \"gAJ9cQEoVQdleHBpcmVzcQJOVQN1dGNxA4hVBGFyZ3NxBF1xBVUFY2hvcmRxBk5VCWNhbGxiYWNrc3EHTlUIZXJyYmFja3NxCE5VB3Rhc2tzZXRxCU5VAmlkcQpVJDQ1ZmFhYzVjLWZjNDMtNGU3NC1iMGIzLTE2MDM1YmNiNzY5ZHELVQdyZXRyaWVzcQxLAFUEdGFza3ENVRFhcHAudGFza3MucHJvY2Vzc3EOVQl0aW1lbGltaXRxD05OhlUDZXRhcRBOVQZrd2FyZ3NxEX1xElUFdmlkZW9xE2NkamFuZ28uZGIubW9kZWxzLmJhc2UKbW9kZWxfdW5waWNrbGUKcRRVA2FwcHEVVQVWaWRlb3EWhl1jZGphbmdvLmRiLm1vZGVscy5iYXNlCnNpbXBsZV9jbGFzc19mYWN0b3J5CnEXh1JxGH1xGShVBG5hbWVxGlUAVQN1cmxxG1g2AAAAL1VzZXJzL2t1bmF0by9maW5hbF9wcm9qZWN0L3NlcnZlci9zdGF0aWMvdmlkZW8vMjkubXA0cRxVCnN0YXJ0X3RpbWVxHVgYAAAAMjIyMi0wMS0wMVQwNDowMTowMC4wMDBacR5VBl9zdGF0ZXEfY2RqYW5nby5kYi5tb2RlbHMuYmFzZQpNb2RlbFN0YXRlCnEgKYFxIX1xIihVBmFkZGluZ3EjiVUCZGJxJFUHZGVmYXVsdHEldWJVCmFkZGVkX3RpbWVxJmNkYXRldGltZQpkYXRldGltZQpxJ1UKB98EExUuEQfzv4VScShVCWNhbWVyYV9pZEsKVQ1fY2FtZXJhX2NhY2hlaBRoFVUGQ2FtZXJhcSmGXWgXh1JxKn1xKyhoGlgEAAAAdGVzdGgbWAAAAABoH2ggKYFxLH1xLShoI4loJGgldWJVBmhlaWdodHEuS3tVBXdpZHRocS9Le2gKSwp1YlUEdHlwZXEwSwFoCksdVQt0cmFja2luZ19pZHExTnVic3Uu\", \"headers\": {}, \"content-type\": \"application/x-python-serialize\", \"properties\": {\"body_encoding\": \"base64\", \"correlation_id\": \"45faac5c-fc43-4e74-b0b3-16035bcb769d\", \"reply_to\": \"7def5b64-371b-3fe9-bfba-571aec27c212\", \"delivery_info\": {\"priority\": 0, \"routing_key\": \"celery\", \"exchange\": \"celery\"}, \"delivery_mode\": 2, \"delivery_tag\": \"6f54a2cb-30b9-4f8e-8a67-e3e5296e9d6c\"}, \"content-encoding\": \"binary\"}"}, "model": "kombu_transport_django.message", "pk": 30}, {"fields": {"queue": 1, "visible": false, "sent_at": "2015-04-19T14:51:47.154Z", "payload": "{\"body\": \"gAJ9cQEoVQdleHBpcmVzcQJOVQN1dGNxA4hVBGFyZ3NxBF1xBVUFY2hvcmRxBk5VCWNhbGxiYWNrc3EHTlUIZXJyYmFja3NxCE5VB3Rhc2tzZXRxCU5VAmlkcQpVJDFkMGMyZjY2LTk0NGUtNDZiNS05NjYwLWNlZWFhMzRmMTUzZXELVQdyZXRyaWVzcQxLAFUEdGFza3ENVRFhcHAudGFza3MucHJvY2Vzc3EOVQl0aW1lbGltaXRxD05OhlUDZXRhcRBOVQZrd2FyZ3NxEX1xElUFdmlkZW9xE2NkamFuZ28uZGIubW9kZWxzLmJhc2UKbW9kZWxfdW5waWNrbGUKcRRVA2FwcHEVVQVWaWRlb3EWhl1jZGphbmdvLmRiLm1vZGVscy5iYXNlCnNpbXBsZV9jbGFzc19mYWN0b3J5CnEXh1JxGH1xGShVBG5hbWVxGlgAAAAAVQN1cmxxG1g2AAAAL1VzZXJzL2t1bmF0by9maW5hbF9wcm9qZWN0L3NlcnZlci9zdGF0aWMvdmlkZW8vMjkubXA0VQpzdGFydF90aW1lcRxjZGF0ZXRpbWUKZGF0ZXRpbWUKcR1VCgiuAQEEAQAAAABjcHl0egpfVVRDCnEeKVJxH4ZScSBVBl9zdGF0ZXEhY2RqYW5nby5kYi5tb2RlbHMuYmFzZQpNb2RlbFN0YXRlCnEiKYFxI31xJChVBmFkZGluZ3EliVUCZGJxJlUHZGVmYXVsdHEndWJVCWNhbWVyYV9pZEsKVQphZGRlZF90aW1lcShoHVUKB98EEw4uEQfzv2gfhlJxKVUEdHlwZXEqSwFoCksdVQt0cmFja2luZ19pZHErTnVic3Uu\", \"headers\": {}, \"content-type\": \"application/x-python-serialize\", \"properties\": {\"body_encoding\": \"base64\", \"correlation_id\": \"1d0c2f66-944e-46b5-9660-ceeaa34f153e\", \"reply_to\": \"874e4526-f6fd-35de-a1ac-121f030e377e\", \"delivery_info\": {\"priority\": 0, \"routing_key\": \"celery\", \"exchange\": \"celery\"}, \"delivery_mode\": 2, \"delivery_tag\": \"d72c5dbe-8975-4969-bdd1-16ac6847f0db\"}, \"content-encoding\": \"binary\"}"}, "model": "kombu_transport_django.message", "pk": 31}, {"fields": {"queue": 1, "visible": false, "sent_at": "2015-04-19T14:53:19.346Z", "payload": "{\"body\": \"gAJ9cQEoVQdleHBpcmVzcQJOVQN1dGNxA4hVBGFyZ3NxBF1xBVUFY2hvcmRxBk5VCWNhbGxiYWNrc3EHTlUIZXJyYmFja3NxCE5VB3Rhc2tzZXRxCU5VAmlkcQpVJDRiZjNiYjVkLWRmZTQtNDAyZi1iMzdlLTc1ZWYxMmRjOTE3YnELVQdyZXRyaWVzcQxLAFUEdGFza3ENVRFhcHAudGFza3MucHJvY2Vzc3EOVQl0aW1lbGltaXRxD05OhlUDZXRhcRBOVQZrd2FyZ3NxEX1xElUFdmlkZW9xE2NkamFuZ28uZGIubW9kZWxzLmJhc2UKbW9kZWxfdW5waWNrbGUKcRRVA2FwcHEVVQVWaWRlb3EWhl1jZGphbmdvLmRiLm1vZGVscy5iYXNlCnNpbXBsZV9jbGFzc19mYWN0b3J5CnEXh1JxGH1xGShVBG5hbWVxGlgAAAAAVQN1cmxxG1g2AAAAL1VzZXJzL2t1bmF0by9maW5hbF9wcm9qZWN0L3NlcnZlci9zdGF0aWMvdmlkZW8vMjgubXA0VQpzdGFydF90aW1lcRxjZGF0ZXRpbWUKZGF0ZXRpbWUKcR1VCgfUDB8SAQAAAABjcHl0egpfVVRDCnEeKVJxH4ZScSBVBl9zdGF0ZXEhY2RqYW5nby5kYi5tb2RlbHMuYmFzZQpNb2RlbFN0YXRlCnEiKYFxI31xJChVBmFkZGluZ3EliVUCZGJxJlUHZGVmYXVsdHEndWJVCWNhbWVyYV9pZEsIVQphZGRlZF90aW1lcShoHVUKB98EEw4tKgbmUmgfhlJxKVUEdHlwZXEqSwFoCkscVQt0cmFja2luZ19pZHErTnVic3Uu\", \"headers\": {}, \"content-type\": \"application/x-python-serialize\", \"properties\": {\"body_encoding\": \"base64\", \"correlation_id\": \"4bf3bb5d-dfe4-402f-b37e-75ef12dc917b\", \"reply_to\": \"94bc1a1a-8f6d-3ca5-888b-93c2c534a627\", \"delivery_info\": {\"priority\": 0, \"routing_key\": \"celery\", \"exchange\": \"celery\"}, \"delivery_mode\": 2, \"delivery_tag\": \"18c1f0aa-912c-43e6-8cb2-8e013b7f4176\"}, \"content-encoding\": \"binary\"}"}, "model": "kombu_transport_django.message", "pk": 32}, {"fields": {"queue": 1, "visible": false, "sent_at": "2015-04-19T14:54:26.334Z", "payload": "{\"body\": \"gAJ9cQEoVQdleHBpcmVzcQJOVQN1dGNxA4hVBGFyZ3NxBF1xBVUFY2hvcmRxBk5VCWNhbGxiYWNrc3EHTlUIZXJyYmFja3NxCE5VB3Rhc2tzZXRxCU5VAmlkcQpVJGFhMTgyZWNjLTAwZmItNGQ2OC05YjQzLWI0MGViMTZhYTFhMHELVQdyZXRyaWVzcQxLAFUEdGFza3ENVRFhcHAudGFza3MucHJvY2Vzc3EOVQl0aW1lbGltaXRxD05OhlUDZXRhcRBOVQZrd2FyZ3NxEX1xElUFdmlkZW9xE2NkamFuZ28uZGIubW9kZWxzLmJhc2UKbW9kZWxfdW5waWNrbGUKcRRVA2FwcHEVVQVWaWRlb3EWhl1jZGphbmdvLmRiLm1vZGVscy5iYXNlCnNpbXBsZV9jbGFzc19mYWN0b3J5CnEXh1JxGH1xGShVBG5hbWVxGlUAVQN1cmxxG1g2AAAAL1VzZXJzL2t1bmF0by9maW5hbF9wcm9qZWN0L3NlcnZlci9zdGF0aWMvdmlkZW8vMzAubXA0cRxVCnN0YXJ0X3RpbWVxHVgYAAAAMTIyMS0xMi0zMVQxODowMTowMC4wMDBacR5VBl9zdGF0ZXEfY2RqYW5nby5kYi5tb2RlbHMuYmFzZQpNb2RlbFN0YXRlCnEgKYFxIX1xIihVBmFkZGluZ3EjiVUCZGJxJFUHZGVmYXVsdHEldWJVCmFkZGVkX3RpbWVxJmNkYXRldGltZQpkYXRldGltZQpxJ1UKB98EExU2GQ40QYVScShVCWNhbWVyYV9pZEsLVQ1fY2FtZXJhX2NhY2hlaBRoFVUGQ2FtZXJhcSmGXWgXh1JxKn1xKyhoGlgCAAAAMTFoG1gAAAAAaB9oICmBcSx9cS0oaCOJaCRoJXViVQZoZWlnaHRxLk1NAVUFd2lkdGhxL0txaApLC3ViVQR0eXBlcTBLAWgKSx5VC3RyYWNraW5nX2lkcTFOdWJzdS4=\", \"headers\": {}, \"content-type\": \"application/x-python-serialize\", \"properties\": {\"body_encoding\": \"base64\", \"correlation_id\": \"aa182ecc-00fb-4d68-9b43-b40eb16aa1a0\", \"reply_to\": \"f2efde61-0c40-3861-86bc-99fe13d52026\", \"delivery_info\": {\"priority\": 0, \"routing_key\": \"celery\", \"exchange\": \"celery\"}, \"delivery_mode\": 2, \"delivery_tag\": \"aabba4d1-26fc-4c94-9291-10dfdd7a67fe\"}, \"content-encoding\": \"binary\"}"}, "model": "kombu_transport_django.message", "pk": 33}, {"fields": {"queue": 1, "visible": false, "sent_at": "2015-04-19T14:55:13.473Z", "payload": "{\"body\": \"gAJ9cQEoVQdleHBpcmVzcQJOVQN1dGNxA4hVBGFyZ3NxBF1xBVUFY2hvcmRxBk5VCWNhbGxiYWNrc3EHTlUIZXJyYmFja3NxCE5VB3Rhc2tzZXRxCU5VAmlkcQpVJDI4OGE3NGNjLWMwNDgtNDIxMS05NGE2LWY0ZmY1YWY0M2QxZHELVQdyZXRyaWVzcQxLAFUEdGFza3ENVRFhcHAudGFza3MucHJvY2Vzc3EOVQl0aW1lbGltaXRxD05OhlUDZXRhcRBOVQZrd2FyZ3NxEX1xElUFdmlkZW9xE2NkamFuZ28uZGIubW9kZWxzLmJhc2UKbW9kZWxfdW5waWNrbGUKcRRVA2FwcHEVVQVWaWRlb3EWhl1jZGphbmdvLmRiLm1vZGVscy5iYXNlCnNpbXBsZV9jbGFzc19mYWN0b3J5CnEXh1JxGH1xGShVBG5hbWVxGlgAAAAAVQN1cmxxG1g2AAAAL1VzZXJzL2t1bmF0by9maW5hbF9wcm9qZWN0L3NlcnZlci9zdGF0aWMvdmlkZW8vMzAubXA0VQpzdGFydF90aW1lcRxjZGF0ZXRpbWUKZGF0ZXRpbWUKcR1VCgTFDB8SAQAAAABjcHl0egpfVVRDCnEeKVJxH4ZScSBVBl9zdGF0ZXEhY2RqYW5nby5kYi5tb2RlbHMuYmFzZQpNb2RlbFN0YXRlCnEiKYFxI31xJChVBmFkZGluZ3EliVUCZGJxJlUHZGVmYXVsdHEndWJVCWNhbWVyYV9pZEsLVQphZGRlZF90aW1lcShoHVUKB98EEw42GQ40QWgfhlJxKVUEdHlwZXEqSwFoCkseVQt0cmFja2luZ19pZHErTnVic3Uu\", \"headers\": {}, \"content-type\": \"application/x-python-serialize\", \"properties\": {\"body_encoding\": \"base64\", \"correlation_id\": \"288a74cc-c048-4211-94a6-f4ff5af43d1d\", \"reply_to\": \"f2efde61-0c40-3861-86bc-99fe13d52026\", \"delivery_info\": {\"priority\": 0, \"routing_key\": \"celery\", \"exchange\": \"celery\"}, \"delivery_mode\": 2, \"delivery_tag\": \"d57c52a1-991d-4eb3-a32b-05965edc504b\"}, \"content-encoding\": \"binary\"}"}, "model": "kombu_transport_django.message", "pk": 34}, {"fields": {"queue": 1, "visible": false, "sent_at": "2015-04-19T14:56:24.709Z", "payload": "{\"body\": \"gAJ9cQEoVQdleHBpcmVzcQJOVQN1dGNxA4hVBGFyZ3NxBF1xBVUFY2hvcmRxBk5VCWNhbGxiYWNrc3EHTlUIZXJyYmFja3NxCE5VB3Rhc2tzZXRxCU5VAmlkcQpVJDJiODYyNmRiLWRjMTUtNDlhYi1iMDQ2LTkyM2Y4YWQ5MWI0Y3ELVQdyZXRyaWVzcQxLAFUEdGFza3ENVRFhcHAudGFza3MucHJvY2Vzc3EOVQl0aW1lbGltaXRxD05OhlUDZXRhcRBOVQZrd2FyZ3NxEX1xElUFdmlkZW9xE2NkamFuZ28uZGIubW9kZWxzLmJhc2UKbW9kZWxfdW5waWNrbGUKcRRVA2FwcHEVVQVWaWRlb3EWhl1jZGphbmdvLmRiLm1vZGVscy5iYXNlCnNpbXBsZV9jbGFzc19mYWN0b3J5CnEXh1JxGH1xGShVBG5hbWVxGlUAVQN1cmxxG1g2AAAAL1VzZXJzL2t1bmF0by9maW5hbF9wcm9qZWN0L3NlcnZlci9zdGF0aWMvdmlkZW8vMzEubXA0cRxVCnN0YXJ0X3RpbWVxHVgYAAAAMjIyMS0xMi0zMVQxODowMTowMC4wMDBacR5VBl9zdGF0ZXEfY2RqYW5nby5kYi5tb2RlbHMuYmFzZQpNb2RlbFN0YXRlCnEgKYFxIX1xIihVBmFkZGluZ3EjiVUCZGJxJFUHZGVmYXVsdHEldWJVCmFkZGVkX3RpbWVxJmNkYXRldGltZQpkYXRldGltZQpxJ1UKB98EExU4GAU7L4VScShVCWNhbWVyYV9pZEsMVQ1fY2FtZXJhX2NhY2hlcSloFGgVVQZDYW1lcmFxKoZdaBeHUnErfXEsKGgaWAIAAAAxMmgbWAAAAABoH2ggKYFxLX1xLihoI4loJGgldWJVBmhlaWdodHEvS3tVBXdpZHRocTBLe2gKSwx1YlUEdHlwZXExSwFoCksfVQt0cmFja2luZ19pZHEyTnVic3Uu\", \"headers\": {}, \"content-type\": \"application/x-python-serialize\", \"properties\": {\"body_encoding\": \"base64\", \"correlation_id\": \"2b8626db-dc15-49ab-b046-923f8ad91b4c\", \"reply_to\": \"f2efde61-0c40-3861-86bc-99fe13d52026\", \"delivery_info\": {\"priority\": 0, \"routing_key\": \"celery\", \"exchange\": \"celery\"}, \"delivery_mode\": 2, \"delivery_tag\": \"5da30d8a-137a-43df-8c16-834e204739ce\"}, \"content-encoding\": \"binary\"}"}, "model": "kombu_transport_django.message", "pk": 35}, {"fields": {"queue": 1, "visible": false, "sent_at": "2015-04-19T14:56:31.418Z", "payload": "{\"body\": \"gAJ9cQEoVQdleHBpcmVzcQJOVQN1dGNxA4hVBGFyZ3NxBF1xBVUFY2hvcmRxBk5VCWNhbGxiYWNrc3EHTlUIZXJyYmFja3NxCE5VB3Rhc2tzZXRxCU5VAmlkcQpVJGNhODk1YzExLWY0ZGEtNGI0NS1iNGJkLTZhNDU5MzIzYzEzZnELVQdyZXRyaWVzcQxLAFUEdGFza3ENVRFhcHAudGFza3MucHJvY2Vzc3EOVQl0aW1lbGltaXRxD05OhlUDZXRhcRBOVQZrd2FyZ3NxEX1xElUFdmlkZW9xE2NkamFuZ28uZGIubW9kZWxzLmJhc2UKbW9kZWxfdW5waWNrbGUKcRRVA2FwcHEVVQVWaWRlb3EWhl1jZGphbmdvLmRiLm1vZGVscy5iYXNlCnNpbXBsZV9jbGFzc19mYWN0b3J5CnEXh1JxGH1xGShVBG5hbWVxGlgAAAAAVQN1cmxxG1g2AAAAL1VzZXJzL2t1bmF0by9maW5hbF9wcm9qZWN0L3NlcnZlci9zdGF0aWMvdmlkZW8vMzEubXA0VQpzdGFydF90aW1lcRxjZGF0ZXRpbWUKZGF0ZXRpbWUKcR1VCgitDB8SAQAAAABjcHl0egpfVVRDCnEeKVJxH4ZScSBVBl9zdGF0ZXEhY2RqYW5nby5kYi5tb2RlbHMuYmFzZQpNb2RlbFN0YXRlCnEiKYFxI31xJChVBmFkZGluZ3EliVUCZGJxJlUHZGVmYXVsdHEndWJVCWNhbWVyYV9pZEsMVQphZGRlZF90aW1lcShoHVUKB98EEw44GAU7L2gfhlJxKVUEdHlwZXEqSwFoCksfVQt0cmFja2luZ19pZHErTnVic3Uu\", \"headers\": {}, \"content-type\": \"application/x-python-serialize\", \"properties\": {\"body_encoding\": \"base64\", \"correlation_id\": \"ca895c11-f4da-4b45-b4bd-6a459323c13f\", \"reply_to\": \"f2efde61-0c40-3861-86bc-99fe13d52026\", \"delivery_info\": {\"priority\": 0, \"routing_key\": \"celery\", \"exchange\": \"celery\"}, \"delivery_mode\": 2, \"delivery_tag\": \"753d8547-c0dd-4ca8-b9b7-a544483ff6bd\"}, \"content-encoding\": \"binary\"}"}, "model": "kombu_transport_django.message", "pk": 36}, {"fields": {"queue": 1, "visible": false, "sent_at": "2015-04-19T15:11:18.048Z", "payload": "{\"body\": \"gAJ9cQEoVQdleHBpcmVzcQJOVQN1dGNxA4hVBGFyZ3NxBF1xBVUFY2hvcmRxBk5VCWNhbGxiYWNrc3EHTlUIZXJyYmFja3NxCE5VB3Rhc2tzZXRxCU5VAmlkcQpVJGI5ZjYyYzkxLWExMTAtNGUzYi1iOTNkLWExZjkzMWQ4ZjkzYXELVQdyZXRyaWVzcQxLAFUEdGFza3ENVRFhcHAudGFza3MucHJvY2Vzc3EOVQl0aW1lbGltaXRxD05OhlUDZXRhcRBOVQZrd2FyZ3NxEX1xElUFdmlkZW9xE2NkamFuZ28uZGIubW9kZWxzLmJhc2UKbW9kZWxfdW5waWNrbGUKcRRVA2FwcHEVVQVWaWRlb3EWhl1jZGphbmdvLmRiLm1vZGVscy5iYXNlCnNpbXBsZV9jbGFzc19mYWN0b3J5CnEXh1JxGH1xGShVBG5hbWVxGlUAVQN1cmxxG1g2AAAAL1VzZXJzL2t1bmF0by9maW5hbF9wcm9qZWN0L3NlcnZlci9zdGF0aWMvdmlkZW8vMzIubXA0cRxVCnN0YXJ0X3RpbWVxHVgYAAAAMjAwNC0xMi0zMVQxODowMTowMC4wMDBacR5VBl9zdGF0ZXEfY2RqYW5nby5kYi5tb2RlbHMuYmFzZQpNb2RlbFN0YXRlCnEgKYFxIX1xIihVBmFkZGluZ3EjiVUCZGJxJFUHZGVmYXVsdHEldWJVCmFkZGVkX3RpbWVxJmNkYXRldGltZQpkYXRldGltZQpxJ1UKB98EExYLEQmQE4VScShVCWNhbWVyYV9pZEsBVQ1fY2FtZXJhX2NhY2hlcSloFGgVVQZDYW1lcmFxKoZdaBeHUnErfXEsKGgaWAIAAABjMWgbWBIAAAAvc3RhdGljL2ltZy8xLmpwZWdoH2ggKYFxLX1xLihoI4loJGgldWJVBmhlaWdodHEvTeABVQV3aWR0aHEwTVYDaApLAXViVQR0eXBlcTFLAWgKSyBVC3RyYWNraW5nX2lkcTJOdWJzdS4=\", \"headers\": {}, \"content-type\": \"application/x-python-serialize\", \"properties\": {\"body_encoding\": \"base64\", \"correlation_id\": \"b9f62c91-a110-4e3b-b93d-a1f931d8f93a\", \"reply_to\": \"bff43c29-970b-3593-8ca9-8813864dc4c3\", \"delivery_info\": {\"priority\": 0, \"routing_key\": \"celery\", \"exchange\": \"celery\"}, \"delivery_mode\": 2, \"delivery_tag\": \"13ee2b9f-1ff0-4c1b-a14a-9f2e21c9eb54\"}, \"content-encoding\": \"binary\"}"}, "model": "kombu_transport_django.message", "pk": 37}, {"fields": {"queue": 1, "visible": false, "sent_at": "2015-04-19T15:17:22.583Z", "payload": "{\"body\": \"gAJ9cQEoVQdleHBpcmVzcQJOVQN1dGNxA4hVBGFyZ3NxBF1xBVUFY2hvcmRxBk5VCWNhbGxiYWNrc3EHTlUIZXJyYmFja3NxCE5VB3Rhc2tzZXRxCU5VAmlkcQpVJDNlZDhkYmQxLWI3ZTItNDZhYS04NWRlLTYwN2U4MzQ1ODAzZXELVQdyZXRyaWVzcQxLAFUEdGFza3ENVRFhcHAudGFza3MucHJvY2Vzc3EOVQl0aW1lbGltaXRxD05OhlUDZXRhcRBOVQZrd2FyZ3NxEX1xElUFdmlkZW9xE2NkamFuZ28uZGIubW9kZWxzLmJhc2UKbW9kZWxfdW5waWNrbGUKcRRVA2FwcHEVVQVWaWRlb3EWhl1jZGphbmdvLmRiLm1vZGVscy5iYXNlCnNpbXBsZV9jbGFzc19mYWN0b3J5CnEXh1JxGH1xGShVBG5hbWVxGlUAVQN1cmxxG1g2AAAAL1VzZXJzL2t1bmF0by9maW5hbF9wcm9qZWN0L3NlcnZlci9zdGF0aWMvdmlkZW8vMzMubXA0cRxVCnN0YXJ0X3RpbWVxHVgYAAAAMjIyMS0xMi0zMVQxODowMTowMC4wMDBacR5VBl9zdGF0ZXEfY2RqYW5nby5kYi5tb2RlbHMuYmFzZQpNb2RlbFN0YXRlCnEgKYFxIX1xIihVBmFkZGluZ3EjiVUCZGJxJFUHZGVmYXVsdHEldWJVCmFkZGVkX3RpbWVxJmNkYXRldGltZQpkYXRldGltZQpxJ1UKB98EExYRFgOAsYVScShVCWNhbWVyYV9pZEsNVQ1fY2FtZXJhX2NhY2hlcSloFGgVVQZDYW1lcmFxKoZdaBeHUnErfXEsKGgaWAIAAAAxMWgbWAAAAABoH2ggKYFxLX1xLihoI4loJGgldWJVBmhlaWdodHEvS29VBXdpZHRocTBLb2gKSw11YlUEdHlwZXExSwFoCkshVQt0cmFja2luZ19pZHEyTnVic3Uu\", \"headers\": {}, \"content-type\": \"application/x-python-serialize\", \"properties\": {\"body_encoding\": \"base64\", \"correlation_id\": \"3ed8dbd1-b7e2-46aa-85de-607e8345803e\", \"reply_to\": \"bff43c29-970b-3593-8ca9-8813864dc4c3\", \"delivery_info\": {\"priority\": 0, \"routing_key\": \"celery\", \"exchange\": \"celery\"}, \"delivery_mode\": 2, \"delivery_tag\": \"4d3975ac-400e-4828-a0df-f27f7c10e7d5\"}, \"content-encoding\": \"binary\"}"}, "model": "kombu_transport_django.message", "pk": 38}, {"fields": {"queue": 1, "visible": false, "sent_at": "2015-04-19T15:18:41.248Z", "payload": "{\"body\": \"gAJ9cQEoVQdleHBpcmVzcQJOVQN1dGNxA4hVBGFyZ3NxBF1xBVUFY2hvcmRxBk5VCWNhbGxiYWNrc3EHTlUIZXJyYmFja3NxCE5VB3Rhc2tzZXRxCU5VAmlkcQpVJGQyYzdmYjhiLTc2NmEtNGQzZi1iZTYxLTQyODZjM2ZiNzE4Y3ELVQdyZXRyaWVzcQxLAFUEdGFza3ENVRFhcHAudGFza3MucHJvY2Vzc3EOVQl0aW1lbGltaXRxD05OhlUDZXRhcRBOVQZrd2FyZ3NxEX1xElUFdmlkZW9xE2NkamFuZ28uZGIubW9kZWxzLmJhc2UKbW9kZWxfdW5waWNrbGUKcRRVA2FwcHEVVQVWaWRlb3EWhl1jZGphbmdvLmRiLm1vZGVscy5iYXNlCnNpbXBsZV9jbGFzc19mYWN0b3J5CnEXh1JxGH1xGShVBG5hbWVxGlgAAAAAVQN1cmxxG1g2AAAAL1VzZXJzL2t1bmF0by9maW5hbF9wcm9qZWN0L3NlcnZlci9zdGF0aWMvdmlkZW8vMzMubXA0VQpzdGFydF90aW1lcRxjZGF0ZXRpbWUKZGF0ZXRpbWUKcR1VCgitDB8SAQAAAABjcHl0egpfVVRDCnEeKVJxH4ZScSBVBl9zdGF0ZXEhY2RqYW5nby5kYi5tb2RlbHMuYmFzZQpNb2RlbFN0YXRlCnEiKYFxI31xJChVBmFkZGluZ3EliVUCZGJxJlUHZGVmYXVsdHEndWJVCWNhbWVyYV9pZEsNVQphZGRlZF90aW1lcShoHVUKB98EEw8RFgOAsWgfhlJxKVUEdHlwZXEqSwFoCkshVQt0cmFja2luZ19pZHErTnVic3Uu\", \"headers\": {}, \"content-type\": \"application/x-python-serialize\", \"properties\": {\"body_encoding\": \"base64\", \"correlation_id\": \"d2c7fb8b-766a-4d3f-be61-4286c3fb718c\", \"reply_to\": \"bff43c29-970b-3593-8ca9-8813864dc4c3\", \"delivery_info\": {\"priority\": 0, \"routing_key\": \"celery\", \"exchange\": \"celery\"}, \"delivery_mode\": 2, \"delivery_tag\": \"60dc9fa4-60ae-4eb4-8e52-a4c61cefd0f4\"}, \"content-encoding\": \"binary\"}"}, "model": "kombu_transport_django.message", "pk": 39}, {"fields": {"queue": 1, "visible": false, "sent_at": "2015-04-19T15:23:33.230Z", "payload": "{\"body\": \"gAJ9cQEoVQdleHBpcmVzcQJOVQN1dGNxA4hVBGFyZ3NxBF1xBVUFY2hvcmRxBk5VCWNhbGxiYWNrc3EHTlUIZXJyYmFja3NxCE5VB3Rhc2tzZXRxCU5VAmlkcQpVJDg3YzI0YTljLTM0YmUtNDM4OC05NzA2LWRiZDliZGFkN2Y1YnELVQdyZXRyaWVzcQxLAFUEdGFza3ENVRFhcHAudGFza3MucHJvY2Vzc3EOVQl0aW1lbGltaXRxD05OhlUDZXRhcRBOVQZrd2FyZ3NxEX1xElUFdmlkZW9xE2NkamFuZ28uZGIubW9kZWxzLmJhc2UKbW9kZWxfdW5waWNrbGUKcRRVA2FwcHEVVQVWaWRlb3EWhl1jZGphbmdvLmRiLm1vZGVscy5iYXNlCnNpbXBsZV9jbGFzc19mYWN0b3J5CnEXh1JxGH1xGShVBG5hbWVxGlgBAAAAMVUDdXJscRtYNgAAAC9Vc2Vycy9rdW5hdG8vZmluYWxfcHJvamVjdC9zZXJ2ZXIvc3RhdGljL3ZpZGVvLzMzLm1wNFUKc3RhcnRfdGltZXEcY2RhdGV0aW1lCmRhdGV0aW1lCnEdVQoH3wQSEgEAAAAAY3B5dHoKX1VUQwpxHilScR+GUnEgVQZfc3RhdGVxIWNkamFuZ28uZGIubW9kZWxzLmJhc2UKTW9kZWxTdGF0ZQpxIimBcSN9cSQoVQZhZGRpbmdxJYlVAmRicSZVB2RlZmF1bHRxJ3ViVQljYW1lcmFfaWRxKEsNVQphZGRlZF90aW1lcSloHVUKB98EEw8RFgAAAGgfhlJxKlUEdHlwZXErSwFoCkshVQt0cmFja2luZ19pZHEsWCQAAABkMmM3ZmI4Yi03NjZhLTRkM2YtYmU2MS00Mjg2YzNmYjcxOGN1YnN1Lg==\", \"headers\": {}, \"content-type\": \"application/x-python-serialize\", \"properties\": {\"body_encoding\": \"base64\", \"correlation_id\": \"87c24a9c-34be-4388-9706-dbd9bdad7f5b\", \"reply_to\": \"bff43c29-970b-3593-8ca9-8813864dc4c3\", \"delivery_info\": {\"priority\": 0, \"routing_key\": \"celery\", \"exchange\": \"celery\"}, \"delivery_mode\": 2, \"delivery_tag\": \"6fd44886-2e8f-4bdd-9107-4cb194e18a9e\"}, \"content-encoding\": \"binary\"}"}, "model": "kombu_transport_django.message", "pk": 40}, {"fields": {"queue": 1, "visible": false, "sent_at": "2015-04-19T15:26:09.069Z", "payload": "{\"body\": \"gAJ9cQEoVQdleHBpcmVzcQJOVQN1dGNxA4hVBGFyZ3NxBF1xBVUFY2hvcmRxBk5VCWNhbGxiYWNrc3EHTlUIZXJyYmFja3NxCE5VB3Rhc2tzZXRxCU5VAmlkcQpVJDNiOTcyYjg5LThiZGYtNGQxYi04OWZhLTczN2FhYTZjYjA1M3ELVQdyZXRyaWVzcQxLAFUEdGFza3ENVRFhcHAudGFza3MucHJvY2Vzc3EOVQl0aW1lbGltaXRxD05OhlUDZXRhcRBOVQZrd2FyZ3NxEX1xElUFdmlkZW9xE2NkamFuZ28uZGIubW9kZWxzLmJhc2UKbW9kZWxfdW5waWNrbGUKcRRVA2FwcHEVVQVWaWRlb3EWhl1jZGphbmdvLmRiLm1vZGVscy5iYXNlCnNpbXBsZV9jbGFzc19mYWN0b3J5CnEXh1JxGH1xGShVBG5hbWVxGlgBAAAAMVUDdXJscRtYNgAAAC9Vc2Vycy9rdW5hdG8vZmluYWxfcHJvamVjdC9zZXJ2ZXIvc3RhdGljL3ZpZGVvLzMzLm1wNFUKc3RhcnRfdGltZXEcY2RhdGV0aW1lCmRhdGV0aW1lCnEdVQoH3wQSEgEAAAAAY3B5dHoKX1VUQwpxHilScR+GUnEgVQZfc3RhdGVxIWNkamFuZ28uZGIubW9kZWxzLmJhc2UKTW9kZWxTdGF0ZQpxIimBcSN9cSQoVQZhZGRpbmdxJYlVAmRicSZVB2RlZmF1bHRxJ3ViVQljYW1lcmFfaWRxKEsNVQphZGRlZF90aW1lcSloHVUKB98EEw8RFgAAAGgfhlJxKlUEdHlwZXErSwFoCkshVQt0cmFja2luZ19pZHEsWCQAAAA4N2MyNGE5Yy0zNGJlLTQzODgtOTcwNi1kYmQ5YmRhZDdmNWJ1YnN1Lg==\", \"headers\": {}, \"content-type\": \"application/x-python-serialize\", \"properties\": {\"body_encoding\": \"base64\", \"correlation_id\": \"3b972b89-8bdf-4d1b-89fa-737aaa6cb053\", \"reply_to\": \"d6059f12-5725-36d5-ad81-9c30e7ca831a\", \"delivery_info\": {\"priority\": 0, \"routing_key\": \"celery\", \"exchange\": \"celery\"}, \"delivery_mode\": 2, \"delivery_tag\": \"77fa4fce-9f24-44d2-9d8c-0ddf77cf18c3\"}, \"content-encoding\": \"binary\"}"}, "model": "kombu_transport_django.message", "pk": 41}, {"fields": {"queue": 1, "visible": false, "sent_at": "2015-04-19T15:28:12.462Z", "payload": "{\"body\": \"gAJ9cQEoVQdleHBpcmVzcQJOVQN1dGNxA4hVBGFyZ3NxBF1xBVUFY2hvcmRxBk5VCWNhbGxiYWNrc3EHTlUIZXJyYmFja3NxCE5VB3Rhc2tzZXRxCU5VAmlkcQpVJDJiZjQwNjljLTY0OTAtNGUyNi1hM2UzLTUzMGRjZDBmYjI1MHELVQdyZXRyaWVzcQxLAFUEdGFza3ENVRFhcHAudGFza3MucHJvY2Vzc3EOVQl0aW1lbGltaXRxD05OhlUDZXRhcRBOVQZrd2FyZ3NxEX1xElUFdmlkZW9xE2NkamFuZ28uZGIubW9kZWxzLmJhc2UKbW9kZWxfdW5waWNrbGUKcRRVA2FwcHEVVQVWaWRlb3EWhl1jZGphbmdvLmRiLm1vZGVscy5iYXNlCnNpbXBsZV9jbGFzc19mYWN0b3J5CnEXh1JxGH1xGShVBG5hbWVxGlUAVQN1cmxxG1g2AAAAL1VzZXJzL2t1bmF0by9maW5hbF9wcm9qZWN0L3NlcnZlci9zdGF0aWMvdmlkZW8vMzQubXA0cRxVCnN0YXJ0X3RpbWVxHVgYAAAAMjAwNC0xMi0zMVQxODowMTowMC4wMDBacR5VBl9zdGF0ZXEfY2RqYW5nby5kYi5tb2RlbHMuYmFzZQpNb2RlbFN0YXRlCnEgKYFxIX1xIihVBmFkZGluZ3EjiVUCZGJxJFUHZGVmYXVsdHEldWJVCmFkZGVkX3RpbWVxJmNkYXRldGltZQpkYXRldGltZQpxJ1UKB98EExYcDADErIVScShVCWNhbWVyYV9pZEsBVQ1fY2FtZXJhX2NhY2hlcSloFGgVVQZDYW1lcmFxKoZdaBeHUnErfXEsKGgaWAIAAABjMWgbWBIAAAAvc3RhdGljL2ltZy8xLmpwZWdoH2ggKYFxLX1xLihoI4loJGgldWJVBmhlaWdodHEvTeABVQV3aWR0aHEwTVYDaApLAXViVQR0eXBlcTFLAWgKSyJVC3RyYWNraW5nX2lkcTJOdWJzdS4=\", \"headers\": {}, \"content-type\": \"application/x-python-serialize\", \"properties\": {\"body_encoding\": \"base64\", \"correlation_id\": \"2bf4069c-6490-4e26-a3e3-530dcd0fb250\", \"reply_to\": \"4c64fb23-fbbc-3a16-85b0-e2034403e7ef\", \"delivery_info\": {\"priority\": 0, \"routing_key\": \"celery\", \"exchange\": \"celery\"}, \"delivery_mode\": 2, \"delivery_tag\": \"992a13b2-ea12-4649-b816-83a6fad27622\"}, \"content-encoding\": \"binary\"}"}, "model": "kombu_transport_django.message", "pk": 42}, {"fields": {"queue": 1, "visible": false, "sent_at": "2015-04-19T15:29:14.470Z", "payload": "{\"body\": \"gAJ9cQEoVQdleHBpcmVzcQJOVQN1dGNxA4hVBGFyZ3NxBF1xBVUFY2hvcmRxBk5VCWNhbGxiYWNrc3EHTlUIZXJyYmFja3NxCE5VB3Rhc2tzZXRxCU5VAmlkcQpVJGU5ODBjNzQ1LTFlYzktNDQ2ZC1iNDFjLTRjZmEzYjVhZjA2NnELVQdyZXRyaWVzcQxLAFUEdGFza3ENVRFhcHAudGFza3MucHJvY2Vzc3EOVQl0aW1lbGltaXRxD05OhlUDZXRhcRBOVQZrd2FyZ3NxEX1xElUFdmlkZW9xE2NkamFuZ28uZGIubW9kZWxzLmJhc2UKbW9kZWxfdW5waWNrbGUKcRRVA2FwcHEVVQVWaWRlb3EWhl1jZGphbmdvLmRiLm1vZGVscy5iYXNlCnNpbXBsZV9jbGFzc19mYWN0b3J5CnEXh1JxGH1xGShVBG5hbWVxGlUAVQN1cmxxG1g2AAAAL1VzZXJzL2t1bmF0by9maW5hbF9wcm9qZWN0L3NlcnZlci9zdGF0aWMvdmlkZW8vMzUubXA0cRxVCnN0YXJ0X3RpbWVxHVgYAAAAMjAwNC0xMi0zMVQxODowMTowMC4wMDBacR5VBl9zdGF0ZXEfY2RqYW5nby5kYi5tb2RlbHMuYmFzZQpNb2RlbFN0YXRlCnEgKYFxIX1xIihVBmFkZGluZ3EjiVUCZGJxJFUHZGVmYXVsdHEldWJVCmFkZGVkX3RpbWVxJmNkYXRldGltZQpkYXRldGltZQpxJ1UKB98EExYdDgEfPYVScShVCWNhbWVyYV9pZEsBVQ1fY2FtZXJhX2NhY2hlaBRoFVUGQ2FtZXJhcSmGXWgXh1JxKn1xKyhoGlgCAAAAYzFoG1gSAAAAL3N0YXRpYy9pbWcvMS5qcGVnaB9oICmBcSx9cS0oaCOJaCRoJXViVQZoZWlnaHRxLk3gAVUFd2lkdGhxL01WA2gKSwF1YlUEdHlwZXEwSwFoCksjVQt0cmFja2luZ19pZHExTnVic3Uu\", \"headers\": {}, \"content-type\": \"application/x-python-serialize\", \"properties\": {\"body_encoding\": \"base64\", \"correlation_id\": \"e980c745-1ec9-446d-b41c-4cfa3b5af066\", \"reply_to\": \"67641791-f93d-38e3-b84c-982a6be2da41\", \"delivery_info\": {\"priority\": 0, \"routing_key\": \"celery\", \"exchange\": \"celery\"}, \"delivery_mode\": 2, \"delivery_tag\": \"de038df1-bd61-44b3-868d-d949435a8a6c\"}, \"content-encoding\": \"binary\"}"}, "model": "kombu_transport_django.message", "pk": 43}, {"fields": {"queue": 1, "visible": false, "sent_at": "2015-04-19T15:30:04.281Z", "payload": "{\"body\": \"gAJ9cQEoVQdleHBpcmVzcQJOVQN1dGNxA4hVBGFyZ3NxBF1xBVUFY2hvcmRxBk5VCWNhbGxiYWNrc3EHTlUIZXJyYmFja3NxCE5VB3Rhc2tzZXRxCU5VAmlkcQpVJDI0OTk5YjViLWE0MDYtNDU4MC1hMjk1LThjMDIwNWRlMGM3NnELVQdyZXRyaWVzcQxLAFUEdGFza3ENVRFhcHAudGFza3MucHJvY2Vzc3EOVQl0aW1lbGltaXRxD05OhlUDZXRhcRBOVQZrd2FyZ3NxEX1xElUFdmlkZW9xE2NkamFuZ28uZGIubW9kZWxzLmJhc2UKbW9kZWxfdW5waWNrbGUKcRRVA2FwcHEVVQVWaWRlb3EWhl1jZGphbmdvLmRiLm1vZGVscy5iYXNlCnNpbXBsZV9jbGFzc19mYWN0b3J5CnEXh1JxGH1xGShVBG5hbWVxGlgBAAAAMVUDdXJscRtYNgAAAC9Vc2Vycy9rdW5hdG8vZmluYWxfcHJvamVjdC9zZXJ2ZXIvc3RhdGljL3ZpZGVvLzMzLm1wNFUKc3RhcnRfdGltZXEcY2RhdGV0aW1lCmRhdGV0aW1lCnEdVQoH3wQSEgEAAAAAY3B5dHoKX1VUQwpxHilScR+GUnEgVQZfc3RhdGVxIWNkamFuZ28uZGIubW9kZWxzLmJhc2UKTW9kZWxTdGF0ZQpxIimBcSN9cSQoVQZhZGRpbmdxJYlVAmRicSZVB2RlZmF1bHRxJ3ViVQljYW1lcmFfaWRLDVUKYWRkZWRfdGltZXEoaB1VCgffBBMPERYAAABoH4ZScSlVBHR5cGVxKksBaApLIVULdHJhY2tpbmdfaWRxK1gkAAAAM2I5NzJiODktOGJkZi00ZDFiLTg5ZmEtNzM3YWFhNmNiMDUzdWJzdS4=\", \"headers\": {}, \"content-type\": \"application/x-python-serialize\", \"properties\": {\"body_encoding\": \"base64\", \"correlation_id\": \"24999b5b-a406-4580-a295-8c0205de0c76\", \"reply_to\": \"67641791-f93d-38e3-b84c-982a6be2da41\", \"delivery_info\": {\"priority\": 0, \"routing_key\": \"celery\", \"exchange\": \"celery\"}, \"delivery_mode\": 2, \"delivery_tag\": \"b8963740-4d46-4266-a516-285098ed8921\"}, \"content-encoding\": \"binary\"}"}, "model": "kombu_transport_django.message", "pk": 44}, {"fields": {"queue": 1, "visible": false, "sent_at": "2015-04-19T15:31:03.754Z", "payload": "{\"body\": \"gAJ9cQEoVQdleHBpcmVzcQJOVQN1dGNxA4hVBGFyZ3NxBF1xBVUFY2hvcmRxBk5VCWNhbGxiYWNrc3EHTlUIZXJyYmFja3NxCE5VB3Rhc2tzZXRxCU5VAmlkcQpVJDBkM2E3OWRhLWUzMzMtNDg3Yi04Y2UyLTZkMDk3MDRiNTE0OHELVQdyZXRyaWVzcQxLAFUEdGFza3ENVRFhcHAudGFza3MucHJvY2Vzc3EOVQl0aW1lbGltaXRxD05OhlUDZXRhcRBOVQZrd2FyZ3NxEX1xElUFdmlkZW9xE2NkamFuZ28uZGIubW9kZWxzLmJhc2UKbW9kZWxfdW5waWNrbGUKcRRVA2FwcHEVVQVWaWRlb3EWhl1jZGphbmdvLmRiLm1vZGVscy5iYXNlCnNpbXBsZV9jbGFzc19mYWN0b3J5CnEXh1JxGH1xGShVBG5hbWVxGlUAVQN1cmxxG1g2AAAAL1VzZXJzL2t1bmF0by9maW5hbF9wcm9qZWN0L3NlcnZlci9zdGF0aWMvdmlkZW8vMzYubXA0cRxVCnN0YXJ0X3RpbWVxHVgYAAAAMjAwNC0xMi0zMVQxODowMTowMC4wMDBacR5VBl9zdGF0ZXEfY2RqYW5nby5kYi5tb2RlbHMuYmFzZQpNb2RlbFN0YXRlCnEgKYFxIX1xIihVBmFkZGluZ3EjiVUCZGJxJFUHZGVmYXVsdHEldWJVCmFkZGVkX3RpbWVxJmNkYXRldGltZQpkYXRldGltZQpxJ1UKB98EExYfAwVFvYVScShVCWNhbWVyYV9pZEsOVQ1fY2FtZXJhX2NhY2hlcSloFGgVVQZDYW1lcmFxKoZdaBeHUnErfXEsKGgaWAMAAAAxMjNoG1gAAAAAaB9oICmBcS19cS4oaCOJaCRoJXViVQZoZWlnaHRxL01NAVUFd2lkdGhxME1NAWgKSw51YlUEdHlwZXExSwFoCkskVQt0cmFja2luZ19pZHEyTnVic3Uu\", \"headers\": {}, \"content-type\": \"application/x-python-serialize\", \"properties\": {\"body_encoding\": \"base64\", \"correlation_id\": \"0d3a79da-e333-487b-8ce2-6d09704b5148\", \"reply_to\": \"67641791-f93d-38e3-b84c-982a6be2da41\", \"delivery_info\": {\"priority\": 0, \"routing_key\": \"celery\", \"exchange\": \"celery\"}, \"delivery_mode\": 2, \"delivery_tag\": \"4f54480f-dbdf-4cde-90af-c9d581a2d2fd\"}, \"content-encoding\": \"binary\"}"}, "model": "kombu_transport_django.message", "pk": 45}, {"fields": {"queue": 1, "visible": false, "sent_at": "2015-04-19T15:31:42.169Z", "payload": "{\"body\": \"gAJ9cQEoVQdleHBpcmVzcQJOVQN1dGNxA4hVBGFyZ3NxBF1xBVUFY2hvcmRxBk5VCWNhbGxiYWNrc3EHTlUIZXJyYmFja3NxCE5VB3Rhc2tzZXRxCU5VAmlkcQpVJGI3ZTNkYTlhLTdjZmUtNDdkMS05YjM5LWM5ZjkzODI2MzY4NnELVQdyZXRyaWVzcQxLAFUEdGFza3ENVRFhcHAudGFza3MucHJvY2Vzc3EOVQl0aW1lbGltaXRxD05OhlUDZXRhcRBOVQZrd2FyZ3NxEX1xElUFdmlkZW9xE2NkamFuZ28uZGIubW9kZWxzLmJhc2UKbW9kZWxfdW5waWNrbGUKcRRVA2FwcHEVVQVWaWRlb3EWhl1jZGphbmdvLmRiLm1vZGVscy5iYXNlCnNpbXBsZV9jbGFzc19mYWN0b3J5CnEXh1JxGH1xGShVBG5hbWVxGlgAAAAAVQN1cmxxG1g2AAAAL1VzZXJzL2t1bmF0by9maW5hbF9wcm9qZWN0L3NlcnZlci9zdGF0aWMvdmlkZW8vMzYubXA0VQpzdGFydF90aW1lcRxjZGF0ZXRpbWUKZGF0ZXRpbWUKcR1VCgfUDB8SAQAAAABjcHl0egpfVVRDCnEeKVJxH4ZScSBVBl9zdGF0ZXEhY2RqYW5nby5kYi5tb2RlbHMuYmFzZQpNb2RlbFN0YXRlCnEiKYFxI31xJChVBmFkZGluZ3EliVUCZGJxJlUHZGVmYXVsdHEndWJVCWNhbWVyYV9pZEsOVQphZGRlZF90aW1lcShoHVUKB98EEw8fAwVFvWgfhlJxKVUEdHlwZXEqSwFoCkskVQt0cmFja2luZ19pZHErTnVic3Uu\", \"headers\": {}, \"content-type\": \"application/x-python-serialize\", \"properties\": {\"body_encoding\": \"base64\", \"correlation_id\": \"b7e3da9a-7cfe-47d1-9b39-c9f938263686\", \"reply_to\": \"67641791-f93d-38e3-b84c-982a6be2da41\", \"delivery_info\": {\"priority\": 0, \"routing_key\": \"celery\", \"exchange\": \"celery\"}, \"delivery_mode\": 2, \"delivery_tag\": \"c30e8535-082b-4d70-b448-94dc8058f22c\"}, \"content-encoding\": \"binary\"}"}, "model": "kombu_transport_django.message", "pk": 46}, {"fields": {"queue": 1, "visible": false, "sent_at": "2015-04-19T15:33:50.448Z", "payload": "{\"body\": \"gAJ9cQEoVQdleHBpcmVzcQJOVQN1dGNxA4hVBGFyZ3NxBF1xBVUFY2hvcmRxBk5VCWNhbGxiYWNrc3EHTlUIZXJyYmFja3NxCE5VB3Rhc2tzZXRxCU5VAmlkcQpVJGY2MzA1MDE3LTJmNGQtNDg0NS05YTNjLWRiMzNmZjBkNTRlMHELVQdyZXRyaWVzcQxLAFUEdGFza3ENVRFhcHAudGFza3MucHJvY2Vzc3EOVQl0aW1lbGltaXRxD05OhlUDZXRhcRBOVQZrd2FyZ3NxEX1xElUFdmlkZW9xE2NkamFuZ28uZGIubW9kZWxzLmJhc2UKbW9kZWxfdW5waWNrbGUKcRRVA2FwcHEVVQVWaWRlb3EWhl1jZGphbmdvLmRiLm1vZGVscy5iYXNlCnNpbXBsZV9jbGFzc19mYWN0b3J5CnEXh1JxGH1xGShVBG5hbWVxGlUAVQN1cmxxG1g2AAAAL1VzZXJzL2t1bmF0by9maW5hbF9wcm9qZWN0L3NlcnZlci9zdGF0aWMvdmlkZW8vMzcubXA0cRxVCnN0YXJ0X3RpbWVxHWNkYXRldGltZQpkYXRldGltZQpxHlUKB9QMHxIBAAAAAGNkYXRldXRpbC50egp0enV0YwpxHymBcSB9cSFihlJxIlUGX3N0YXRlcSNjZGphbmdvLmRiLm1vZGVscy5iYXNlCk1vZGVsU3RhdGUKcSQpgXElfXEmKFUGYWRkaW5ncSeJVQJkYnEoVQdkZWZhdWx0cSl1YlUKYWRkZWRfdGltZXEqaB5VCgffBBMWITIAABaFUnErVQljYW1lcmFfaWRLAVUNX2NhbWVyYV9jYWNoZWgUaBVVBkNhbWVyYXEshl1oF4dScS19cS4oaBpYAgAAAGMxaBtYEgAAAC9zdGF0aWMvaW1nLzEuanBlZ2gjaCQpgXEvfXEwKGgniWgoaCl1YlUGaGVpZ2h0cTFN4AFVBXdpZHRocTJNVgNoCksBdWJVBHR5cGVxM0sBaApLJVULdHJhY2tpbmdfaWRxNE51YnN1Lg==\", \"headers\": {}, \"content-type\": \"application/x-python-serialize\", \"properties\": {\"body_encoding\": \"base64\", \"correlation_id\": \"f6305017-2f4d-4845-9a3c-db33ff0d54e0\", \"reply_to\": \"80171fe1-4033-3519-85f5-2d14beb367a9\", \"delivery_info\": {\"priority\": 0, \"routing_key\": \"celery\", \"exchange\": \"celery\"}, \"delivery_mode\": 2, \"delivery_tag\": \"e47a9f21-32ec-43b6-9697-f307c326cd74\"}, \"content-encoding\": \"binary\"}"}, "model": "kombu_transport_django.message", "pk": 47}, {"fields": {"queue": 1, "visible": false, "sent_at": "2015-04-19T15:35:09.160Z", "payload": "{\"body\": \"gAJ9cQEoVQdleHBpcmVzcQJOVQN1dGNxA4hVBGFyZ3NxBF1xBVUFY2hvcmRxBk5VCWNhbGxiYWNrc3EHTlUIZXJyYmFja3NxCE5VB3Rhc2tzZXRxCU5VAmlkcQpVJGI5MmIyZDg0LTU0ZmItNDUwZC1hZTZiLTQ2ODc3MjQ1OTI2MHELVQdyZXRyaWVzcQxLAFUEdGFza3ENVRFhcHAudGFza3MucHJvY2Vzc3EOVQl0aW1lbGltaXRxD05OhlUDZXRhcRBOVQZrd2FyZ3NxEX1xElUFdmlkZW9xE2NkamFuZ28uZGIubW9kZWxzLmJhc2UKbW9kZWxfdW5waWNrbGUKcRRVA2FwcHEVVQVWaWRlb3EWhl1jZGphbmdvLmRiLm1vZGVscy5iYXNlCnNpbXBsZV9jbGFzc19mYWN0b3J5CnEXh1JxGH1xGShVBG5hbWVxGlUAVQN1cmxxG1g2AAAAL1VzZXJzL2t1bmF0by9maW5hbF9wcm9qZWN0L3NlcnZlci9zdGF0aWMvdmlkZW8vMzgubXA0cRxVCnN0YXJ0X3RpbWVxHWNkYXRldGltZQpkYXRldGltZQpxHlUKB9QMHxIBAAAAAGNkYXRldXRpbC50egp0enV0YwpxHymBcSB9cSFihlJxIlUGX3N0YXRlcSNjZGphbmdvLmRiLm1vZGVscy5iYXNlCk1vZGVsU3RhdGUKcSQpgXElfXEmKFUGYWRkaW5ncSeJVQJkYnEoVQdkZWZhdWx0cSl1YlUKYWRkZWRfdGltZXEqaB5VCgffBBMWIwgLzj2FUnErVQljYW1lcmFfaWRLD1UNX2NhbWVyYV9jYWNoZXEsaBRoFVUGQ2FtZXJhcS2GXWgXh1JxLn1xLyhoGlgDAAAAMTIzaBtYAAAAAGgjaCQpgXEwfXExKGgniWgoaCl1YlUGaGVpZ2h0cTJLe1UFd2lkdGhxM0t7aApLD3ViVQR0eXBlcTRLAWgKSyZVC3RyYWNraW5nX2lkcTVOdWJzdS4=\", \"headers\": {}, \"content-type\": \"application/x-python-serialize\", \"properties\": {\"body_encoding\": \"base64\", \"correlation_id\": \"b92b2d84-54fb-450d-ae6b-468772459260\", \"reply_to\": \"80171fe1-4033-3519-85f5-2d14beb367a9\", \"delivery_info\": {\"priority\": 0, \"routing_key\": \"celery\", \"exchange\": \"celery\"}, \"delivery_mode\": 2, \"delivery_tag\": \"12adf0fd-3044-4f7a-a0ff-18f4ca30d5bf\"}, \"content-encoding\": \"binary\"}"}, "model": "kombu_transport_django.message", "pk": 48}, {"fields": {"queue": 1, "visible": false, "sent_at": "2015-04-19T15:35:52.106Z", "payload": "{\"body\": \"gAJ9cQEoVQdleHBpcmVzcQJOVQN1dGNxA4hVBGFyZ3NxBF1xBVUFY2hvcmRxBk5VCWNhbGxiYWNrc3EHTlUIZXJyYmFja3NxCE5VB3Rhc2tzZXRxCU5VAmlkcQpVJGQzZGYzMDE1LTQ1ZjItNDAxNC05NmZiLTQ0ZWYzY2ZlOTJhYnELVQdyZXRyaWVzcQxLAFUEdGFza3ENVRFhcHAudGFza3MucHJvY2Vzc3EOVQl0aW1lbGltaXRxD05OhlUDZXRhcRBOVQZrd2FyZ3NxEX1xElUFdmlkZW9xE2NkamFuZ28uZGIubW9kZWxzLmJhc2UKbW9kZWxfdW5waWNrbGUKcRRVA2FwcHEVVQVWaWRlb3EWhl1jZGphbmdvLmRiLm1vZGVscy5iYXNlCnNpbXBsZV9jbGFzc19mYWN0b3J5CnEXh1JxGH1xGShVBG5hbWVxGlgAAAAAVQN1cmxxG1g2AAAAL1VzZXJzL2t1bmF0by9maW5hbF9wcm9qZWN0L3NlcnZlci9zdGF0aWMvdmlkZW8vMzgubXA0VQpzdGFydF90aW1lcRxjZGF0ZXRpbWUKZGF0ZXRpbWUKcR1VCgfUDB8SAQAAAABjcHl0egpfVVRDCnEeKVJxH4ZScSBVBl9zdGF0ZXEhY2RqYW5nby5kYi5tb2RlbHMuYmFzZQpNb2RlbFN0YXRlCnEiKYFxI31xJChVBmFkZGluZ3EliVUCZGJxJlUHZGVmYXVsdHEndWJVCWNhbWVyYV9pZEsPVQphZGRlZF90aW1lcShoHVUKB98EEw8jCAvOPWgfhlJxKVUEdHlwZXEqSwFoCksmVQt0cmFja2luZ19pZHErTnVic3Uu\", \"headers\": {}, \"content-type\": \"application/x-python-serialize\", \"properties\": {\"body_encoding\": \"base64\", \"correlation_id\": \"d3df3015-45f2-4014-96fb-44ef3cfe92ab\", \"reply_to\": \"80171fe1-4033-3519-85f5-2d14beb367a9\", \"delivery_info\": {\"priority\": 0, \"routing_key\": \"celery\", \"exchange\": \"celery\"}, \"delivery_mode\": 2, \"delivery_tag\": \"ec178fc6-67f4-4e53-92d1-9d7c2ff7cd17\"}, \"content-encoding\": \"binary\"}"}, "model": "kombu_transport_django.message", "pk": 49}, {"fields": {"queue": 1, "visible": false, "sent_at": "2015-04-20T06:38:02.781Z", "payload": "{\"body\": \"gAJ9cQEoVQdleHBpcmVzcQJOVQN1dGNxA4hVBGFyZ3NxBF1xBVUFY2hvcmRxBk5VCWNhbGxiYWNrc3EHTlUIZXJyYmFja3NxCE5VB3Rhc2tzZXRxCU5VAmlkcQpVJDI0ZjdjMmU0LWRhMzEtNDhjYy05NmVjLWJlZDc2YjBkYzZjY3ELVQdyZXRyaWVzcQxLAFUEdGFza3ENVRFhcHAudGFza3MucHJvY2Vzc3EOVQl0aW1lbGltaXRxD05OhlUDZXRhcRBOVQZrd2FyZ3NxEX1xElUFdmlkZW9xE2NkamFuZ28uZGIubW9kZWxzLmJhc2UKbW9kZWxfdW5waWNrbGUKcRRVA2FwcHEVVQVWaWRlb3EWhl1jZGphbmdvLmRiLm1vZGVscy5iYXNlCnNpbXBsZV9jbGFzc19mYWN0b3J5CnEXh1JxGH1xGShVBG5hbWVxGlUAVQN1cmxxG1g2AAAAL1VzZXJzL2t1bmF0by9maW5hbF9wcm9qZWN0L3NlcnZlci9zdGF0aWMvdmlkZW8vMzkubXA0cRxVCnN0YXJ0X3RpbWVxHWNkYXRldGltZQpkYXRldGltZQpxHlUKB98EFAYAAAAAAGNkYXRldXRpbC50egp0enV0YwpxHymBcSB9cSFihlJxIlUGX3N0YXRlcSNjZGphbmdvLmRiLm1vZGVscy5iYXNlCk1vZGVsU3RhdGUKcSQpgXElfXEmKFUGYWRkaW5ncSeJVQJkYnEoVQdkZWZhdWx0cSl1YlUKYWRkZWRfdGltZXEqaB5VCgffBBQNJgEEmweFUnErVQljYW1lcmFfaWRLAVUNX2NhbWVyYV9jYWNoZXEsaBRoFVUGQ2FtZXJhcS2GXWgXh1JxLn1xLyhoGlgCAAAAYzFoG1gSAAAAL3N0YXRpYy9pbWcvMS5qcGVnaCNoJCmBcTB9cTEoaCeJaChoKXViVQZoZWlnaHRxMk3gAVUFd2lkdGhxM01WA2gKSwF1YlUEdHlwZXE0SwFoCksnVQt0cmFja2luZ19pZHE1TnVic3Uu\", \"headers\": {}, \"content-type\": \"application/x-python-serialize\", \"properties\": {\"body_encoding\": \"base64\", \"correlation_id\": \"24f7c2e4-da31-48cc-96ec-bed76b0dc6cc\", \"reply_to\": \"cfb67ba4-6968-32f0-9c95-5d8118590699\", \"delivery_info\": {\"priority\": 0, \"routing_key\": \"celery\", \"exchange\": \"celery\"}, \"delivery_mode\": 2, \"delivery_tag\": \"8dfb3dd6-30bc-40e2-bbfd-ffc9030d4aa1\"}, \"content-encoding\": \"binary\"}"}, "model": "kombu_transport_django.message", "pk": 50}, {"fields": {"queue": 1, "visible": false, "sent_at": "2015-04-20T06:38:17.029Z", "payload": "{\"body\": \"gAJ9cQEoVQdleHBpcmVzcQJOVQN1dGNxA4hVBGFyZ3NxBF1xBVUFY2hvcmRxBk5VCWNhbGxiYWNrc3EHTlUIZXJyYmFja3NxCE5VB3Rhc2tzZXRxCU5VAmlkcQpVJGZmNGQyMWQwLTVlMWMtNGI5Zi04NmI1LTVlOTlkODFlMTRhMnELVQdyZXRyaWVzcQxLAFUEdGFza3ENVRFhcHAudGFza3MucHJvY2Vzc3EOVQl0aW1lbGltaXRxD05OhlUDZXRhcRBOVQZrd2FyZ3NxEX1xElUFdmlkZW9xE2NkamFuZ28uZGIubW9kZWxzLmJhc2UKbW9kZWxfdW5waWNrbGUKcRRVA2FwcHEVVQVWaWRlb3EWhl1jZGphbmdvLmRiLm1vZGVscy5iYXNlCnNpbXBsZV9jbGFzc19mYWN0b3J5CnEXh1JxGH1xGShVBG5hbWVxGlUAVQN1cmxxG1g2AAAAL1VzZXJzL2t1bmF0by9maW5hbF9wcm9qZWN0L3NlcnZlci9zdGF0aWMvdmlkZW8vNDAubXA0cRxVCnN0YXJ0X3RpbWVxHWNkYXRldGltZQpkYXRldGltZQpxHlUKB98EFAYAAAAAAGNkYXRldXRpbC50egp0enV0YwpxHymBcSB9cSFihlJxIlUGX3N0YXRlcSNjZGphbmdvLmRiLm1vZGVscy5iYXNlCk1vZGVsU3RhdGUKcSQpgXElfXEmKFUGYWRkaW5ncSeJVQJkYnEoVQdkZWZhdWx0cSl1YlUKYWRkZWRfdGltZXEqaB5VCgffBBQNJhAJsqCFUnErVQljYW1lcmFfaWRLAlUNX2NhbWVyYV9jYWNoZXEsaBRoFVUGQ2FtZXJhcS2GXWgXh1JxLn1xLyhoGlgCAAAAYzJoG1gSAAAAL3N0YXRpYy9pbWcvMi5qcGVnaCNoJCmBcTB9cTEoaCeJaChoKXViVQZoZWlnaHRxMk3gAVUFd2lkdGhxM01WA2gKSwJ1YlUEdHlwZXE0SwFoCksoVQt0cmFja2luZ19pZHE1TnVic3Uu\", \"headers\": {}, \"content-type\": \"application/x-python-serialize\", \"properties\": {\"body_encoding\": \"base64\", \"correlation_id\": \"ff4d21d0-5e1c-4b9f-86b5-5e99d81e14a2\", \"reply_to\": \"cfb67ba4-6968-32f0-9c95-5d8118590699\", \"delivery_info\": {\"priority\": 0, \"routing_key\": \"celery\", \"exchange\": \"celery\"}, \"delivery_mode\": 2, \"delivery_tag\": \"0c4beed9-d3ad-4a6d-9e67-fefb4c5d6842\"}, \"content-encoding\": \"binary\"}"}, "model": "kombu_transport_django.message", "pk": 51}, {"fields": {"queue": 1, "visible": false, "sent_at": "2015-04-20T06:43:57.318Z", "payload": "{\"body\": \"gAJ9cQEoVQdleHBpcmVzcQJOVQN1dGNxA4hVBGFyZ3NxBF1xBVUFY2hvcmRxBk5VCWNhbGxiYWNrc3EHTlUIZXJyYmFja3NxCE5VB3Rhc2tzZXRxCU5VAmlkcQpVJDI4MjQ1ZTZmLWE3NjMtNDAxNS1hYWYwLTQ0YjZiMjk0ZmQ4OXELVQdyZXRyaWVzcQxLAFUEdGFza3ENVRFhcHAudGFza3MucHJvY2Vzc3EOVQl0aW1lbGltaXRxD05OhlUDZXRhcRBOVQZrd2FyZ3NxEX1xElUFdmlkZW9xE2NkamFuZ28uZGIubW9kZWxzLmJhc2UKbW9kZWxfdW5waWNrbGUKcRRVA2FwcHEVVQVWaWRlb3EWhl1jZGphbmdvLmRiLm1vZGVscy5iYXNlCnNpbXBsZV9jbGFzc19mYWN0b3J5CnEXh1JxGH1xGShVBG5hbWVxGlUAVQN1cmxxG1g2AAAAL1VzZXJzL2t1bmF0by9maW5hbF9wcm9qZWN0L3NlcnZlci9zdGF0aWMvdmlkZW8vNDEubXA0cRxVCnN0YXJ0X3RpbWVxHWNkYXRldGltZQpkYXRldGltZQpxHlUKB98EFAYAAAAAAGNkYXRldXRpbC50egp0enV0YwpxHymBcSB9cSFihlJxIlUGX3N0YXRlcSNjZGphbmdvLmRiLm1vZGVscy5iYXNlCk1vZGVsU3RhdGUKcSQpgXElfXEmKFUGYWRkaW5ncSeJVQJkYnEoVQdkZWZhdWx0cSl1YlUKYWRkZWRfdGltZXEqaB5VCgffBBQNKzgL+LmFUnErVQljYW1lcmFfaWRLA1UNX2NhbWVyYV9jYWNoZXEsaBRoFVUGQ2FtZXJhcS2GXWgXh1JxLn1xLyhoGlgCAAAAYzNoG1gSAAAAL3N0YXRpYy9pbWcvOS5qcGVnaCNoJCmBcTB9cTEoaCeJaChoKXViVQZoZWlnaHRxMk3gAVUFd2lkdGhxM01WA2gKSwN1YlUEdHlwZXE0SwFoCkspVQt0cmFja2luZ19pZHE1TnVic3Uu\", \"headers\": {}, \"content-type\": \"application/x-python-serialize\", \"properties\": {\"body_encoding\": \"base64\", \"correlation_id\": \"28245e6f-a763-4015-aaf0-44b6b294fd89\", \"reply_to\": \"cfb67ba4-6968-32f0-9c95-5d8118590699\", \"delivery_info\": {\"priority\": 0, \"routing_key\": \"celery\", \"exchange\": \"celery\"}, \"delivery_mode\": 2, \"delivery_tag\": \"1819ee10-08d9-4a3c-a075-2de1c0348e7b\"}, \"content-encoding\": \"binary\"}"}, "model": "kombu_transport_django.message", "pk": 52}, {"fields": {"queue": 1, "visible": false, "sent_at": "2015-04-20T06:47:49.754Z", "payload": "{\"body\": \"gAJ9cQEoVQdleHBpcmVzcQJOVQN1dGNxA4hVBGFyZ3NxBF1xBVUFY2hvcmRxBk5VCWNhbGxiYWNrc3EHTlUIZXJyYmFja3NxCE5VB3Rhc2tzZXRxCU5VAmlkcQpVJGZkZDNkZmViLTY3YzAtNGYxYS1iNTVjLWRjMDFhNzYwMjkwMHELVQdyZXRyaWVzcQxLAFUEdGFza3ENVRFhcHAudGFza3MucHJvY2Vzc3EOVQl0aW1lbGltaXRxD05OhlUDZXRhcRBOVQZrd2FyZ3NxEX1xElUFdmlkZW9xE2NkamFuZ28uZGIubW9kZWxzLmJhc2UKbW9kZWxfdW5waWNrbGUKcRRVA2FwcHEVVQVWaWRlb3EWhl1jZGphbmdvLmRiLm1vZGVscy5iYXNlCnNpbXBsZV9jbGFzc19mYWN0b3J5CnEXh1JxGH1xGShVBG5hbWVxGlUAVQN1cmxxG1g2AAAAL1VzZXJzL2t1bmF0by9maW5hbF9wcm9qZWN0L3NlcnZlci9zdGF0aWMvdmlkZW8vNDIubXA0cRxVCnN0YXJ0X3RpbWVxHWNkYXRldGltZQpkYXRldGltZQpxHlUKB98EFAYAAAAAAGNkYXRldXRpbC50egp0enV0YwpxHymBcSB9cSFihlJxIlUGX3N0YXRlcSNjZGphbmdvLmRiLm1vZGVscy5iYXNlCk1vZGVsU3RhdGUKcSQpgXElfXEmKFUGYWRkaW5ncSeJVQJkYnEoVQdkZWZhdWx0cSl1YlUKYWRkZWRfdGltZXEqaB5VCgffBBQNLzEFoIaFUnErVQljYW1lcmFfaWRLA1UNX2NhbWVyYV9jYWNoZXEsaBRoFVUGQ2FtZXJhcS2GXWgXh1JxLn1xLyhoGlgCAAAAYzNoG1gSAAAAL3N0YXRpYy9pbWcvOS5qcGVnaCNoJCmBcTB9cTEoaCeJaChoKXViVQZoZWlnaHRxMk3gAVUFd2lkdGhxM01WA2gKSwN1YlUEdHlwZXE0SwFoCksqVQt0cmFja2luZ19pZHE1TnVic3Uu\", \"headers\": {}, \"content-type\": \"application/x-python-serialize\", \"properties\": {\"body_encoding\": \"base64\", \"correlation_id\": \"fdd3dfeb-67c0-4f1a-b55c-dc01a7602900\", \"reply_to\": \"cfb67ba4-6968-32f0-9c95-5d8118590699\", \"delivery_info\": {\"priority\": 0, \"routing_key\": \"celery\", \"exchange\": \"celery\"}, \"delivery_mode\": 2, \"delivery_tag\": \"8a15c220-6593-461b-9e9d-43616368abb3\"}, \"content-encoding\": \"binary\"}"}, "model": "kombu_transport_django.message", "pk": 53}, {"fields": {"model": "camera", "name": "camera", "app_label": "app"}, "model": "contenttypes.contenttype", "pk": 1}, {"fields": {"model": "video", "name": "video", "app_label": "app"}, "model": "contenttypes.contenttype", "pk": 2}, {"fields": {"model": "map", "name": "map", "app_label": "app"}, "model": "contenttypes.contenttype", "pk": 3}, {"fields": {"model": "mappoint", "name": "map point", "app_label": "app"}, "model": "contenttypes.contenttype", "pk": 4}, {"fields": {"model": "camerapoint", "name": "camera point", "app_label": "app"}, "model": "contenttypes.contenttype", "pk": 5}, {"fields": {"model": "datarelation", "name": "data relation", "app_label": "app"}, "model": "contenttypes.contenttype", "pk": 6}, {"fields": {"model": "videodata", "name": "video data", "app_label": "app"}, "model": "contenttypes.contenttype", "pk": 7}, {"fields": {"model": "traffic", "name": "traffic", "app_label": "app"}, "model": "contenttypes.contenttype", "pk": 8}, {"fields": {"model": "apiaccess", "name": "api access", "app_label": "tastypie"}, "model": "contenttypes.contenttype", "pk": 9}, {"fields": {"model": "apikey", "name": "api key", "app_label": "tastypie"}, "model": "contenttypes.contenttype", "pk": 10}, {"fields": {"model": "taskmeta", "name": "task state", "app_label": "djcelery"}, "model": "contenttypes.contenttype", "pk": 11}, {"fields": {"model": "tasksetmeta", "name": "saved group result", "app_label": "djcelery"}, "model": "contenttypes.contenttype", "pk": 12}, {"fields": {"model": "intervalschedule", "name": "interval", "app_label": "djcelery"}, "model": "contenttypes.contenttype", "pk": 13}, {"fields": {"model": "crontabschedule", "name": "crontab", "app_label": "djcelery"}, "model": "contenttypes.contenttype", "pk": 14}, {"fields": {"model": "periodictasks", "name": "periodic tasks", "app_label": "djcelery"}, "model": "contenttypes.contenttype", "pk": 15}, {"fields": {"model": "periodictask", "name": "periodic task", "app_label": "djcelery"}, "model": "contenttypes.contenttype", "pk": 16}, {"fields": {"model": "workerstate", "name": "worker", "app_label": "djcelery"}, "model": "contenttypes.contenttype", "pk": 17}, {"fields": {"model": "taskstate", "name": "task", "app_label": "djcelery"}, "model": "contenttypes.contenttype", "pk": 18}, {"fields": {"model": "queue", "name": "queue", "app_label": "kombu_transport_django"}, "model": "contenttypes.contenttype", "pk": 19}, {"fields": {"model": "message", "name": "message", "app_label": "kombu_transport_django"}, "model": "contenttypes.contenttype", "pk": 20}, {"fields": {"model": "logentry", "name": "log entry", "app_label": "admin"}, "model": "contenttypes.contenttype", "pk": 21}, {"fields": {"model": "permission", "name": "permission", "app_label": "auth"}, "model": "contenttypes.contenttype", "pk": 22}, {"fields": {"model": "group", "name": "group", "app_label": "auth"}, "model": "contenttypes.contenttype", "pk": 23}, {"fields": {"model": "user", "name": "user", "app_label": "auth"}, "model": "contenttypes.contenttype", "pk": 24}, {"fields": {"model": "contenttype", "name": "content type", "app_label": "contenttypes"}, "model": "contenttypes.contenttype", "pk": 25}, {"fields": {"model": "session", "name": "session", "app_label": "sessions"}, "model": "contenttypes.contenttype", "pk": 26}, {"fields": {"expire_date": "2015-05-03T12:53:05.330Z", "session_data": "MTA4NTYzYTU3ZGY3OGE2ODk4MDQ3YjY3Yzc5MjdmOGMyNDI0NGQ1ODp7Il9hdXRoX3VzZXJfaGFzaCI6ImZjNjBjODlhYzE4YmNlYmQ2ZjkwMjY4MzI3NjY1ODMwZWI3YzBlMDIiLCJfYXV0aF91c2VyX2JhY2tlbmQiOiJkamFuZ28uY29udHJpYi5hdXRoLmJhY2tlbmRzLk1vZGVsQmFja2VuZCIsIl9hdXRoX3VzZXJfaWQiOjF9"}, "model": "sessions.session", "pk": "95hhfhxtjig6vzz6tkd136mdas5ju4a7"}, {"fields": {"expire_date": "2015-04-22T09:12:26.366Z", "session_data": "MTA4NTYzYTU3ZGY3OGE2ODk4MDQ3YjY3Yzc5MjdmOGMyNDI0NGQ1ODp7Il9hdXRoX3VzZXJfaGFzaCI6ImZjNjBjODlhYzE4YmNlYmQ2ZjkwMjY4MzI3NjY1ODMwZWI3YzBlMDIiLCJfYXV0aF91c2VyX2JhY2tlbmQiOiJkamFuZ28uY29udHJpYi5hdXRoLmJhY2tlbmRzLk1vZGVsQmFja2VuZCIsIl9hdXRoX3VzZXJfaWQiOjF9"}, "model": "sessions.session", "pk": "fjivaytp1jyeo6azx89nqmtxr5gxh9oo"}, {"fields": {"expire_date": "2015-05-03T16:21:51.991Z", "session_data": "MTA4NTYzYTU3ZGY3OGE2ODk4MDQ3YjY3Yzc5MjdmOGMyNDI0NGQ1ODp7Il9hdXRoX3VzZXJfaGFzaCI6ImZjNjBjODlhYzE4YmNlYmQ2ZjkwMjY4MzI3NjY1ODMwZWI3YzBlMDIiLCJfYXV0aF91c2VyX2JhY2tlbmQiOiJkamFuZ28uY29udHJpYi5hdXRoLmJhY2tlbmRzLk1vZGVsQmFja2VuZCIsIl9hdXRoX3VzZXJfaWQiOjF9"}, "model": "sessions.session", "pk": "zaw92lyyzb7cyv2p1y49s2rymac4maex"}, {"fields": {"codename": "add_camera", "name": "Can add camera", "content_type": 1}, "model": "auth.permission", "pk": 1}, {"fields": {"codename": "change_camera", "name": "Can change camera", "content_type": 1}, "model": "auth.permission", "pk": 2}, {"fields": {"codename": "delete_camera", "name": "Can delete camera", "content_type": 1}, "model": "auth.permission", "pk": 3}, {"fields": {"codename": "add_video", "name": "Can add video", "content_type": 2}, "model": "auth.permission", "pk": 4}, {"fields": {"codename": "change_video", "name": "Can change video", "content_type": 2}, "model": "auth.permission", "pk": 5}, {"fields": {"codename": "delete_video", "name": "Can delete video", "content_type": 2}, "model": "auth.permission", "pk": 6}, {"fields": {"codename": "add_map", "name": "Can add map", "content_type": 3}, "model": "auth.permission", "pk": 7}, {"fields": {"codename": "change_map", "name": "Can change map", "content_type": 3}, "model": "auth.permission", "pk": 8}, {"fields": {"codename": "delete_map", "name": "Can delete map", "content_type": 3}, "model": "auth.permission", "pk": 9}, {"fields": {"codename": "add_mappoint", "name": "Can add map point", "content_type": 4}, "model": "auth.permission", "pk": 10}, {"fields": {"codename": "change_mappoint", "name": "Can change map point", "content_type": 4}, "model": "auth.permission", "pk": 11}, {"fields": {"codename": "delete_mappoint", "name": "Can delete map point", "content_type": 4}, "model": "auth.permission", "pk": 12}, {"fields": {"codename": "add_camerapoint", "name": "Can add camera point", "content_type": 5}, "model": "auth.permission", "pk": 13}, {"fields": {"codename": "change_camerapoint", "name": "Can change camera point", "content_type": 5}, "model": "auth.permission", "pk": 14}, {"fields": {"codename": "delete_camerapoint", "name": "Can delete camera point", "content_type": 5}, "model": "auth.permission", "pk": 15}, {"fields": {"codename": "add_datarelation", "name": "Can add data relation", "content_type": 6}, "model": "auth.permission", "pk": 16}, {"fields": {"codename": "change_datarelation", "name": "Can change data relation", "content_type": 6}, "model": "auth.permission", "pk": 17}, {"fields": {"codename": "delete_datarelation", "name": "Can delete data relation", "content_type": 6}, "model": "auth.permission", "pk": 18}, {"fields": {"codename": "add_videodata", "name": "Can add video data", "content_type": 7}, "model": "auth.permission", "pk": 19}, {"fields": {"codename": "change_videodata", "name": "Can change video data", "content_type": 7}, "model": "auth.permission", "pk": 20}, {"fields": {"codename": "delete_videodata", "name": "Can delete video data", "content_type": 7}, "model": "auth.permission", "pk": 21}, {"fields": {"codename": "add_traffic", "name": "Can add traffic", "content_type": 8}, "model": "auth.permission", "pk": 22}, {"fields": {"codename": "change_traffic", "name": "Can change traffic", "content_type": 8}, "model": "auth.permission", "pk": 23}, {"fields": {"codename": "delete_traffic", "name": "Can delete traffic", "content_type": 8}, "model": "auth.permission", "pk": 24}, {"fields": {"codename": "add_apiaccess", "name": "Can add api access", "content_type": 9}, "model": "auth.permission", "pk": 25}, {"fields": {"codename": "change_apiaccess", "name": "Can change api access", "content_type": 9}, "model": "auth.permission", "pk": 26}, {"fields": {"codename": "delete_apiaccess", "name": "Can delete api access", "content_type": 9}, "model": "auth.permission", "pk": 27}, {"fields": {"codename": "add_apikey", "name": "Can add api key", "content_type": 10}, "model": "auth.permission", "pk": 28}, {"fields": {"codename": "change_apikey", "name": "Can change api key", "content_type": 10}, "model": "auth.permission", "pk": 29}, {"fields": {"codename": "delete_apikey", "name": "Can delete api key", "content_type": 10}, "model": "auth.permission", "pk": 30}, {"fields": {"codename": "add_taskmeta", "name": "Can add task state", "content_type": 11}, "model": "auth.permission", "pk": 31}, {"fields": {"codename": "change_taskmeta", "name": "Can change task state", "content_type": 11}, "model": "auth.permission", "pk": 32}, {"fields": {"codename": "delete_taskmeta", "name": "Can delete task state", "content_type": 11}, "model": "auth.permission", "pk": 33}, {"fields": {"codename": "add_tasksetmeta", "name": "Can add saved group result", "content_type": 12}, "model": "auth.permission", "pk": 34}, {"fields": {"codename": "change_tasksetmeta", "name": "Can change saved group result", "content_type": 12}, "model": "auth.permission", "pk": 35}, {"fields": {"codename": "delete_tasksetmeta", "name": "Can delete saved group result", "content_type": 12}, "model": "auth.permission", "pk": 36}, {"fields": {"codename": "add_intervalschedule", "name": "Can add interval", "content_type": 13}, "model": "auth.permission", "pk": 37}, {"fields": {"codename": "change_intervalschedule", "name": "Can change interval", "content_type": 13}, "model": "auth.permission", "pk": 38}, {"fields": {"codename": "delete_intervalschedule", "name": "Can delete interval", "content_type": 13}, "model": "auth.permission", "pk": 39}, {"fields": {"codename": "add_crontabschedule", "name": "Can add crontab", "content_type": 14}, "model": "auth.permission", "pk": 40}, {"fields": {"codename": "change_crontabschedule", "name": "Can change crontab", "content_type": 14}, "model": "auth.permission", "pk": 41}, {"fields": {"codename": "delete_crontabschedule", "name": "Can delete crontab", "content_type": 14}, "model": "auth.permission", "pk": 42}, {"fields": {"codename": "add_periodictasks", "name": "Can add periodic tasks", "content_type": 15}, "model": "auth.permission", "pk": 43}, {"fields": {"codename": "change_periodictasks", "name": "Can change periodic tasks", "content_type": 15}, "model": "auth.permission", "pk": 44}, {"fields": {"codename": "delete_periodictasks", "name": "Can delete periodic tasks", "content_type": 15}, "model": "auth.permission", "pk": 45}, {"fields": {"codename": "add_periodictask", "name": "Can add periodic task", "content_type": 16}, "model": "auth.permission", "pk": 46}, {"fields": {"codename": "change_periodictask", "name": "Can change periodic task", "content_type": 16}, "model": "auth.permission", "pk": 47}, {"fields": {"codename": "delete_periodictask", "name": "Can delete periodic task", "content_type": 16}, "model": "auth.permission", "pk": 48}, {"fields": {"codename": "add_workerstate", "name": "Can add worker", "content_type": 17}, "model": "auth.permission", "pk": 49}, {"fields": {"codename": "change_workerstate", "name": "Can change worker", "content_type": 17}, "model": "auth.permission", "pk": 50}, {"fields": {"codename": "delete_workerstate", "name": "Can delete worker", "content_type": 17}, "model": "auth.permission", "pk": 51}, {"fields": {"codename": "add_taskstate", "name": "Can add task", "content_type": 18}, "model": "auth.permission", "pk": 52}, {"fields": {"codename": "change_taskstate", "name": "Can change task", "content_type": 18}, "model": "auth.permission", "pk": 53}, {"fields": {"codename": "delete_taskstate", "name": "Can delete task", "content_type": 18}, "model": "auth.permission", "pk": 54}, {"fields": {"codename": "add_queue", "name": "Can add queue", "content_type": 19}, "model": "auth.permission", "pk": 55}, {"fields": {"codename": "change_queue", "name": "Can change queue", "content_type": 19}, "model": "auth.permission", "pk": 56}, {"fields": {"codename": "delete_queue", "name": "Can delete queue", "content_type": 19}, "model": "auth.permission", "pk": 57}, {"fields": {"codename": "add_message", "name": "Can add message", "content_type": 20}, "model": "auth.permission", "pk": 58}, {"fields": {"codename": "change_message", "name": "Can change message", "content_type": 20}, "model": "auth.permission", "pk": 59}, {"fields": {"codename": "delete_message", "name": "Can delete message", "content_type": 20}, "model": "auth.permission", "pk": 60}, {"fields": {"codename": "add_logentry", "name": "Can add log entry", "content_type": 21}, "model": "auth.permission", "pk": 61}, {"fields": {"codename": "change_logentry", "name": "Can change log entry", "content_type": 21}, "model": "auth.permission", "pk": 62}, {"fields": {"codename": "delete_logentry", "name": "Can delete log entry", "content_type": 21}, "model": "auth.permission", "pk": 63}, {"fields": {"codename": "add_permission", "name": "Can add permission", "content_type": 22}, "model": "auth.permission", "pk": 64}, {"fields": {"codename": "change_permission", "name": "Can change permission", "content_type": 22}, "model": "auth.permission", "pk": 65}, {"fields": {"codename": "delete_permission", "name": "Can delete permission", "content_type": 22}, "model": "auth.permission", "pk": 66}, {"fields": {"codename": "add_group", "name": "Can add group", "content_type": 23}, "model": "auth.permission", "pk": 67}, {"fields": {"codename": "change_group", "name": "Can change group", "content_type": 23}, "model": "auth.permission", "pk": 68}, {"fields": {"codename": "delete_group", "name": "Can delete group", "content_type": 23}, "model": "auth.permission", "pk": 69}, {"fields": {"codename": "add_user", "name": "Can add user", "content_type": 24}, "model": "auth.permission", "pk": 70}, {"fields": {"codename": "change_user", "name": "Can change user", "content_type": 24}, "model": "auth.permission", "pk": 71}, {"fields": {"codename": "delete_user", "name": "Can delete user", "content_type": 24}, "model": "auth.permission", "pk": 72}, {"fields": {"codename": "add_contenttype", "name": "Can add content type", "content_type": 25}, "model": "auth.permission", "pk": 73}, {"fields": {"codename": "change_contenttype", "name": "Can change content type", "content_type": 25}, "model": "auth.permission", "pk": 74}, {"fields": {"codename": "delete_contenttype", "name": "Can delete content type", "content_type": 25}, "model": "auth.permission", "pk": 75}, {"fields": {"codename": "add_session", "name": "Can add session", "content_type": 26}, "model": "auth.permission", "pk": 76}, {"fields": {"codename": "change_session", "name": "Can change session", "content_type": 26}, "model": "auth.permission", "pk": 77}, {"fields": {"codename": "delete_session", "name": "Can delete session", "content_type": 26}, "model": "auth.permission", "pk": 78}, {"fields": {"username": "admin", "first_name": "", "last_name": "", "is_active": true, "is_superuser": true, "is_staff": true, "last_login": "2015-04-19T16:21:51.989Z", "groups": [], "user_permissions": [], "password": "pbkdf2_sha256$15000$zUPcIhPVBY5z$d5VU92JUM82JT5RUDaRaMnNLnWqE1tzI5n5NemhWOI8=", "email": "admin@admin.com", "date_joined": "2015-03-30T12:34:38.288Z"}, "model": "auth.user", "pk": 1}, {"fields": {"action_flag": 3, "action_time": "2015-04-19T14:12:50.171Z", "object_repr": "ID : 24 CAMERA : 1 URL : /Users/kunato/final_project/server/static/video/24.mp4", "object_id": "24", "change_message": "", "user": 1, "content_type": 2}, "model": "admin.logentry", "pk": 1}, {"fields": {"action_flag": 3, "action_time": "2015-04-19T14:12:50.173Z", "object_repr": "ID : 23 CAMERA : 1 URL : /Users/kunato/final_project/server/static/video/23.mp4", "object_id": "23", "change_message": "", "user": 1, "content_type": 2}, "model": "admin.logentry", "pk": 2}, {"fields": {"action_flag": 3, "action_time": "2015-04-19T14:12:50.174Z", "object_repr": "ID : 22 CAMERA : 1 URL : /Users/kunato/final_project/server/static/video/22.mp4", "object_id": "22", "change_message": "", "user": 1, "content_type": 2}, "model": "admin.logentry", "pk": 3}, {"fields": {"action_flag": 3, "action_time": "2015-04-19T14:12:50.175Z", "object_repr": "ID : 21 CAMERA : 7 URL : /Users/kunato/final_project/server/static/video/21.mp4", "object_id": "21", "change_message": "", "user": 1, "content_type": 2}, "model": "admin.logentry", "pk": 4}, {"fields": {"action_flag": 3, "action_time": "2015-04-19T14:12:50.177Z", "object_repr": "ID : 20 CAMERA : 6 URL : /Users/kunato/final_project/server/static/video/20.mp4", "object_id": "20", "change_message": "", "user": 1, "content_type": 2}, "model": "admin.logentry", "pk": 5}, {"fields": {"action_flag": 3, "action_time": "2015-04-19T14:12:50.178Z", "object_repr": "ID : 19 CAMERA : 7 URL : /Users/kunato/final_project/server/static/video/19.mp4", "object_id": "19", "change_message": "", "user": 1, "content_type": 2}, "model": "admin.logentry", "pk": 6}, {"fields": {"action_flag": 3, "action_time": "2015-04-19T14:12:50.179Z", "object_repr": "ID : 18 CAMERA : 6 URL : /Users/kunato/final_project/server/static/video/18.mp4", "object_id": "18", "change_message": "", "user": 1, "content_type": 2}, "model": "admin.logentry", "pk": 7}, {"fields": {"action_flag": 3, "action_time": "2015-04-19T14:12:50.181Z", "object_repr": "ID : 17 CAMERA : 7 URL : /Users/kunato/final_project/server/static/video/17.mp4", "object_id": "17", "change_message": "", "user": 1, "content_type": 2}, "model": "admin.logentry", "pk": 8}, {"fields": {"action_flag": 3, "action_time": "2015-04-19T14:12:50.182Z", "object_repr": "ID : 16 CAMERA : 6 URL : /Users/kunato/final_project/server/static/video/16.mp4", "object_id": "16", "change_message": "", "user": 1, "content_type": 2}, "model": "admin.logentry", "pk": 9}, {"fields": {"action_flag": 3, "action_time": "2015-04-19T14:12:50.184Z", "object_repr": "ID : 15 CAMERA : 3 URL : /Users/kunato/final_project/server/static/video/15.mp4", "object_id": "15", "change_message": "", "user": 1, "content_type": 2}, "model": "admin.logentry", "pk": 10}, {"fields": {"action_flag": 3, "action_time": "2015-04-19T14:12:50.186Z", "object_repr": "ID : 14 CAMERA : 5 URL : /Users/kunato/final_project/server/static/video/14.mp4", "object_id": "14", "change_message": "", "user": 1, "content_type": 2}, "model": "admin.logentry", "pk": 11}, {"fields": {"action_flag": 3, "action_time": "2015-04-19T14:12:50.188Z", "object_repr": "ID : 13 CAMERA : 4 URL : /Users/kunato/final_project/server/static/video/13.mp4", "object_id": "13", "change_message": "", "user": 1, "content_type": 2}, "model": "admin.logentry", "pk": 12}, {"fields": {"action_flag": 3, "action_time": "2015-04-19T14:12:50.189Z", "object_repr": "ID : 12 CAMERA : 3 URL : /Users/kunato/final_project/server/static/video/12.mp4", "object_id": "12", "change_message": "", "user": 1, "content_type": 2}, "model": "admin.logentry", "pk": 13}, {"fields": {"action_flag": 3, "action_time": "2015-04-19T14:12:50.190Z", "object_repr": "ID : 11 CAMERA : 5 URL : /Users/kunato/final_project/server/static/video/11.mp4", "object_id": "11", "change_message": "", "user": 1, "content_type": 2}, "model": "admin.logentry", "pk": 14}, {"fields": {"action_flag": 3, "action_time": "2015-04-19T14:12:50.192Z", "object_repr": "ID : 10 CAMERA : 4 URL : /Users/kunato/final_project/server/static/video/10.mp4", "object_id": "10", "change_message": "", "user": 1, "content_type": 2}, "model": "admin.logentry", "pk": 15}, {"fields": {"action_flag": 3, "action_time": "2015-04-19T14:12:50.193Z", "object_repr": "ID : 9 CAMERA : 3 URL : /Users/kunato/final_project/server/static/video/9.mp4", "object_id": "9", "change_message": "", "user": 1, "content_type": 2}, "model": "admin.logentry", "pk": 16}, {"fields": {"action_flag": 3, "action_time": "2015-04-19T14:12:50.194Z", "object_repr": "ID : 8 CAMERA : 2 URL : /Users/kunato/final_project/server/static/video/8.mp4", "object_id": "8", "change_message": "", "user": 1, "content_type": 2}, "model": "admin.logentry", "pk": 17}, {"fields": {"action_flag": 3, "action_time": "2015-04-19T14:12:50.196Z", "object_repr": "ID : 7 CAMERA : 1 URL : /Users/kunato/final_project/server/static/video/7.mp4", "object_id": "7", "change_message": "", "user": 1, "content_type": 2}, "model": "admin.logentry", "pk": 18}, {"fields": {"action_flag": 3, "action_time": "2015-04-19T14:12:50.197Z", "object_repr": "ID : 6 CAMERA : 2 URL : /Users/kunato/final_project/server/static/video/6.mp4", "object_id": "6", "change_message": "", "user": 1, "content_type": 2}, "model": "admin.logentry", "pk": 19}, {"fields": {"action_flag": 3, "action_time": "2015-04-19T14:12:50.198Z", "object_repr": "ID : 5 CAMERA : 1 URL : /Users/kunato/final_project/server/static/video/5.mp4", "object_id": "5", "change_message": "", "user": 1, "content_type": 2}, "model": "admin.logentry", "pk": 20}, {"fields": {"action_flag": 3, "action_time": "2015-04-19T14:12:50.199Z", "object_repr": "ID : 4 CAMERA : 2 URL : /Users/kunato/final_project/server/static/video/4.mp4", "object_id": "4", "change_message": "", "user": 1, "content_type": 2}, "model": "admin.logentry", "pk": 21}, {"fields": {"action_flag": 3, "action_time": "2015-04-19T14:12:50.201Z", "object_repr": "ID : 3 CAMERA : 1 URL : /Users/kunato/final_project/server/static/video/3.mp4", "object_id": "3", "change_message": "", "user": 1, "content_type": 2}, "model": "admin.logentry", "pk": 22}, {"fields": {"action_flag": 3, "action_time": "2015-04-19T14:12:50.202Z", "object_repr": "ID : 2 CAMERA : 2 URL : /Users/kunato/final_project/server/static/video/2.mp4", "object_id": "2", "change_message": "", "user": 1, "content_type": 2}, "model": "admin.logentry", "pk": 23}, {"fields": {"action_flag": 3, "action_time": "2015-04-19T14:12:50.203Z", "object_repr": "ID : 1 CAMERA : 1 URL : /Users/kunato/final_project/server/static/video/1.mp4", "object_id": "1", "change_message": "", "user": 1, "content_type": 2}, "model": "admin.logentry", "pk": 24}, {"fields": {"action_flag": 3, "action_time": "2015-04-19T14:22:03.602Z", "object_repr": "ID : 25 CAMERA : 1 URL : /Users/kunato/final_project/server/static/video/25.mp4", "object_id": "25", "change_message": "", "user": 1, "content_type": 2}, "model": "admin.logentry", "pk": 25}, {"fields": {"action_flag": 3, "action_time": "2015-04-19T14:39:56.588Z", "object_repr": "ID : 26 CAMERA : 1 URL : /Users/kunato/final_project/server/static/video/26.mp4", "object_id": "26", "change_message": "", "user": 1, "content_type": 2}, "model": "admin.logentry", "pk": 26}, {"fields": {"action_flag": 3, "action_time": "2015-04-19T15:22:57.675Z", "object_repr": "ID : 32 CAMERA : 1 URL : /Users/kunato/final_project/server/static/video/32.mp4", "object_id": "32", "change_message": "", "user": 1, "content_type": 2}, "model": "admin.logentry", "pk": 27}, {"fields": {"action_flag": 3, "action_time": "2015-04-19T15:22:57.679Z", "object_repr": "ID : 31 CAMERA : 12 URL : /Users/kunato/final_project/server/static/video/31.mp4", "object_id": "31", "change_message": "", "user": 1, "content_type": 2}, "model": "admin.logentry", "pk": 28}, {"fields": {"action_flag": 3, "action_time": "2015-04-19T15:22:57.680Z", "object_repr": "ID : 30 CAMERA : 11 URL : /Users/kunato/final_project/server/static/video/30.mp4", "object_id": "30", "change_message": "", "user": 1, "content_type": 2}, "model": "admin.logentry", "pk": 29}, {"fields": {"action_flag": 3, "action_time": "2015-04-19T15:22:57.681Z", "object_repr": "ID : 29 CAMERA : 10 URL : /Users/kunato/final_project/server/static/video/29.mp4", "object_id": "29", "change_message": "", "user": 1, "content_type": 2}, "model": "admin.logentry", "pk": 30}, {"fields": {"action_flag": 3, "action_time": "2015-04-19T15:22:57.683Z", "object_repr": "ID : 28 CAMERA : 8 URL : /Users/kunato/final_project/server/static/video/28.mp4", "object_id": "28", "change_message": "", "user": 1, "content_type": 2}, "model": "admin.logentry", "pk": 31}, {"fields": {"action_flag": 3, "action_time": "2015-04-19T15:22:57.684Z", "object_repr": "ID : 27 CAMERA : 9 URL : /Users/kunato/final_project/server/static/video/27.mp4", "object_id": "27", "change_message": "", "user": 1, "content_type": 2}, "model": "admin.logentry", "pk": 32}, {"fields": {"action_flag": 2, "action_time": "2015-04-19T15:23:13.927Z", "object_repr": "ID : 33 CAMERA : 13 URL : /Users/kunato/final_project/server/static/video/33.mp4", "object_id": "33", "change_message": "Changed name, start_time and type.", "user": 1, "content_type": 2}, "model": "admin.logentry", "pk": 33}, {"fields": {"action_flag": 2, "action_time": "2015-04-19T15:25:57.698Z", "object_repr": "ID : 33 CAMERA : 13 URL : /Users/kunato/final_project/server/static/video/33.mp4", "object_id": "33", "change_message": "Changed type.", "user": 1, "content_type": 2}, "model": "admin.logentry", "pk": 34}, {"fields": {"action_flag": 3, "action_time": "2015-04-19T15:29:46.082Z", "object_repr": "ID : 34 CAMERA : 1 URL : /Users/kunato/final_project/server/static/video/34.mp4", "object_id": "34", "change_message": "", "user": 1, "content_type": 2}, "model": "admin.logentry", "pk": 35}, {"fields": {"action_flag": 2, "action_time": "2015-04-19T15:29:54.286Z", "object_repr": "ID : 33 CAMERA : 13 URL : /Users/kunato/final_project/server/static/video/33.mp4", "object_id": "33", "change_message": "Changed type.", "user": 1, "content_type": 2}, "model": "admin.logentry", "pk": 36}, {"fields": {"action_flag": 3, "action_time": "2015-04-19T15:30:39.132Z", "object_repr": "ID : 33 CAMERA : 13 URL : /Users/kunato/final_project/server/static/video/33.mp4", "object_id": "33", "change_message": "", "user": 1, "content_type": 2}, "model": "admin.logentry", "pk": 37}]