[{"fields": {"url": "/static/img/1.jpeg", "width": 854, "name": "c1", "height": 480}, "model": "app.camera", "pk": 1}, {"fields": {"url": "/static/img/2.jpeg", "width": 854, "name": "c2", "height": 480}, "model": "app.camera", "pk": 2}, {"fields": {"url": "/static/img/9.jpeg", "width": 854, "name": "c3", "height": 480}, "model": "app.camera", "pk": 3}, {"fields": {"url": "/static/img/10.jpeg", "width": 854, "name": "", "height": 480}, "model": "app.camera", "pk": 4}, {"fields": {"url": "/static/img/11.jpeg", "width": 854, "name": "", "height": 480}, "model": "app.camera", "pk": 5}, {"fields": {"url": "/static/img/16.jpeg", "width": 854, "name": "", "height": 480}, "model": "app.camera", "pk": 6}, {"fields": {"url": "/static/img/17.jpeg", "width": 854, "name": "", "height": 480}, "model": "app.camera", "pk": 7}, {"fields": {"url": "/Users/kunato/final_project/server/static/video/1.mp4", "start_time": "2004-12-31T18:01:00Z", "camera": 1, "type": 1, "name": ""}, "model": "app.video", "pk": 1}, {"fields": {"url": "/Users/kunato/final_project/server/static/video/2.mp4", "start_time": "2004-12-31T18:01:00Z", "camera": 2, "type": 1, "name": ""}, "model": "app.video", "pk": 2}, {"fields": {"url": "/Users/kunato/final_project/server/static/video/3.mp4", "start_time": "2015-03-30T15:00:00Z", "camera": 1, "type": 1, "name": ""}, "model": "app.video", "pk": 3}, {"fields": {"url": "/Users/kunato/final_project/server/static/video/4.mp4", "start_time": "2015-03-30T15:00:00Z", "camera": 2, "type": 1, "name": ""}, "model": "app.video", "pk": 4}, {"fields": {"url": "/Users/kunato/final_project/server/static/video/5.mp4", "start_time": "2015-03-30T15:41:00Z", "camera": 1, "type": 1, "name": ""}, "model": "app.video", "pk": 5}, {"fields": {"url": "/Users/kunato/final_project/server/static/video/6.mp4", "start_time": "2015-03-30T15:41:00Z", "camera": 2, "type": 1, "name": ""}, "model": "app.video", "pk": 6}, {"fields": {"url": "/Users/kunato/final_project/server/static/video/7.mp4", "start_time": "2015-04-09T01:00:00Z", "camera": 1, "type": 1, "name": ""}, "model": "app.video", "pk": 7}, {"fields": {"url": "/Users/kunato/final_project/server/static/video/8.mp4", "start_time": "2015-04-09T01:00:00Z", "camera": 2, "type": 1, "name": ""}, "model": "app.video", "pk": 8}, {"fields": {"url": "/Users/kunato/final_project/server/static/video/9.mp4", "start_time": "2015-04-09T01:00:00Z", "camera": 3, "type": 1, "name": ""}, "model": "app.video", "pk": 9}, {"fields": {"url": "/Users/kunato/final_project/server/static/video/10.mp4", "start_time": "2015-04-09T01:00:00Z", "camera": 4, "type": 1, "name": ""}, "model": "app.video", "pk": 10}, {"fields": {"url": "/Users/kunato/final_project/server/static/video/11.mp4", "start_time": "2015-04-09T01:00:00Z", "camera": 5, "type": 1, "name": ""}, "model": "app.video", "pk": 11}, {"fields": {"url": "/Users/kunato/final_project/server/static/video/12.mp4", "start_time": "2015-04-09T01:00:00Z", "camera": 3, "type": 1, "name": ""}, "model": "app.video", "pk": 12}, {"fields": {"url": "/Users/kunato/final_project/server/static/video/13.mp4", "start_time": "2015-04-09T01:00:00Z", "camera": 4, "type": 1, "name": ""}, "model": "app.video", "pk": 13}, {"fields": {"url": "/Users/kunato/final_project/server/static/video/14.mp4", "start_time": "2015-04-09T01:00:00Z", "camera": 5, "type": 1, "name": ""}, "model": "app.video", "pk": 14}, {"fields": {"url": "/Users/kunato/final_project/server/static/video/15.mp4", "start_time": "2015-04-09T01:00:00Z", "camera": 3, "type": 1, "name": ""}, "model": "app.video", "pk": 15}, {"fields": {"url": "/Users/kunato/final_project/server/static/video/16.mp4", "start_time": "2015-04-10T01:00:00Z", "camera": 6, "type": 1, "name": ""}, "model": "app.video", "pk": 16}, {"fields": {"url": "/Users/kunato/final_project/server/static/video/17.mp4", "start_time": "2015-04-10T01:00:00Z", "camera": 7, "type": 1, "name": ""}, "model": "app.video", "pk": 17}, {"fields": {"url": "/Users/kunato/final_project/server/static/video/18.mp4", "start_time": "2015-04-10T01:00:00Z", "camera": 6, "type": 1, "name": ""}, "model": "app.video", "pk": 18}, {"fields": {"url": "/Users/kunato/final_project/server/static/video/19.mp4", "start_time": "2015-04-10T01:00:00Z", "camera": 7, "type": 1, "name": ""}, "model": "app.video", "pk": 19}, {"fields": {"url": "/Users/kunato/final_project/server/static/video/20.mp4", "start_time": "2015-04-09T01:00:00Z", "camera": 6, "type": 1, "name": ""}, "model": "app.video", "pk": 20}, {"fields": {"url": "/Users/kunato/final_project/server/static/video/21.mp4", "start_time": "2015-04-09T01:00:00Z", "camera": 7, "type": 1, "name": ""}, "model": "app.video", "pk": 21}, {"fields": {"center_lng": 100.567488, "zoom": 17, "center_lat": 13.845805}, "model": "app.map", "pk": 1}, {"fields": {"latitude": 13.847075219566415, "map": 1, "name": null, "longitude": 100.56813955307007}, "model": "app.mappoint", "pk": 3}, {"fields": {"latitude": 13.845097276745246, "map": 1, "name": null, "longitude": 100.56713238358498}, "model": "app.mappoint", "pk": 6}, {"fields": {"latitude": 13.844401281682723, "map": 1, "name": null, "longitude": 100.56835882365704}, "model": "app.mappoint", "pk": 7}, {"fields": {"latitude": 13.842601060262831, "map": 1, "name": null, "longitude": 100.57169079780579}, "model": "app.mappoint", "pk": 8}, {"fields": {"latitude": 13.84613536967255, "map": 1, "name": null, "longitude": 100.57257860898972}, "model": "app.mappoint", "pk": 10}, {"fields": {"latitude": 13.848476595805149, "map": 1, "name": null, "longitude": 100.56548148393631}, "model": "app.mappoint", "pk": 11}, {"fields": {"name": null, "top": 0.0, "height": 0.1875, "mapPoint": 6, "width": 0.32786885245901637, "left": 0.10598000877076628}, "model": "app.camerapoint", "pk": 1}, {"fields": {"name": null, "top": 0.0, "height": 0.0, "mapPoint": 3, "width": 0.0, "left": 0.0}, "model": "app.camerapoint", "pk": 2}, {"fields": {"name": null, "top": 0.0, "height": 0.1, "mapPoint": 6, "width": 0.10070257611241218, "left": 0.45000002144092155}, "model": "app.camerapoint", "pk": 5}, {"fields": {"name": null, "top": 0.008333333333333333, "height": 0.9854166666666667, "mapPoint": 6, "width": 0.1791569086651054, "left": 0.8173302822425714}, "model": "app.camerapoint", "pk": 7}, {"fields": {"name": null, "top": 0.0, "height": 0.99375, "mapPoint": 7, "width": 0.22950819672131148, "left": 0.0}, "model": "app.camerapoint", "pk": 9}, {"fields": {"name": null, "top": 0.0, "height": 0.9958333333333333, "mapPoint": 6, "width": 0.18032786885245902, "left": 0.8161592505854801}, "model": "app.camerapoint", "pk": 10}, {"fields": {"name": null, "top": 0.0, "height": 0.1, "mapPoint": 7, "width": 0.10070257611241218, "left": 0.45000002144092155}, "model": "app.camerapoint", "pk": 11}, {"fields": {"name": null, "top": 0.9, "height": 0.1, "mapPoint": 8, "width": 0.10070257611241218, "left": 0.45000002144092155}, "model": "app.camerapoint", "pk": 12}, {"fields": {"name": null, "top": 0.0, "height": 0.9916666666666667, "mapPoint": 8, "width": 0.19437939110070257, "left": 0.0}, "model": "app.camerapoint", "pk": 13}, {"fields": {"name": null, "top": 0.016666666666666666, "height": 0.9791666666666666, "mapPoint": 7, "width": 0.16744730679156908, "left": 0.8302107728337237}, "model": "app.camerapoint", "pk": 14}, {"fields": {"name": null, "top": 0.0, "height": 0.1, "mapPoint": 8, "width": 0.10070257611241218, "left": 0.45000002144092155}, "model": "app.camerapoint", "pk": 15}, {"fields": {"name": null, "top": 0.0, "height": 0.9916666666666667, "mapPoint": 8, "width": 0.2189695550351288, "left": 0.0}, "model": "app.camerapoint", "pk": 17}, {"fields": {"name": null, "top": 0.0, "height": 0.9854166666666667, "mapPoint": 10, "width": 0.20023419203747073, "left": 0.7932076018643887}, "model": "app.camerapoint", "pk": 18}, {"fields": {"name": null, "top": 0.0, "height": 0.22291666666666668, "mapPoint": 3, "width": 0.3864168618266979, "left": 0.11407509118109169}, "model": "app.camerapoint", "pk": 19}, {"fields": {"name": null, "top": 0.0, "height": 0.0, "mapPoint": 10, "width": 0.0, "left": 0.0}, "model": "app.camerapoint", "pk": 20}, {"fields": {"name": null, "top": 0.0, "height": 0.9916666666666667, "mapPoint": 6, "width": 0.1990632318501171, "left": 0.0}, "model": "app.camerapoint", "pk": 21}, {"fields": {"name": null, "top": 0.0, "height": 0.9833333333333333, "mapPoint": 11, "width": 0.18618266978922718, "left": 0.810304449648712}, "model": "app.camerapoint", "pk": 22}, {"fields": {"name": null, "top": 0.0, "height": 0.22708333333333333, "mapPoint": 11, "width": 0.30327868852459017, "left": 0.17259873830183373}, "model": "app.camerapoint", "pk": 23}, {"fields": {"name": null, "top": 0.0, "height": 0.0, "mapPoint": 3, "width": 0.0, "left": 0.0}, "model": "app.camerapoint", "pk": 24}, {"fields": {"name": "", "one_way": true, "cameraPoint2": 2, "cameraPoint1": 1, "camera": 1, "camera_length": 50, "camera_aspect": 0.5}, "model": "app.datarelation", "pk": 1}, {"fields": {"name": "", "one_way": false, "cameraPoint2": 10, "cameraPoint1": 9, "camera": 2, "camera_length": 20, "camera_aspect": 1.3}, "model": "app.datarelation", "pk": 4}, {"fields": {"name": "", "one_way": false, "cameraPoint2": 14, "cameraPoint1": 13, "camera": 3, "camera_length": 20, "camera_aspect": 1.3}, "model": "app.datarelation", "pk": 5}, {"fields": {"name": "", "one_way": false, "cameraPoint2": 18, "cameraPoint1": 17, "camera": 4, "camera_length": 20, "camera_aspect": 0.8}, "model": "app.datarelation", "pk": 7}, {"fields": {"name": "", "one_way": true, "cameraPoint2": 20, "cameraPoint1": 19, "camera": 5, "camera_length": 50, "camera_aspect": 0.5}, "model": "app.datarelation", "pk": 8}, {"fields": {"name": "", "one_way": false, "cameraPoint2": 22, "cameraPoint1": 21, "camera": 6, "camera_length": 20, "camera_aspect": 1.3}, "model": "app.datarelation", "pk": 9}, {"fields": {"name": "", "one_way": true, "cameraPoint2": 24, "cameraPoint1": 23, "camera": 7, "camera_length": 50, "camera_aspect": 0.5}, "model": "app.datarelation", "pk": 10}, {"fields": {"appear_time": "2004-12-31T18:02:05.273Z", "speed": 48.09975720432395, "data_relation": 1, "go_to": 0}, "model": "app.videodata", "pk": 1}, {"fields": {"appear_time": "2004-12-31T18:03:33.903Z", "speed": 36.05112989209075, "data_relation": 1, "go_to": 0}, "model": "app.videodata", "pk": 16}, {"fields": {"appear_time": "2004-12-31T18:03:47.876Z", "speed": 60.025272979636, "data_relation": 1, "go_to": 0}, "model": "app.videodata", "pk": 18}, {"fields": {"appear_time": "2004-12-31T18:04:07.061Z", "speed": 30.866802564879155, "data_relation": 1, "go_to": 0}, "model": "app.videodata", "pk": 23}, {"fields": {"appear_time": "2004-12-31T18:04:28.750Z", "speed": 48.39854932607838, "data_relation": 1, "go_to": 0}, "model": "app.videodata", "pk": 30}, {"fields": {"appear_time": "2004-12-31T18:04:41.679Z", "speed": 43.7553897875603, "data_relation": 1, "go_to": 0}, "model": "app.videodata", "pk": 32}, {"fields": {"appear_time": "2004-12-31T18:06:51.392Z", "speed": 45.060735727506994, "data_relation": 1, "go_to": 0}, "model": "app.videodata", "pk": 51}, {"fields": {"appear_time": "2004-12-31T18:06:51.601Z", "speed": 32.795577723450734, "data_relation": 1, "go_to": 0}, "model": "app.videodata", "pk": 52}, {"fields": {"appear_time": "2004-12-31T18:07:34.352Z", "speed": 12.69598577737239, "data_relation": 1, "go_to": 0}, "model": "app.videodata", "pk": 64}, {"fields": {"appear_time": "2004-12-31T18:08:42.128Z", "speed": 43.21841007115851, "data_relation": 1, "go_to": 0}, "model": "app.videodata", "pk": 74}, {"fields": {"appear_time": "2004-12-31T18:08:49.010Z", "speed": 39.84384798986241, "data_relation": 1, "go_to": 0}, "model": "app.videodata", "pk": 77}, {"fields": {"appear_time": "2004-12-31T18:08:58.394Z", "speed": 53.560781740430144, "data_relation": 1, "go_to": 0}, "model": "app.videodata", "pk": 79}, {"fields": {"appear_time": "2004-12-31T18:09:07.570Z", "speed": 39.045846286460126, "data_relation": 1, "go_to": 0}, "model": "app.videodata", "pk": 81}, {"fields": {"appear_time": "2004-12-31T18:09:20.291Z", "speed": 40.57248040960655, "data_relation": 1, "go_to": 0}, "model": "app.videodata", "pk": 83}, {"fields": {"appear_time": "2004-12-31T18:09:29.675Z", "speed": 41.45731040593849, "data_relation": 1, "go_to": 0}, "model": "app.videodata", "pk": 85}, {"fields": {"appear_time": "2004-12-31T18:09:38.434Z", "speed": 47.079532971091716, "data_relation": 1, "go_to": 0}, "model": "app.videodata", "pk": 87}, {"fields": {"appear_time": "2004-12-31T18:09:42.605Z", "speed": 3.2401969282247887, "data_relation": 1, "go_to": 0}, "model": "app.videodata", "pk": 89}, {"fields": {"appear_time": "2004-12-31T18:09:43.231Z", "speed": 35.17517221126895, "data_relation": 1, "go_to": 0}, "model": "app.videodata", "pk": 90}, {"fields": {"appear_time": "2004-12-31T18:09:54.492Z", "speed": 36.73838995813521, "data_relation": 1, "go_to": 0}, "model": "app.videodata", "pk": 92}, {"fields": {"appear_time": "2004-12-31T18:09:59.080Z", "speed": 47.56013413538672, "data_relation": 1, "go_to": 0}, "model": "app.videodata", "pk": 95}, {"fields": {"appear_time": "2015-03-30T15:01:05.273Z", "speed": 48.09975720432395, "data_relation": 1, "go_to": 0}, "model": "app.videodata", "pk": 111}, {"fields": {"appear_time": "2015-03-30T15:02:33.903Z", "speed": 36.05112989209075, "data_relation": 1, "go_to": 0}, "model": "app.videodata", "pk": 112}, {"fields": {"appear_time": "2015-03-30T15:02:47.876Z", "speed": 60.025272979636, "data_relation": 1, "go_to": 0}, "model": "app.videodata", "pk": 113}, {"fields": {"appear_time": "2015-03-30T15:03:07.061Z", "speed": 30.866802564879155, "data_relation": 1, "go_to": 0}, "model": "app.videodata", "pk": 114}, {"fields": {"appear_time": "2015-03-30T15:03:28.750Z", "speed": 48.39854932607838, "data_relation": 1, "go_to": 0}, "model": "app.videodata", "pk": 115}, {"fields": {"appear_time": "2015-03-30T15:03:41.679Z", "speed": 43.7553897875603, "data_relation": 1, "go_to": 0}, "model": "app.videodata", "pk": 118}, {"fields": {"appear_time": "2015-03-30T15:05:51.392Z", "speed": 45.060735727506994, "data_relation": 1, "go_to": 0}, "model": "app.videodata", "pk": 142}, {"fields": {"appear_time": "2015-03-30T15:05:51.601Z", "speed": 32.795577723450734, "data_relation": 1, "go_to": 0}, "model": "app.videodata", "pk": 143}, {"fields": {"appear_time": "2015-03-30T15:06:26.427Z", "speed": 6.859060375810447, "data_relation": 1, "go_to": 0}, "model": "app.videodata", "pk": 148}, {"fields": {"appear_time": "2015-03-30T15:06:34.352Z", "speed": 12.69598577737239, "data_relation": 1, "go_to": 0}, "model": "app.videodata", "pk": 152}, {"fields": {"appear_time": "2015-03-30T15:07:42.128Z", "speed": 43.21841007115851, "data_relation": 1, "go_to": 0}, "model": "app.videodata", "pk": 162}, {"fields": {"appear_time": "2015-03-30T15:07:49.010Z", "speed": 39.84384798986241, "data_relation": 1, "go_to": 0}, "model": "app.videodata", "pk": 164}, {"fields": {"appear_time": "2015-03-30T15:07:58.394Z", "speed": 53.560781740430144, "data_relation": 1, "go_to": 0}, "model": "app.videodata", "pk": 167}, {"fields": {"appear_time": "2015-03-30T15:08:07.570Z", "speed": 39.045846286460126, "data_relation": 1, "go_to": 0}, "model": "app.videodata", "pk": 170}, {"fields": {"appear_time": "2015-03-30T15:08:20.291Z", "speed": 40.57248040960655, "data_relation": 1, "go_to": 0}, "model": "app.videodata", "pk": 175}, {"fields": {"appear_time": "2015-03-30T15:08:29.675Z", "speed": 41.45731040593849, "data_relation": 1, "go_to": 0}, "model": "app.videodata", "pk": 178}, {"fields": {"appear_time": "2015-03-30T15:08:38.434Z", "speed": 47.079532971091716, "data_relation": 1, "go_to": 0}, "model": "app.videodata", "pk": 182}, {"fields": {"appear_time": "2015-03-30T15:08:43.231Z", "speed": 35.17517221126895, "data_relation": 1, "go_to": 0}, "model": "app.videodata", "pk": 184}, {"fields": {"appear_time": "2015-03-30T15:08:54.492Z", "speed": 36.73838995813521, "data_relation": 1, "go_to": 0}, "model": "app.videodata", "pk": 188}, {"fields": {"appear_time": "2015-03-30T15:08:59.080Z", "speed": 47.56013413538672, "data_relation": 1, "go_to": 0}, "model": "app.videodata", "pk": 189}, {"fields": {"appear_time": "2015-03-30T15:42:05.273Z", "speed": 48.09975720432395, "data_relation": 1, "go_to": 0}, "model": "app.videodata", "pk": 221}, {"fields": {"appear_time": "2015-03-30T15:43:33.903Z", "speed": 36.05112989209075, "data_relation": 1, "go_to": 0}, "model": "app.videodata", "pk": 222}, {"fields": {"appear_time": "2015-03-30T15:43:47.876Z", "speed": 60.025272979636, "data_relation": 1, "go_to": 0}, "model": "app.videodata", "pk": 223}, {"fields": {"appear_time": "2015-03-30T15:41:04.166Z", "speed": 16.720004394498293, "data_relation": 4, "go_to": 0}, "model": "app.videodata", "pk": 224}, {"fields": {"appear_time": "2015-03-30T15:41:11.875Z", "speed": 8.23319724444853, "data_relation": 4, "go_to": 0}, "model": "app.videodata", "pk": 225}, {"fields": {"appear_time": "2015-03-30T15:44:07.061Z", "speed": 30.866802564879155, "data_relation": 1, "go_to": 0}, "model": "app.videodata", "pk": 226}, {"fields": {"appear_time": "2015-03-30T15:41:17.500Z", "speed": 12.217828159959769, "data_relation": 4, "go_to": 0}, "model": "app.videodata", "pk": 227}, {"fields": {"appear_time": "2015-03-30T15:41:24.166Z", "speed": 13.419067402476575, "data_relation": 4, "go_to": 0}, "model": "app.videodata", "pk": 228}, {"fields": {"appear_time": "2015-03-30T15:41:29.166Z", "speed": 8.037197195972363, "data_relation": 4, "go_to": 0}, "model": "app.videodata", "pk": 229}, {"fields": {"appear_time": "2015-03-30T15:41:34.791Z", "speed": 7.658214086913087, "data_relation": 4, "go_to": 0}, "model": "app.videodata", "pk": 230}, {"fields": {"appear_time": "2015-03-30T15:44:28.750Z", "speed": 48.39854932607838, "data_relation": 1, "go_to": 0}, "model": "app.videodata", "pk": 231}, {"fields": {"appear_time": "2015-03-30T15:41:40.833Z", "speed": 5.360564767762891, "data_relation": 4, "go_to": 0}, "model": "app.videodata", "pk": 232}, {"fields": {"appear_time": "2015-03-30T15:41:45.416Z", "speed": 5.51023879372719, "data_relation": 4, "go_to": 0}, "model": "app.videodata", "pk": 233}, {"fields": {"appear_time": "2015-03-30T15:44:41.679Z", "speed": 43.7553897875603, "data_relation": 1, "go_to": 0}, "model": "app.videodata", "pk": 234}, {"fields": {"appear_time": "2015-03-30T15:41:49.583Z", "speed": 12.420204078835827, "data_relation": 4, "go_to": 0}, "model": "app.videodata", "pk": 235}, {"fields": {"appear_time": "2015-03-30T15:41:53.333Z", "speed": 19.65918000417173, "data_relation": 4, "go_to": 0}, "model": "app.videodata", "pk": 236}, {"fields": {"appear_time": "2015-03-30T15:41:54.583Z", "speed": 18.722123393197023, "data_relation": 4, "go_to": 0}, "model": "app.videodata", "pk": 237}, {"fields": {"appear_time": "2015-03-30T15:42:01.458Z", "speed": 8.87525443996797, "data_relation": 4, "go_to": 0}, "model": "app.videodata", "pk": 238}, {"fields": {"appear_time": "2015-03-30T15:42:05Z", "speed": 11.426171174518956, "data_relation": 4, "go_to": 0}, "model": "app.videodata", "pk": 239}, {"fields": {"appear_time": "2015-03-30T15:42:06.666Z", "speed": 10.452991854586088, "data_relation": 4, "go_to": 1}, "model": "app.videodata", "pk": 240}, {"fields": {"appear_time": "2015-03-30T15:42:12.083Z", "speed": 18.809061503038233, "data_relation": 4, "go_to": 0}, "model": "app.videodata", "pk": 241}, {"fields": {"appear_time": "2015-03-30T15:42:13.750Z", "speed": 6.242132085958132, "data_relation": 4, "go_to": 1}, "model": "app.videodata", "pk": 242}, {"fields": {"appear_time": "2015-03-30T15:42:30.416Z", "speed": 18.888314597426955, "data_relation": 4, "go_to": 1}, "model": "app.videodata", "pk": 243}, {"fields": {"appear_time": "2015-03-30T15:42:33.333Z", "speed": 15.902344108979808, "data_relation": 4, "go_to": 0}, "model": "app.videodata", "pk": 244}, {"fields": {"appear_time": "2015-03-30T15:42:39.583Z", "speed": 14.341042717177427, "data_relation": 4, "go_to": 0}, "model": "app.videodata", "pk": 245}, {"fields": {"appear_time": "2015-03-30T15:42:44.583Z", "speed": 18.06153949635879, "data_relation": 4, "go_to": 0}, "model": "app.videodata", "pk": 246}, {"fields": {"appear_time": "2015-03-30T15:42:50.416Z", "speed": 11.842028923951206, "data_relation": 4, "go_to": 0}, "model": "app.videodata", "pk": 247}, {"fields": {"appear_time": "2015-03-30T15:42:52.500Z", "speed": 15.67819125134187, "data_relation": 4, "go_to": 0}, "model": "app.videodata", "pk": 248}, {"fields": {"appear_time": "2015-03-30T15:42:58.333Z", "speed": 24.118408345601182, "data_relation": 4, "go_to": 0}, "model": "app.videodata", "pk": 249}, {"fields": {"appear_time": "2015-03-30T15:43:01.875Z", "speed": 6.887847342833061, "data_relation": 4, "go_to": 0}, "model": "app.videodata", "pk": 250}, {"fields": {"appear_time": "2015-03-30T15:43:04.791Z", "speed": 4.463783625711132, "data_relation": 4, "go_to": 0}, "model": "app.videodata", "pk": 251}, {"fields": {"appear_time": "2015-03-30T15:43:07.500Z", "speed": 15.99443988525919, "data_relation": 4, "go_to": 0}, "model": "app.videodata", "pk": 252}, {"fields": {"appear_time": "2015-03-30T15:43:14.791Z", "speed": 15.895316625807187, "data_relation": 4, "go_to": 0}, "model": "app.videodata", "pk": 253}, {"fields": {"appear_time": "2015-03-30T15:43:16.458Z", "speed": 1.3137975185433526, "data_relation": 4, "go_to": 1}, "model": "app.videodata", "pk": 254}, {"fields": {"appear_time": "2015-03-30T15:43:25.208Z", "speed": 9.567081162097459, "data_relation": 4, "go_to": 0}, "model": "app.videodata", "pk": 255}, {"fields": {"appear_time": "2015-03-30T15:43:29.166Z", "speed": 11.882452547906679, "data_relation": 4, "go_to": 0}, "model": "app.videodata", "pk": 256}, {"fields": {"appear_time": "2015-03-30T15:43:41.250Z", "speed": 5.709343322110147, "data_relation": 4, "go_to": 0}, "model": "app.videodata", "pk": 257}, {"fields": {"appear_time": "2015-03-30T15:46:51.392Z", "speed": 45.060735727506994, "data_relation": 1, "go_to": 0}, "model": "app.videodata", "pk": 258}, {"fields": {"appear_time": "2015-03-30T15:46:51.601Z", "speed": 32.795577723450734, "data_relation": 1, "go_to": 0}, "model": "app.videodata", "pk": 259}, {"fields": {"appear_time": "2015-03-30T15:43:49.791Z", "speed": 7.8205230783592246, "data_relation": 4, "go_to": 0}, "model": "app.videodata", "pk": 260}, {"fields": {"appear_time": "2015-03-30T15:43:55.833Z", "speed": 8.64869882360843, "data_relation": 4, "go_to": 0}, "model": "app.videodata", "pk": 261}, {"fields": {"appear_time": "2015-03-30T15:43:56.041Z", "speed": 8.54866265061159, "data_relation": 4, "go_to": 1}, "model": "app.videodata", "pk": 262}, {"fields": {"appear_time": "2015-03-30T15:43:59.166Z", "speed": 11.211238799273703, "data_relation": 4, "go_to": 0}, "model": "app.videodata", "pk": 263}, {"fields": {"appear_time": "2015-03-30T15:44:05.208Z", "speed": 12.844812491011597, "data_relation": 4, "go_to": 0}, "model": "app.videodata", "pk": 264}, {"fields": {"appear_time": "2015-03-30T15:44:07.708Z", "speed": 14.669171206011244, "data_relation": 4, "go_to": 0}, "model": "app.videodata", "pk": 265}, {"fields": {"appear_time": "2015-03-30T15:44:08.958Z", "speed": 27.65256837700307, "data_relation": 4, "go_to": 1}, "model": "app.videodata", "pk": 266}, {"fields": {"appear_time": "2015-03-30T15:44:11.041Z", "speed": 16.44502483580944, "data_relation": 4, "go_to": 0}, "model": "app.videodata", "pk": 267}, {"fields": {"appear_time": "2015-03-30T15:44:17.500Z", "speed": 13.264865080295992, "data_relation": 4, "go_to": 0}, "model": "app.videodata", "pk": 268}, {"fields": {"appear_time": "2015-03-30T15:47:26.427Z", "speed": 6.859060375810447, "data_relation": 1, "go_to": 0}, "model": "app.videodata", "pk": 269}, {"fields": {"appear_time": "2015-03-30T15:47:34.352Z", "speed": 12.69598577737239, "data_relation": 1, "go_to": 0}, "model": "app.videodata", "pk": 270}, {"fields": {"appear_time": "2015-03-30T15:44:44.375Z", "speed": 7.023923679496124, "data_relation": 4, "go_to": 0}, "model": "app.videodata", "pk": 271}, {"fields": {"appear_time": "2015-03-30T15:44:44.583Z", "speed": 1.6590249551907803, "data_relation": 4, "go_to": 0}, "model": "app.videodata", "pk": 272}, {"fields": {"appear_time": "2015-03-30T15:44:51.666Z", "speed": 14.43056058966118, "data_relation": 4, "go_to": 0}, "model": "app.videodata", "pk": 273}, {"fields": {"appear_time": "2015-03-30T15:44:55.416Z", "speed": 14.434353988293713, "data_relation": 4, "go_to": 0}, "model": "app.videodata", "pk": 274}, {"fields": {"appear_time": "2015-03-30T15:45:09.375Z", "speed": 6.494235627102618, "data_relation": 4, "go_to": 0}, "model": "app.videodata", "pk": 275}, {"fields": {"appear_time": "2015-03-30T15:45:15.208Z", "speed": 2.228276840719412, "data_relation": 4, "go_to": 0}, "model": "app.videodata", "pk": 276}, {"fields": {"appear_time": "2015-03-30T15:45:17.916Z", "speed": 8.12661838379484, "data_relation": 4, "go_to": 1}, "model": "app.videodata", "pk": 277}, {"fields": {"appear_time": "2015-03-30T15:45:20.625Z", "speed": 4.978502804806801, "data_relation": 4, "go_to": 0}, "model": "app.videodata", "pk": 278}, {"fields": {"appear_time": "2015-03-30T15:45:24.791Z", "speed": 10.882261813210585, "data_relation": 4, "go_to": 0}, "model": "app.videodata", "pk": 279}, {"fields": {"appear_time": "2015-03-30T15:45:28.333Z", "speed": 12.247252293096674, "data_relation": 4, "go_to": 0}, "model": "app.videodata", "pk": 280}, {"fields": {"appear_time": "2015-03-30T15:45:31.875Z", "speed": 13.962189209836017, "data_relation": 4, "go_to": 0}, "model": "app.videodata", "pk": 281}, {"fields": {"appear_time": "2015-03-30T15:45:33.541Z", "speed": 14.326535637497438, "data_relation": 4, "go_to": 0}, "model": "app.videodata", "pk": 282}, {"fields": {"appear_time": "2015-03-30T15:45:37.083Z", "speed": 7.8214881472535245, "data_relation": 4, "go_to": 0}, "model": "app.videodata", "pk": 283}, {"fields": {"appear_time": "2015-03-30T15:48:42.128Z", "speed": 43.21841007115851, "data_relation": 1, "go_to": 0}, "model": "app.videodata", "pk": 284}, {"fields": {"appear_time": "2015-03-30T15:45:42.500Z", "speed": 11.810857343459364, "data_relation": 4, "go_to": 0}, "model": "app.videodata", "pk": 285}, {"fields": {"appear_time": "2015-03-30T15:48:49.010Z", "speed": 39.84384798986241, "data_relation": 1, "go_to": 0}, "model": "app.videodata", "pk": 286}, {"fields": {"appear_time": "2015-03-30T15:45:47.708Z", "speed": 11.894575264136176, "data_relation": 4, "go_to": 0}, "model": "app.videodata", "pk": 287}, {"fields": {"appear_time": "2015-03-30T15:45:51.458Z", "speed": 14.882452630980078, "data_relation": 4, "go_to": 0}, "model": "app.videodata", "pk": 288}, {"fields": {"appear_time": "2015-03-30T15:45:55Z", "speed": 11.875880391415258, "data_relation": 4, "go_to": 1}, "model": "app.videodata", "pk": 289}, {"fields": {"appear_time": "2015-03-30T15:45:55.208Z", "speed": 5.914225968627817, "data_relation": 4, "go_to": 1}, "model": "app.videodata", "pk": 290}, {"fields": {"appear_time": "2015-03-30T15:48:58.394Z", "speed": 53.560781740430144, "data_relation": 1, "go_to": 0}, "model": "app.videodata", "pk": 291}, {"fields": {"appear_time": "2015-03-30T15:45:56.458Z", "speed": 9.664652608657724, "data_relation": 4, "go_to": 0}, "model": "app.videodata", "pk": 292}, {"fields": {"appear_time": "2015-03-30T15:45:59.375Z", "speed": 15.622695138175539, "data_relation": 4, "go_to": 0}, "model": "app.videodata", "pk": 293}, {"fields": {"appear_time": "2015-03-30T15:46:03.750Z", "speed": 11.430367414522186, "data_relation": 4, "go_to": 0}, "model": "app.videodata", "pk": 294}, {"fields": {"appear_time": "2015-03-30T15:49:07.570Z", "speed": 39.045846286460126, "data_relation": 1, "go_to": 0}, "model": "app.videodata", "pk": 295}, {"fields": {"appear_time": "2015-03-30T15:46:08.125Z", "speed": 15.402480928811137, "data_relation": 4, "go_to": 0}, "model": "app.videodata", "pk": 296}, {"fields": {"appear_time": "2015-03-30T15:46:10.416Z", "speed": 17.77629846180711, "data_relation": 4, "go_to": 0}, "model": "app.videodata", "pk": 297}, {"fields": {"appear_time": "2015-03-30T15:46:12.916Z", "speed": 19.619408267004992, "data_relation": 4, "go_to": 0}, "model": "app.videodata", "pk": 298}, {"fields": {"appear_time": "2015-03-30T15:46:15.625Z", "speed": 18.523506799577667, "data_relation": 4, "go_to": 0}, "model": "app.videodata", "pk": 299}, {"fields": {"appear_time": "2015-03-30T15:49:20.291Z", "speed": 40.57248040960655, "data_relation": 1, "go_to": 0}, "model": "app.videodata", "pk": 300}, {"fields": {"appear_time": "2015-03-30T15:46:28.125Z", "speed": 20.709032833884816, "data_relation": 4, "go_to": 0}, "model": "app.videodata", "pk": 301}, {"fields": {"appear_time": "2015-03-30T15:49:29.675Z", "speed": 41.45731040593849, "data_relation": 1, "go_to": 0}, "model": "app.videodata", "pk": 302}, {"fields": {"appear_time": "2015-03-30T15:46:40.625Z", "speed": 14.21098766472013, "data_relation": 4, "go_to": 0}, "model": "app.videodata", "pk": 303}, {"fields": {"appear_time": "2015-03-30T15:49:38.434Z", "speed": 47.079532971091716, "data_relation": 1, "go_to": 0}, "model": "app.videodata", "pk": 304}, {"fields": {"appear_time": "2015-03-30T15:46:48.125Z", "speed": 14.826112042181785, "data_relation": 4, "go_to": 0}, "model": "app.videodata", "pk": 305}, {"fields": {"appear_time": "2015-03-30T15:49:43.231Z", "speed": 35.17517221126895, "data_relation": 1, "go_to": 0}, "model": "app.videodata", "pk": 306}, {"fields": {"appear_time": "2015-03-30T15:46:58.541Z", "speed": 15.803991698943642, "data_relation": 4, "go_to": 0}, "model": "app.videodata", "pk": 307}, {"fields": {"appear_time": "2015-03-30T15:49:54.492Z", "speed": 36.73838995813521, "data_relation": 1, "go_to": 0}, "model": "app.videodata", "pk": 308}, {"fields": {"appear_time": "2015-03-30T15:49:59.080Z", "speed": 47.56013413538672, "data_relation": 1, "go_to": 0}, "model": "app.videodata", "pk": 309}, {"fields": {"appear_time": "2015-03-30T15:47:11.041Z", "speed": 7.3189784921267576, "data_relation": 4, "go_to": 0}, "model": "app.videodata", "pk": 310}, {"fields": {"appear_time": "2015-03-30T15:47:21.666Z", "speed": 22.027370758460176, "data_relation": 4, "go_to": 0}, "model": "app.videodata", "pk": 311}, {"fields": {"appear_time": "2015-03-30T15:47:24.583Z", "speed": 19.273967825841066, "data_relation": 4, "go_to": 0}, "model": "app.videodata", "pk": 312}, {"fields": {"appear_time": "2015-03-30T15:47:29.583Z", "speed": 9.000304649272236, "data_relation": 4, "go_to": 0}, "model": "app.videodata", "pk": 313}, {"fields": {"appear_time": "2015-03-30T15:47:35.416Z", "speed": 12.263073374766888, "data_relation": 4, "go_to": 0}, "model": "app.videodata", "pk": 314}, {"fields": {"appear_time": "2015-03-30T15:47:54.166Z", "speed": 6.773404675288583, "data_relation": 4, "go_to": 1}, "model": "app.videodata", "pk": 315}, {"fields": {"appear_time": "2015-03-30T15:48:05.416Z", "speed": 10.297379974184175, "data_relation": 4, "go_to": 0}, "model": "app.videodata", "pk": 316}, {"fields": {"appear_time": "2015-03-30T15:48:21.250Z", "speed": 20.235226705620455, "data_relation": 4, "go_to": 0}, "model": "app.videodata", "pk": 317}, {"fields": {"appear_time": "2015-03-30T15:48:31.458Z", "speed": 0.32774527675277204, "data_relation": 4, "go_to": 1}, "model": "app.videodata", "pk": 318}, {"fields": {"appear_time": "2015-03-30T15:48:35.625Z", "speed": 15.141754824311741, "data_relation": 4, "go_to": 1}, "model": "app.videodata", "pk": 319}, {"fields": {"appear_time": "2015-03-30T15:48:37.916Z", "speed": 13.905029876414282, "data_relation": 4, "go_to": 0}, "model": "app.videodata", "pk": 320}, {"fields": {"appear_time": "2015-03-30T15:48:47.083Z", "speed": 0.31872464816578344, "data_relation": 4, "go_to": 1}, "model": "app.videodata", "pk": 321}, {"fields": {"appear_time": "2015-03-30T15:48:47.291Z", "speed": 2.565584837609233, "data_relation": 4, "go_to": 1}, "model": "app.videodata", "pk": 322}, {"fields": {"appear_time": "2015-03-30T15:48:49.375Z", "speed": 12.96854350969638, "data_relation": 4, "go_to": 1}, "model": "app.videodata", "pk": 323}, {"fields": {"appear_time": "2015-03-30T15:48:58.333Z", "speed": 15.75147874209274, "data_relation": 4, "go_to": 1}, "model": "app.videodata", "pk": 324}, {"fields": {"appear_time": "2015-03-30T15:49:02.291Z", "speed": 18.599696938753233, "data_relation": 4, "go_to": 0}, "model": "app.videodata", "pk": 325}, {"fields": {"appear_time": "2015-03-30T15:49:08.958Z", "speed": 20.669220119086756, "data_relation": 4, "go_to": 0}, "model": "app.videodata", "pk": 326}, {"fields": {"appear_time": "2015-03-30T15:49:13.541Z", "speed": 9.764418556455334, "data_relation": 4, "go_to": 0}, "model": "app.videodata", "pk": 327}, {"fields": {"appear_time": "2015-03-30T15:49:26.041Z", "speed": 12.557392052690954, "data_relation": 4, "go_to": 0}, "model": "app.videodata", "pk": 328}, {"fields": {"appear_time": "2015-03-30T15:49:29.583Z", "speed": 13.420490780239245, "data_relation": 4, "go_to": 0}, "model": "app.videodata", "pk": 329}, {"fields": {"appear_time": "2015-03-30T15:49:31.875Z", "speed": 14.725460556115683, "data_relation": 4, "go_to": 0}, "model": "app.videodata", "pk": 330}, {"fields": {"appear_time": "2015-03-30T15:49:32.291Z", "speed": 15.62767326019366, "data_relation": 4, "go_to": 0}, "model": "app.videodata", "pk": 331}, {"fields": {"appear_time": "2015-03-30T15:49:34.166Z", "speed": 18.248357208077472, "data_relation": 4, "go_to": 0}, "model": "app.videodata", "pk": 332}, {"fields": {"appear_time": "2015-03-30T15:49:42.083Z", "speed": 10.160440829317537, "data_relation": 4, "go_to": 1}, "model": "app.videodata", "pk": 333}, {"fields": {"appear_time": "2015-03-30T15:49:58.750Z", "speed": 14.039477675329218, "data_relation": 4, "go_to": 0}, "model": "app.videodata", "pk": 334}, {"fields": {"appear_time": "2015-03-30T15:50:10.416Z", "speed": 4.528878299875682, "data_relation": 4, "go_to": 0}, "model": "app.videodata", "pk": 335}, {"fields": {"appear_time": "2015-03-30T15:50:20.208Z", "speed": 10.468767707225211, "data_relation": 4, "go_to": 0}, "model": "app.videodata", "pk": 336}, {"fields": {"appear_time": "2015-03-30T15:50:21.666Z", "speed": 8.916321158233512, "data_relation": 4, "go_to": 1}, "model": "app.videodata", "pk": 337}, {"fields": {"appear_time": "2015-03-30T15:50:23.541Z", "speed": 14.80784258438695, "data_relation": 4, "go_to": 0}, "model": "app.videodata", "pk": 338}, {"fields": {"appear_time": "2015-03-30T15:50:33.541Z", "speed": 8.433409826744988, "data_relation": 4, "go_to": 0}, "model": "app.videodata", "pk": 339}, {"fields": {"appear_time": "2015-03-30T15:50:34.791Z", "speed": 17.686122542155587, "data_relation": 4, "go_to": 0}, "model": "app.videodata", "pk": 340}, {"fields": {"appear_time": "2015-04-09T01:00:04.166Z", "speed": 16.720004394498293, "data_relation": 4, "go_to": 0}, "model": "app.videodata", "pk": 341}, {"fields": {"appear_time": "2015-04-09T01:00:11.875Z", "speed": 8.23319724444853, "data_relation": 4, "go_to": 0}, "model": "app.videodata", "pk": 342}, {"fields": {"appear_time": "2015-04-09T01:00:17.500Z", "speed": 12.217828159959769, "data_relation": 4, "go_to": 0}, "model": "app.videodata", "pk": 343}, {"fields": {"appear_time": "2015-04-09T01:01:05.273Z", "speed": 48.09975720432395, "data_relation": 1, "go_to": 0}, "model": "app.videodata", "pk": 344}, {"fields": {"appear_time": "2015-04-09T01:00:24.166Z", "speed": 13.419067402476575, "data_relation": 4, "go_to": 0}, "model": "app.videodata", "pk": 345}, {"fields": {"appear_time": "2015-04-09T01:00:29.166Z", "speed": 8.037197195972363, "data_relation": 4, "go_to": 0}, "model": "app.videodata", "pk": 346}, {"fields": {"appear_time": "2015-04-09T01:00:34.791Z", "speed": 7.658214086913087, "data_relation": 4, "go_to": 0}, "model": "app.videodata", "pk": 347}, {"fields": {"appear_time": "2015-04-09T01:00:40.833Z", "speed": 5.360564767762891, "data_relation": 4, "go_to": 0}, "model": "app.videodata", "pk": 348}, {"fields": {"appear_time": "2015-04-09T01:00:45.416Z", "speed": 5.51023879372719, "data_relation": 4, "go_to": 0}, "model": "app.videodata", "pk": 349}, {"fields": {"appear_time": "2015-04-09T01:00:49.583Z", "speed": 12.420204078835827, "data_relation": 4, "go_to": 0}, "model": "app.videodata", "pk": 350}, {"fields": {"appear_time": "2015-04-09T01:00:53.333Z", "speed": 19.65918000417173, "data_relation": 4, "go_to": 0}, "model": "app.videodata", "pk": 351}, {"fields": {"appear_time": "2015-04-09T01:00:54.583Z", "speed": 18.722123393197023, "data_relation": 4, "go_to": 0}, "model": "app.videodata", "pk": 352}, {"fields": {"appear_time": "2015-04-09T01:01:01.458Z", "speed": 8.87525443996797, "data_relation": 4, "go_to": 0}, "model": "app.videodata", "pk": 353}, {"fields": {"appear_time": "2015-04-09T01:01:05Z", "speed": 11.426171174518956, "data_relation": 4, "go_to": 0}, "model": "app.videodata", "pk": 354}, {"fields": {"appear_time": "2015-04-09T01:01:06.666Z", "speed": 10.452991854586088, "data_relation": 4, "go_to": 1}, "model": "app.videodata", "pk": 355}, {"fields": {"appear_time": "2015-04-09T01:01:12.083Z", "speed": 18.809061503038233, "data_relation": 4, "go_to": 0}, "model": "app.videodata", "pk": 356}, {"fields": {"appear_time": "2015-04-09T01:01:13.750Z", "speed": 6.242132085958132, "data_relation": 4, "go_to": 1}, "model": "app.videodata", "pk": 357}, {"fields": {"appear_time": "2015-04-09T01:01:30.416Z", "speed": 18.888314597426955, "data_relation": 4, "go_to": 1}, "model": "app.videodata", "pk": 358}, {"fields": {"appear_time": "2015-04-09T01:01:33.333Z", "speed": 15.902344108979808, "data_relation": 4, "go_to": 0}, "model": "app.videodata", "pk": 359}, {"fields": {"appear_time": "2015-04-09T01:01:39.583Z", "speed": 14.341042717177427, "data_relation": 4, "go_to": 0}, "model": "app.videodata", "pk": 360}, {"fields": {"appear_time": "2015-04-09T01:02:33.903Z", "speed": 36.05112989209075, "data_relation": 1, "go_to": 0}, "model": "app.videodata", "pk": 361}, {"fields": {"appear_time": "2015-04-09T01:01:44.583Z", "speed": 18.06153949635879, "data_relation": 4, "go_to": 0}, "model": "app.videodata", "pk": 362}, {"fields": {"appear_time": "2015-04-09T01:01:50.416Z", "speed": 11.842028923951206, "data_relation": 4, "go_to": 0}, "model": "app.videodata", "pk": 363}, {"fields": {"appear_time": "2015-04-09T01:01:52.500Z", "speed": 15.67819125134187, "data_relation": 4, "go_to": 0}, "model": "app.videodata", "pk": 364}, {"fields": {"appear_time": "2015-04-09T01:02:47.876Z", "speed": 60.025272979636, "data_relation": 1, "go_to": 0}, "model": "app.videodata", "pk": 365}, {"fields": {"appear_time": "2015-04-09T01:01:58.333Z", "speed": 24.118408345601182, "data_relation": 4, "go_to": 0}, "model": "app.videodata", "pk": 366}, {"fields": {"appear_time": "2015-04-09T01:02:01.875Z", "speed": 6.887847342833061, "data_relation": 4, "go_to": 0}, "model": "app.videodata", "pk": 367}, {"fields": {"appear_time": "2015-04-09T01:02:04.791Z", "speed": 4.463783625711132, "data_relation": 4, "go_to": 0}, "model": "app.videodata", "pk": 368}, {"fields": {"appear_time": "2015-04-09T01:02:07.500Z", "speed": 15.99443988525919, "data_relation": 4, "go_to": 0}, "model": "app.videodata", "pk": 369}, {"fields": {"appear_time": "2015-04-09T01:03:07.061Z", "speed": 30.866802564879155, "data_relation": 1, "go_to": 0}, "model": "app.videodata", "pk": 370}, {"fields": {"appear_time": "2015-04-09T01:02:14.791Z", "speed": 15.895316625807187, "data_relation": 4, "go_to": 0}, "model": "app.videodata", "pk": 371}, {"fields": {"appear_time": "2015-04-09T01:02:16.458Z", "speed": 1.3137975185433526, "data_relation": 4, "go_to": 1}, "model": "app.videodata", "pk": 372}, {"fields": {"appear_time": "2015-04-09T01:02:25.208Z", "speed": 9.567081162097459, "data_relation": 4, "go_to": 0}, "model": "app.videodata", "pk": 373}, {"fields": {"appear_time": "2015-04-09T01:02:29.166Z", "speed": 11.882452547906679, "data_relation": 4, "go_to": 0}, "model": "app.videodata", "pk": 374}, {"fields": {"appear_time": "2015-04-09T01:03:28.750Z", "speed": 48.39854932607838, "data_relation": 1, "go_to": 0}, "model": "app.videodata", "pk": 375}, {"fields": {"appear_time": "2015-04-09T01:02:41.250Z", "speed": 5.709343322110147, "data_relation": 4, "go_to": 0}, "model": "app.videodata", "pk": 376}, {"fields": {"appear_time": "2015-04-09T01:02:49.791Z", "speed": 7.8205230783592246, "data_relation": 4, "go_to": 0}, "model": "app.videodata", "pk": 377}, {"fields": {"appear_time": "2015-04-09T01:03:41.679Z", "speed": 43.7553897875603, "data_relation": 1, "go_to": 0}, "model": "app.videodata", "pk": 378}, {"fields": {"appear_time": "2015-04-09T01:02:55.833Z", "speed": 8.64869882360843, "data_relation": 4, "go_to": 0}, "model": "app.videodata", "pk": 379}, {"fields": {"appear_time": "2015-04-09T01:02:56.041Z", "speed": 8.54866265061159, "data_relation": 4, "go_to": 1}, "model": "app.videodata", "pk": 380}, {"fields": {"appear_time": "2015-04-09T01:02:59.166Z", "speed": 11.211238799273703, "data_relation": 4, "go_to": 0}, "model": "app.videodata", "pk": 381}, {"fields": {"appear_time": "2015-04-09T01:03:05.208Z", "speed": 12.844812491011597, "data_relation": 4, "go_to": 0}, "model": "app.videodata", "pk": 382}, {"fields": {"appear_time": "2015-04-09T01:03:07.708Z", "speed": 14.669171206011244, "data_relation": 4, "go_to": 0}, "model": "app.videodata", "pk": 383}, {"fields": {"appear_time": "2015-04-09T01:03:08.958Z", "speed": 27.65256837700307, "data_relation": 4, "go_to": 1}, "model": "app.videodata", "pk": 384}, {"fields": {"appear_time": "2015-04-09T01:03:11.041Z", "speed": 16.44502483580944, "data_relation": 4, "go_to": 0}, "model": "app.videodata", "pk": 385}, {"fields": {"appear_time": "2015-04-09T01:03:17.500Z", "speed": 13.264865080295992, "data_relation": 4, "go_to": 0}, "model": "app.videodata", "pk": 386}, {"fields": {"appear_time": "2015-04-09T01:03:44.375Z", "speed": 7.023923679496124, "data_relation": 4, "go_to": 0}, "model": "app.videodata", "pk": 387}, {"fields": {"appear_time": "2015-04-09T01:03:44.583Z", "speed": 1.6590249551907803, "data_relation": 4, "go_to": 0}, "model": "app.videodata", "pk": 388}, {"fields": {"appear_time": "2015-04-09T01:03:51.666Z", "speed": 14.43056058966118, "data_relation": 4, "go_to": 0}, "model": "app.videodata", "pk": 389}, {"fields": {"appear_time": "2015-04-09T01:03:55.416Z", "speed": 14.434353988293713, "data_relation": 4, "go_to": 0}, "model": "app.videodata", "pk": 390}, {"fields": {"appear_time": "2015-04-09T01:04:09.375Z", "speed": 6.494235627102618, "data_relation": 4, "go_to": 0}, "model": "app.videodata", "pk": 391}, {"fields": {"appear_time": "2015-04-09T01:04:15.208Z", "speed": 2.228276840719412, "data_relation": 4, "go_to": 0}, "model": "app.videodata", "pk": 392}, {"fields": {"appear_time": "2015-04-09T01:04:17.916Z", "speed": 8.12661838379484, "data_relation": 4, "go_to": 1}, "model": "app.videodata", "pk": 393}, {"fields": {"appear_time": "2015-04-09T01:04:20.625Z", "speed": 4.978502804806801, "data_relation": 4, "go_to": 0}, "model": "app.videodata", "pk": 394}, {"fields": {"appear_time": "2015-04-09T01:04:24.791Z", "speed": 10.882261813210585, "data_relation": 4, "go_to": 0}, "model": "app.videodata", "pk": 395}, {"fields": {"appear_time": "2015-04-09T01:04:28.333Z", "speed": 12.247252293096674, "data_relation": 4, "go_to": 0}, "model": "app.videodata", "pk": 396}, {"fields": {"appear_time": "2015-04-09T01:04:31.875Z", "speed": 13.962189209836017, "data_relation": 4, "go_to": 0}, "model": "app.videodata", "pk": 397}, {"fields": {"appear_time": "2015-04-09T01:04:33.541Z", "speed": 14.326535637497438, "data_relation": 4, "go_to": 0}, "model": "app.videodata", "pk": 398}, {"fields": {"appear_time": "2015-04-09T01:04:37.083Z", "speed": 7.8214881472535245, "data_relation": 4, "go_to": 0}, "model": "app.videodata", "pk": 399}, {"fields": {"appear_time": "2015-04-09T01:04:42.500Z", "speed": 11.810857343459364, "data_relation": 4, "go_to": 0}, "model": "app.videodata", "pk": 400}, {"fields": {"appear_time": "2015-04-09T01:04:47.708Z", "speed": 11.894575264136176, "data_relation": 4, "go_to": 0}, "model": "app.videodata", "pk": 401}, {"fields": {"appear_time": "2015-04-09T01:05:51.392Z", "speed": 45.060735727506994, "data_relation": 1, "go_to": 0}, "model": "app.videodata", "pk": 402}, {"fields": {"appear_time": "2015-04-09T01:05:51.601Z", "speed": 32.795577723450734, "data_relation": 1, "go_to": 0}, "model": "app.videodata", "pk": 403}, {"fields": {"appear_time": "2015-04-09T01:04:51.458Z", "speed": 14.882452630980078, "data_relation": 4, "go_to": 0}, "model": "app.videodata", "pk": 404}, {"fields": {"appear_time": "2015-04-09T01:04:55Z", "speed": 11.875880391415258, "data_relation": 4, "go_to": 1}, "model": "app.videodata", "pk": 405}, {"fields": {"appear_time": "2015-04-09T01:04:55.208Z", "speed": 5.914225968627817, "data_relation": 4, "go_to": 1}, "model": "app.videodata", "pk": 406}, {"fields": {"appear_time": "2015-04-09T01:04:56.458Z", "speed": 9.664652608657724, "data_relation": 4, "go_to": 0}, "model": "app.videodata", "pk": 407}, {"fields": {"appear_time": "2015-04-09T01:04:59.375Z", "speed": 15.622695138175539, "data_relation": 4, "go_to": 0}, "model": "app.videodata", "pk": 408}, {"fields": {"appear_time": "2015-04-09T01:05:03.750Z", "speed": 11.430367414522186, "data_relation": 4, "go_to": 0}, "model": "app.videodata", "pk": 409}, {"fields": {"appear_time": "2015-04-09T01:05:08.125Z", "speed": 15.402480928811137, "data_relation": 4, "go_to": 0}, "model": "app.videodata", "pk": 410}, {"fields": {"appear_time": "2015-04-09T01:05:10.416Z", "speed": 17.77629846180711, "data_relation": 4, "go_to": 0}, "model": "app.videodata", "pk": 411}, {"fields": {"appear_time": "2015-04-09T01:05:12.916Z", "speed": 19.619408267004992, "data_relation": 4, "go_to": 0}, "model": "app.videodata", "pk": 412}, {"fields": {"appear_time": "2015-04-09T01:05:15.625Z", "speed": 18.523506799577667, "data_relation": 4, "go_to": 0}, "model": "app.videodata", "pk": 413}, {"fields": {"appear_time": "2015-04-09T01:05:28.125Z", "speed": 20.709032833884816, "data_relation": 4, "go_to": 0}, "model": "app.videodata", "pk": 414}, {"fields": {"appear_time": "2015-04-09T01:06:26.427Z", "speed": 6.859060375810447, "data_relation": 1, "go_to": 0}, "model": "app.videodata", "pk": 415}, {"fields": {"appear_time": "2015-04-09T01:06:34.352Z", "speed": 12.69598577737239, "data_relation": 1, "go_to": 0}, "model": "app.videodata", "pk": 416}, {"fields": {"appear_time": "2015-04-09T01:05:40.625Z", "speed": 14.21098766472013, "data_relation": 4, "go_to": 0}, "model": "app.videodata", "pk": 417}, {"fields": {"appear_time": "2015-04-09T01:05:48.125Z", "speed": 14.826112042181785, "data_relation": 4, "go_to": 0}, "model": "app.videodata", "pk": 418}, {"fields": {"appear_time": "2015-04-09T01:05:58.541Z", "speed": 15.803991698943642, "data_relation": 4, "go_to": 0}, "model": "app.videodata", "pk": 419}, {"fields": {"appear_time": "2015-04-09T01:06:11.041Z", "speed": 7.3189784921267576, "data_relation": 4, "go_to": 0}, "model": "app.videodata", "pk": 420}, {"fields": {"appear_time": "2015-04-09T01:06:21.666Z", "speed": 22.027370758460176, "data_relation": 4, "go_to": 0}, "model": "app.videodata", "pk": 421}, {"fields": {"appear_time": "2015-04-09T01:06:24.583Z", "speed": 19.273967825841066, "data_relation": 4, "go_to": 0}, "model": "app.videodata", "pk": 422}, {"fields": {"appear_time": "2015-04-09T01:06:29.583Z", "speed": 9.000304649272236, "data_relation": 4, "go_to": 0}, "model": "app.videodata", "pk": 423}, {"fields": {"appear_time": "2015-04-09T01:06:35.416Z", "speed": 12.263073374766888, "data_relation": 4, "go_to": 0}, "model": "app.videodata", "pk": 424}, {"fields": {"appear_time": "2015-04-09T01:07:42.128Z", "speed": 43.21841007115851, "data_relation": 1, "go_to": 0}, "model": "app.videodata", "pk": 425}, {"fields": {"appear_time": "2015-04-09T01:07:49.010Z", "speed": 39.84384798986241, "data_relation": 1, "go_to": 0}, "model": "app.videodata", "pk": 426}, {"fields": {"appear_time": "2015-04-09T01:06:54.166Z", "speed": 6.773404675288583, "data_relation": 4, "go_to": 1}, "model": "app.videodata", "pk": 427}, {"fields": {"appear_time": "2015-04-09T01:07:58.394Z", "speed": 53.560781740430144, "data_relation": 1, "go_to": 0}, "model": "app.videodata", "pk": 428}, {"fields": {"appear_time": "2015-04-09T01:07:05.416Z", "speed": 10.297379974184175, "data_relation": 4, "go_to": 0}, "model": "app.videodata", "pk": 429}, {"fields": {"appear_time": "2015-04-09T01:08:07.570Z", "speed": 39.045846286460126, "data_relation": 1, "go_to": 0}, "model": "app.videodata", "pk": 430}, {"fields": {"appear_time": "2015-04-09T01:07:21.250Z", "speed": 20.235226705620455, "data_relation": 4, "go_to": 0}, "model": "app.videodata", "pk": 431}, {"fields": {"appear_time": "2015-04-09T01:08:20.291Z", "speed": 40.57248040960655, "data_relation": 1, "go_to": 0}, "model": "app.videodata", "pk": 432}, {"fields": {"appear_time": "2015-04-09T01:07:31.458Z", "speed": 0.32774527675277204, "data_relation": 4, "go_to": 1}, "model": "app.videodata", "pk": 433}, {"fields": {"appear_time": "2015-04-09T01:07:35.625Z", "speed": 15.141754824311741, "data_relation": 4, "go_to": 1}, "model": "app.videodata", "pk": 434}, {"fields": {"appear_time": "2015-04-09T01:08:29.675Z", "speed": 41.45731040593849, "data_relation": 1, "go_to": 0}, "model": "app.videodata", "pk": 435}, {"fields": {"appear_time": "2015-04-09T01:07:37.916Z", "speed": 13.905029876414282, "data_relation": 4, "go_to": 0}, "model": "app.videodata", "pk": 436}, {"fields": {"appear_time": "2015-04-09T01:08:38.434Z", "speed": 47.079532971091716, "data_relation": 1, "go_to": 0}, "model": "app.videodata", "pk": 437}, {"fields": {"appear_time": "2015-04-09T01:07:47.083Z", "speed": 0.31872464816578344, "data_relation": 4, "go_to": 1}, "model": "app.videodata", "pk": 438}, {"fields": {"appear_time": "2015-04-09T01:07:47.291Z", "speed": 2.565584837609233, "data_relation": 4, "go_to": 1}, "model": "app.videodata", "pk": 439}, {"fields": {"appear_time": "2015-04-09T01:07:49.375Z", "speed": 12.96854350969638, "data_relation": 4, "go_to": 1}, "model": "app.videodata", "pk": 440}, {"fields": {"appear_time": "2015-04-09T01:08:43.231Z", "speed": 35.17517221126895, "data_relation": 1, "go_to": 0}, "model": "app.videodata", "pk": 441}, {"fields": {"appear_time": "2015-04-09T01:07:58.333Z", "speed": 15.75147874209274, "data_relation": 4, "go_to": 1}, "model": "app.videodata", "pk": 442}, {"fields": {"appear_time": "2015-04-09T01:08:02.291Z", "speed": 18.599696938753233, "data_relation": 4, "go_to": 0}, "model": "app.videodata", "pk": 443}, {"fields": {"appear_time": "2015-04-09T01:08:54.492Z", "speed": 36.73838995813521, "data_relation": 1, "go_to": 0}, "model": "app.videodata", "pk": 444}, {"fields": {"appear_time": "2015-04-09T01:08:59.080Z", "speed": 47.56013413538672, "data_relation": 1, "go_to": 0}, "model": "app.videodata", "pk": 445}, {"fields": {"appear_time": "2015-04-09T01:08:08.958Z", "speed": 20.669220119086756, "data_relation": 4, "go_to": 0}, "model": "app.videodata", "pk": 446}, {"fields": {"appear_time": "2015-04-09T01:08:13.541Z", "speed": 9.764418556455334, "data_relation": 4, "go_to": 0}, "model": "app.videodata", "pk": 447}, {"fields": {"appear_time": "2015-04-09T01:08:26.041Z", "speed": 12.557392052690954, "data_relation": 4, "go_to": 0}, "model": "app.videodata", "pk": 448}, {"fields": {"appear_time": "2015-04-09T01:08:29.583Z", "speed": 13.420490780239245, "data_relation": 4, "go_to": 0}, "model": "app.videodata", "pk": 449}, {"fields": {"appear_time": "2015-04-09T01:08:31.875Z", "speed": 14.725460556115683, "data_relation": 4, "go_to": 0}, "model": "app.videodata", "pk": 450}, {"fields": {"appear_time": "2015-04-09T01:08:32.291Z", "speed": 15.62767326019366, "data_relation": 4, "go_to": 0}, "model": "app.videodata", "pk": 451}, {"fields": {"appear_time": "2015-04-09T01:08:34.166Z", "speed": 18.248357208077472, "data_relation": 4, "go_to": 0}, "model": "app.videodata", "pk": 452}, {"fields": {"appear_time": "2015-04-09T01:08:42.083Z", "speed": 10.160440829317537, "data_relation": 4, "go_to": 1}, "model": "app.videodata", "pk": 453}, {"fields": {"appear_time": "2015-04-09T01:08:58.750Z", "speed": 14.039477675329218, "data_relation": 4, "go_to": 0}, "model": "app.videodata", "pk": 454}, {"fields": {"appear_time": "2015-04-09T01:09:10.416Z", "speed": 4.528878299875682, "data_relation": 4, "go_to": 0}, "model": "app.videodata", "pk": 455}, {"fields": {"appear_time": "2015-04-09T01:09:20.208Z", "speed": 10.468767707225211, "data_relation": 4, "go_to": 0}, "model": "app.videodata", "pk": 456}, {"fields": {"appear_time": "2015-04-09T01:09:21.666Z", "speed": 8.916321158233512, "data_relation": 4, "go_to": 1}, "model": "app.videodata", "pk": 457}, {"fields": {"appear_time": "2015-04-09T01:09:23.541Z", "speed": 14.80784258438695, "data_relation": 4, "go_to": 0}, "model": "app.videodata", "pk": 458}, {"fields": {"appear_time": "2015-04-09T01:09:33.541Z", "speed": 8.433409826744988, "data_relation": 4, "go_to": 0}, "model": "app.videodata", "pk": 459}, {"fields": {"appear_time": "2015-04-09T01:09:34.791Z", "speed": 17.686122542155587, "data_relation": 4, "go_to": 0}, "model": "app.videodata", "pk": 460}, {"fields": {"appear_time": "2015-04-09T01:00:04.166Z", "speed": 26.160063238651357, "data_relation": 5, "go_to": 0}, "model": "app.videodata", "pk": 461}, {"fields": {"appear_time": "2015-04-09T01:00:12.083Z", "speed": 13.10710314103258, "data_relation": 5, "go_to": 0}, "model": "app.videodata", "pk": 462}, {"fields": {"appear_time": "2015-04-09T01:00:17.500Z", "speed": 19.853970759934626, "data_relation": 5, "go_to": 0}, "model": "app.videodata", "pk": 463}, {"fields": {"appear_time": "2015-04-09T01:00:24.166Z", "speed": 21.805984529024432, "data_relation": 5, "go_to": 0}, "model": "app.videodata", "pk": 464}, {"fields": {"appear_time": "2015-04-09T01:00:29.375Z", "speed": 13.379670781819014, "data_relation": 5, "go_to": 0}, "model": "app.videodata", "pk": 465}, {"fields": {"appear_time": "2015-04-09T01:00:35.208Z", "speed": 12.477420080684885, "data_relation": 5, "go_to": 0}, "model": "app.videodata", "pk": 466}, {"fields": {"appear_time": "2015-04-09T01:00:41.458Z", "speed": 8.803933704596979, "data_relation": 5, "go_to": 0}, "model": "app.videodata", "pk": 467}, {"fields": {"appear_time": "2015-04-09T01:00:04.166Z", "speed": 27.170007141059727, "data_relation": 7, "go_to": 0}, "model": "app.videodata", "pk": 468}, {"fields": {"appear_time": "2015-04-09T01:00:45.625Z", "speed": 9.277765797104207, "data_relation": 5, "go_to": 0}, "model": "app.videodata", "pk": 469}, {"fields": {"appear_time": "2015-04-09T01:00:11.875Z", "speed": 13.594439294554931, "data_relation": 7, "go_to": 0}, "model": "app.videodata", "pk": 470}, {"fields": {"appear_time": "2015-04-09T01:00:49.583Z", "speed": 19.54183143968293, "data_relation": 5, "go_to": 0}, "model": "app.videodata", "pk": 471}, {"fields": {"appear_time": "2015-04-09T01:00:53.541Z", "speed": 31.249750970273976, "data_relation": 5, "go_to": 0}, "model": "app.videodata", "pk": 472}, {"fields": {"appear_time": "2015-04-09T01:00:54.791Z", "speed": 31.17310186547682, "data_relation": 5, "go_to": 0}, "model": "app.videodata", "pk": 473}, {"fields": {"appear_time": "2015-04-09T01:00:17.500Z", "speed": 20.435902703895593, "data_relation": 7, "go_to": 0}, "model": "app.videodata", "pk": 474}, {"fields": {"appear_time": "2015-04-09T01:00:24.166Z", "speed": 21.805984529024432, "data_relation": 7, "go_to": 0}, "model": "app.videodata", "pk": 475}, {"fields": {"appear_time": "2015-04-09T01:01:05Z", "speed": 18.05742667121723, "data_relation": 5, "go_to": 0}, "model": "app.videodata", "pk": 476}, {"fields": {"appear_time": "2015-04-09T01:00:29.375Z", "speed": 13.728170364803725, "data_relation": 7, "go_to": 0}, "model": "app.videodata", "pk": 477}, {"fields": {"appear_time": "2015-04-09T01:01:07.916Z", "speed": 11.6856838629566, "data_relation": 5, "go_to": 1}, "model": "app.videodata", "pk": 478}, {"fields": {"appear_time": "2015-04-09T01:00:35Z", "speed": 12.51132792943304, "data_relation": 7, "go_to": 0}, "model": "app.videodata", "pk": 479}, {"fields": {"appear_time": "2015-04-09T01:01:12.083Z", "speed": 28.277843898711982, "data_relation": 5, "go_to": 0}, "model": "app.videodata", "pk": 480}, {"fields": {"appear_time": "2015-04-09T01:00:41.041Z", "speed": 8.609503525668186, "data_relation": 7, "go_to": 0}, "model": "app.videodata", "pk": 481}, {"fields": {"appear_time": "2015-04-09T01:00:45.416Z", "speed": 9.27361558668101, "data_relation": 7, "go_to": 0}, "model": "app.videodata", "pk": 482}, {"fields": {"appear_time": "2015-04-09T01:01:30.625Z", "speed": 29.348191150193845, "data_relation": 5, "go_to": 1}, "model": "app.videodata", "pk": 483}, {"fields": {"appear_time": "2015-04-09T01:00:49.583Z", "speed": 20.206111080186773, "data_relation": 7, "go_to": 0}, "model": "app.videodata", "pk": 484}, {"fields": {"appear_time": "2015-04-09T01:01:33.541Z", "speed": 26.236333170277163, "data_relation": 5, "go_to": 0}, "model": "app.videodata", "pk": 485}, {"fields": {"appear_time": "2015-04-09T01:00:53.333Z", "speed": 31.94616750677906, "data_relation": 7, "go_to": 0}, "model": "app.videodata", "pk": 486}, {"fields": {"appear_time": "2015-04-09T01:00:54.583Z", "speed": 30.423450513945166, "data_relation": 7, "go_to": 0}, "model": "app.videodata", "pk": 487}, {"fields": {"appear_time": "2015-04-09T01:01:39.583Z", "speed": 22.472426856308793, "data_relation": 5, "go_to": 0}, "model": "app.videodata", "pk": 488}, {"fields": {"appear_time": "2015-04-09T01:01:05.065Z", "speed": 51.63303664766668, "data_relation": 8, "go_to": 0}, "model": "app.videodata", "pk": 489}, {"fields": {"appear_time": "2015-04-09T01:01:01.666Z", "speed": 14.335555547120704, "data_relation": 7, "go_to": 0}, "model": "app.videodata", "pk": 490}, {"fields": {"appear_time": "2015-04-09T01:01:44.791Z", "speed": 30.05107838973257, "data_relation": 5, "go_to": 0}, "model": "app.videodata", "pk": 491}, {"fields": {"appear_time": "2015-04-09T01:01:05Z", "speed": 19.139476968122032, "data_relation": 7, "go_to": 0}, "model": "app.videodata", "pk": 492}, {"fields": {"appear_time": "2015-04-09T01:01:06.666Z", "speed": 16.98611176370239, "data_relation": 7, "go_to": 1}, "model": "app.videodata", "pk": 493}, {"fields": {"appear_time": "2015-04-09T01:01:50.416Z", "speed": 19.243297001420707, "data_relation": 5, "go_to": 0}, "model": "app.videodata", "pk": 494}, {"fields": {"appear_time": "2015-04-09T01:01:52.500Z", "speed": 25.47706078343054, "data_relation": 5, "go_to": 0}, "model": "app.videodata", "pk": 495}, {"fields": {"appear_time": "2015-04-09T01:01:12.083Z", "speed": 32.07831736047999, "data_relation": 7, "go_to": 0}, "model": "app.videodata", "pk": 496}, {"fields": {"appear_time": "2015-04-09T01:01:13.750Z", "speed": 10.017320337481975, "data_relation": 7, "go_to": 1}, "model": "app.videodata", "pk": 497}, {"fields": {"appear_time": "2015-04-09T01:02:02.083Z", "speed": 11.580636887582926, "data_relation": 5, "go_to": 0}, "model": "app.videodata", "pk": 498}, {"fields": {"appear_time": "2015-04-09T01:02:05.208Z", "speed": 6.43761102839804, "data_relation": 5, "go_to": 0}, "model": "app.videodata", "pk": 499}, {"fields": {"appear_time": "2015-04-09T01:02:07.500Z", "speed": 25.990964813546185, "data_relation": 5, "go_to": 0}, "model": "app.videodata", "pk": 500}, {"fields": {"appear_time": "2015-04-09T01:01:30.416Z", "speed": 30.693511220818802, "data_relation": 7, "go_to": 1}, "model": "app.videodata", "pk": 501}, {"fields": {"appear_time": "2015-04-09T01:01:33.333Z", "speed": 25.841309177092192, "data_relation": 7, "go_to": 0}, "model": "app.videodata", "pk": 502}, {"fields": {"appear_time": "2015-04-09T01:02:14.791Z", "speed": 25.829889516936678, "data_relation": 5, "go_to": 0}, "model": "app.videodata", "pk": 503}, {"fields": {"appear_time": "2015-04-09T01:01:39.583Z", "speed": 23.55897978489175, "data_relation": 7, "go_to": 0}, "model": "app.videodata", "pk": 504}, {"fields": {"appear_time": "2015-04-09T01:02:25.416Z", "speed": 15.71806974887328, "data_relation": 5, "go_to": 0}, "model": "app.videodata", "pk": 505}, {"fields": {"appear_time": "2015-04-09T01:01:44.583Z", "speed": 29.350001681583038, "data_relation": 7, "go_to": 0}, "model": "app.videodata", "pk": 506}, {"fields": {"appear_time": "2015-04-09T01:02:29.375Z", "speed": 18.73445318634016, "data_relation": 5, "go_to": 0}, "model": "app.videodata", "pk": 507}, {"fields": {"appear_time": "2015-04-09T01:01:50.416Z", "speed": 20.845744920967345, "data_relation": 7, "go_to": 0}, "model": "app.videodata", "pk": 508}, {"fields": {"appear_time": "2015-04-09T01:01:52.500Z", "speed": 26.707073584607222, "data_relation": 7, "go_to": 0}, "model": "app.videodata", "pk": 509}, {"fields": {"appear_time": "2015-04-09T01:01:58.333Z", "speed": 39.19241356160192, "data_relation": 7, "go_to": 0}, "model": "app.videodata", "pk": 510}, {"fields": {"appear_time": "2015-04-09T01:02:41.250Z", "speed": 9.277682898428989, "data_relation": 5, "go_to": 0}, "model": "app.videodata", "pk": 511}, {"fields": {"appear_time": "2015-04-09T01:02:41.875Z", "speed": 11.655413727705412, "data_relation": 5, "go_to": 0}, "model": "app.videodata", "pk": 512}, {"fields": {"appear_time": "2015-04-09T01:02:01.875Z", "speed": 11.192751932103723, "data_relation": 7, "go_to": 0}, "model": "app.videodata", "pk": 513}, {"fields": {"appear_time": "2015-04-09T01:02:04.791Z", "speed": 7.439413133007767, "data_relation": 7, "go_to": 0}, "model": "app.videodata", "pk": 514}, {"fields": {"appear_time": "2015-04-09T01:02:07.500Z", "speed": 26.872890583232863, "data_relation": 7, "go_to": 0}, "model": "app.videodata", "pk": 515}, {"fields": {"appear_time": "2015-04-09T01:02:50.208Z", "speed": 12.65254587273698, "data_relation": 5, "go_to": 0}, "model": "app.videodata", "pk": 516}, {"fields": {"appear_time": "2015-04-09T01:02:14.791Z", "speed": 27.245341456860512, "data_relation": 7, "go_to": 0}, "model": "app.videodata", "pk": 517}, {"fields": {"appear_time": "2015-04-09T01:02:56.250Z", "speed": 14.614368414079264, "data_relation": 5, "go_to": 0}, "model": "app.videodata", "pk": 518}, {"fields": {"appear_time": "2015-04-09T01:02:16.458Z", "speed": 2.3244541905345497, "data_relation": 7, "go_to": 1}, "model": "app.videodata", "pk": 519}, {"fields": {"appear_time": "2015-04-09T01:02:59.375Z", "speed": 9.990731541541429, "data_relation": 5, "go_to": 0}, "model": "app.videodata", "pk": 520}, {"fields": {"appear_time": "2015-04-09T01:02:33.486Z", "speed": 37.7342630304855, "data_relation": 8, "go_to": 0}, "model": "app.videodata", "pk": 521}, {"fields": {"appear_time": "2015-04-09T01:02:25.208Z", "speed": 15.981185574686855, "data_relation": 7, "go_to": 0}, "model": "app.videodata", "pk": 522}, {"fields": {"appear_time": "2015-04-09T01:03:05.208Z", "speed": 20.36798831807606, "data_relation": 5, "go_to": 0}, "model": "app.videodata", "pk": 523}, {"fields": {"appear_time": "2015-04-09T01:02:29.166Z", "speed": 19.55875991029638, "data_relation": 7, "go_to": 0}, "model": "app.videodata", "pk": 524}, {"fields": {"appear_time": "2015-04-09T01:03:07.916Z", "speed": 24.734710657135746, "data_relation": 5, "go_to": 0}, "model": "app.videodata", "pk": 525}, {"fields": {"appear_time": "2015-04-09T01:03:11.250Z", "speed": 27.718178963550073, "data_relation": 5, "go_to": 0}, "model": "app.videodata", "pk": 526}, {"fields": {"appear_time": "2015-04-09T01:02:47.458Z", "speed": 63.80763561691778, "data_relation": 8, "go_to": 0}, "model": "app.videodata", "pk": 527}, {"fields": {"appear_time": "2015-04-09T01:03:17.500Z", "speed": 21.555405755480987, "data_relation": 5, "go_to": 0}, "model": "app.videodata", "pk": 528}, {"fields": {"appear_time": "2015-04-09T01:02:41.250Z", "speed": 9.277682898428989, "data_relation": 7, "go_to": 0}, "model": "app.videodata", "pk": 529}, {"fields": {"appear_time": "2015-04-09T01:02:50Z", "speed": 12.726295443895276, "data_relation": 7, "go_to": 0}, "model": "app.videodata", "pk": 530}, {"fields": {"appear_time": "2015-04-09T01:03:06.644Z", "speed": 30.889527539368334, "data_relation": 8, "go_to": 0}, "model": "app.videodata", "pk": 531}, {"fields": {"appear_time": "2015-04-09T01:02:56.041Z", "speed": 14.053025875293386, "data_relation": 7, "go_to": 0}, "model": "app.videodata", "pk": 532}, {"fields": {"appear_time": "2015-04-09T01:02:56.250Z", "speed": 10.923729524561695, "data_relation": 7, "go_to": 1}, "model": "app.videodata", "pk": 533}, {"fields": {"appear_time": "2015-04-09T01:02:59.375Z", "speed": 19.466290784505034, "data_relation": 7, "go_to": 0}, "model": "app.videodata", "pk": 534}, {"fields": {"appear_time": "2015-04-09T01:03:44.375Z", "speed": 11.417527633260999, "data_relation": 5, "go_to": 0}, "model": "app.videodata", "pk": 535}, {"fields": {"appear_time": "2015-04-09T01:03:44.583Z", "speed": 2.695915552185018, "data_relation": 5, "go_to": 0}, "model": "app.videodata", "pk": 536}, {"fields": {"appear_time": "2015-04-09T01:03:05.208Z", "speed": 21.389652529373816, "data_relation": 7, "go_to": 0}, "model": "app.videodata", "pk": 537}, {"fields": {"appear_time": "2015-04-09T01:03:07.916Z", "speed": 25.53493424926698, "data_relation": 7, "go_to": 0}, "model": "app.videodata", "pk": 538}, {"fields": {"appear_time": "2015-04-09T01:03:51.875Z", "speed": 23.012602261943368, "data_relation": 5, "go_to": 0}, "model": "app.videodata", "pk": 539}, {"fields": {"appear_time": "2015-04-09T01:03:08.958Z", "speed": 44.93542361262999, "data_relation": 7, "go_to": 1}, "model": "app.videodata", "pk": 540}, {"fields": {"appear_time": "2015-04-09T01:03:11.041Z", "speed": 27.335177119310373, "data_relation": 7, "go_to": 0}, "model": "app.videodata", "pk": 541}, {"fields": {"appear_time": "2015-04-09T01:03:55.416Z", "speed": 23.455825230977286, "data_relation": 5, "go_to": 0}, "model": "app.videodata", "pk": 542}, {"fields": {"appear_time": "2015-04-09T01:03:28.333Z", "speed": 50.05753682609885, "data_relation": 8, "go_to": 0}, "model": "app.videodata", "pk": 543}, {"fields": {"appear_time": "2015-04-09T01:03:17.500Z", "speed": 22.711753443154922, "data_relation": 7, "go_to": 0}, "model": "app.videodata", "pk": 544}, {"fields": {"appear_time": "2015-04-09T01:04:09.791Z", "speed": 10.347892244499233, "data_relation": 5, "go_to": 0}, "model": "app.videodata", "pk": 545}, {"fields": {"appear_time": "2015-04-09T01:03:41.262Z", "speed": 45.802675484934895, "data_relation": 8, "go_to": 0}, "model": "app.videodata", "pk": 546}, {"fields": {"appear_time": "2015-04-09T01:04:20.833Z", "speed": 8.524282980799844, "data_relation": 5, "go_to": 0}, "model": "app.videodata", "pk": 547}, {"fields": {"appear_time": "2015-04-09T01:04:25Z", "speed": 18.081434730048674, "data_relation": 5, "go_to": 0}, "model": "app.videodata", "pk": 548}, {"fields": {"appear_time": "2015-04-09T01:03:44.375Z", "speed": 11.4138759791812, "data_relation": 7, "go_to": 0}, "model": "app.videodata", "pk": 549}, {"fields": {"appear_time": "2015-04-09T01:03:44.583Z", "speed": 2.695915552185018, "data_relation": 7, "go_to": 0}, "model": "app.videodata", "pk": 550}, {"fields": {"appear_time": "2015-04-09T01:04:28.333Z", "speed": 19.901784976282094, "data_relation": 5, "go_to": 0}, "model": "app.videodata", "pk": 551}, {"fields": {"appear_time": "2015-04-09T01:04:31.875Z", "speed": 22.296828737786687, "data_relation": 5, "go_to": 0}, "model": "app.videodata", "pk": 552}, {"fields": {"appear_time": "2015-04-09T01:03:51.666Z", "speed": 23.449660958199413, "data_relation": 7, "go_to": 0}, "model": "app.videodata", "pk": 553}, {"fields": {"appear_time": "2015-04-09T01:04:33.750Z", "speed": 23.86462472812336, "data_relation": 5, "go_to": 0}, "model": "app.videodata", "pk": 554}, {"fields": {"appear_time": "2015-04-09T01:03:55.416Z", "speed": 23.986117159102275, "data_relation": 7, "go_to": 0}, "model": "app.videodata", "pk": 555}, {"fields": {"appear_time": "2015-04-09T01:04:37.291Z", "speed": 12.583924640651334, "data_relation": 5, "go_to": 0}, "model": "app.videodata", "pk": 556}, {"fields": {"appear_time": "2015-04-09T01:04:42.708Z", "speed": 19.629721662700835, "data_relation": 5, "go_to": 0}, "model": "app.videodata", "pk": 557}, {"fields": {"appear_time": "2015-04-09T01:04:47.916Z", "speed": 19.396994115117884, "data_relation": 5, "go_to": 0}, "model": "app.videodata", "pk": 558}, {"fields": {"appear_time": "2015-04-09T01:04:09.583Z", "speed": 10.405510719376844, "data_relation": 7, "go_to": 0}, "model": "app.videodata", "pk": 559}, {"fields": {"appear_time": "2015-04-09T01:04:51.666Z", "speed": 24.734710657135746, "data_relation": 5, "go_to": 0}, "model": "app.videodata", "pk": 560}, {"fields": {"appear_time": "2015-04-09T01:04:15.208Z", "speed": 3.4618889014718297, "data_relation": 7, "go_to": 0}, "model": "app.videodata", "pk": 561}, {"fields": {"appear_time": "2015-04-09T01:04:56.666Z", "speed": 15.593051841196006, "data_relation": 5, "go_to": 0}, "model": "app.videodata", "pk": 562}, {"fields": {"appear_time": "2015-04-09T01:04:17.916Z", "speed": 13.205754873666615, "data_relation": 7, "go_to": 1}, "model": "app.videodata", "pk": 563}, {"fields": {"appear_time": "2015-04-09T01:04:59.375Z", "speed": 25.386879599535252, "data_relation": 5, "go_to": 0}, "model": "app.videodata", "pk": 564}, {"fields": {"appear_time": "2015-04-09T01:04:20.625Z", "speed": 8.090067057811051, "data_relation": 7, "go_to": 0}, "model": "app.videodata", "pk": 565}, {"fields": {"appear_time": "2015-04-09T01:04:24.791Z", "speed": 18.192984668911205, "data_relation": 7, "go_to": 0}, "model": "app.videodata", "pk": 566}, {"fields": {"appear_time": "2015-04-09T01:05:03.958Z", "speed": 18.921543457267976, "data_relation": 5, "go_to": 0}, "model": "app.videodata", "pk": 567}, {"fields": {"appear_time": "2015-04-09T01:04:28.333Z", "speed": 20.20671054798134, "data_relation": 7, "go_to": 0}, "model": "app.videodata", "pk": 568}, {"fields": {"appear_time": "2015-04-09T01:05:08.125Z", "speed": 23.931470919348616, "data_relation": 5, "go_to": 0}, "model": "app.videodata", "pk": 569}, {"fields": {"appear_time": "2015-04-09T01:05:10.625Z", "speed": 30.09632016384456, "data_relation": 5, "go_to": 0}, "model": "app.videodata", "pk": 570}, {"fields": {"appear_time": "2015-04-09T01:04:31.875Z", "speed": 22.68855746598353, "data_relation": 7, "go_to": 0}, "model": "app.videodata", "pk": 571}, {"fields": {"appear_time": "2015-04-09T01:04:33.750Z", "speed": 23.86462472812336, "data_relation": 7, "go_to": 0}, "model": "app.videodata", "pk": 572}, {"fields": {"appear_time": "2015-04-09T01:05:12.916Z", "speed": 31.88153843388311, "data_relation": 5, "go_to": 0}, "model": "app.videodata", "pk": 573}, {"fields": {"appear_time": "2015-04-09T01:04:37.083Z", "speed": 12.511344741359228, "data_relation": 7, "go_to": 0}, "model": "app.videodata", "pk": 574}, {"fields": {"appear_time": "2015-04-09T01:04:42.500Z", "speed": 20.022511501222045, "data_relation": 7, "go_to": 0}, "model": "app.videodata", "pk": 575}, {"fields": {"appear_time": "2015-04-09T01:04:47.916Z", "speed": 19.695784524884306, "data_relation": 7, "go_to": 0}, "model": "app.videodata", "pk": 576}, {"fields": {"appear_time": "2015-04-09T01:04:51.458Z", "speed": 24.60165940737933, "data_relation": 7, "go_to": 0}, "model": "app.videodata", "pk": 577}, {"fields": {"appear_time": "2015-04-09T01:04:55Z", "speed": 19.298305636049797, "data_relation": 7, "go_to": 1}, "model": "app.videodata", "pk": 578}, {"fields": {"appear_time": "2015-04-09T01:04:55.208Z", "speed": 9.610617199020203, "data_relation": 7, "go_to": 1}, "model": "app.videodata", "pk": 579}, {"fields": {"appear_time": "2015-04-09T01:04:56.458Z", "speed": 15.7050604890688, "data_relation": 7, "go_to": 0}, "model": "app.videodata", "pk": 580}, {"fields": {"appear_time": "2015-04-09T01:05:40.625Z", "speed": 23.092854955170214, "data_relation": 5, "go_to": 0}, "model": "app.videodata", "pk": 581}, {"fields": {"appear_time": "2015-04-09T01:05:41.666Z", "speed": 25.491267697280097, "data_relation": 5, "go_to": 0}, "model": "app.videodata", "pk": 582}, {"fields": {"appear_time": "2015-04-09T01:04:59.375Z", "speed": 26.300655464066097, "data_relation": 7, "go_to": 0}, "model": "app.videodata", "pk": 583}, {"fields": {"appear_time": "2015-04-09T01:05:48.125Z", "speed": 24.092432068545403, "data_relation": 5, "go_to": 0}, "model": "app.videodata", "pk": 584}, {"fields": {"appear_time": "2015-04-09T01:05:03.750Z", "speed": 18.574347048598554, "data_relation": 7, "go_to": 0}, "model": "app.videodata", "pk": 585}, {"fields": {"appear_time": "2015-04-09T01:05:08.125Z", "speed": 25.670523824580652, "data_relation": 7, "go_to": 0}, "model": "app.videodata", "pk": 586}, {"fields": {"appear_time": "2015-04-09T01:05:10.625Z", "speed": 31.040521893464252, "data_relation": 7, "go_to": 0}, "model": "app.videodata", "pk": 587}, {"fields": {"appear_time": "2015-04-09T01:05:58.750Z", "speed": 26.155201706121844, "data_relation": 5, "go_to": 0}, "model": "app.videodata", "pk": 588}, {"fields": {"appear_time": "2015-04-09T01:05:12.916Z", "speed": 33.715564018080684, "data_relation": 7, "go_to": 0}, "model": "app.videodata", "pk": 589}, {"fields": {"appear_time": "2015-04-09T01:05:15.625Z", "speed": 30.10069854931371, "data_relation": 7, "go_to": 0}, "model": "app.videodata", "pk": 590}, {"fields": {"appear_time": "2015-04-09T01:06:11.458Z", "speed": 12.101025720966138, "data_relation": 5, "go_to": 0}, "model": "app.videodata", "pk": 591}, {"fields": {"appear_time": "2015-04-09T01:05:28.125Z", "speed": 35.163870813447645, "data_relation": 7, "go_to": 0}, "model": "app.videodata", "pk": 592}, {"fields": {"appear_time": "2015-04-09T01:05:51.184Z", "speed": 45.88673197799498, "data_relation": 8, "go_to": 0}, "model": "app.videodata", "pk": 593}, {"fields": {"appear_time": "2015-04-09T01:05:51.392Z", "speed": 33.41139596386459, "data_relation": 8, "go_to": 0}, "model": "app.videodata", "pk": 594}, {"fields": {"appear_time": "2015-04-09T01:06:21.666Z", "speed": 33.40368110391764, "data_relation": 5, "go_to": 0}, "model": "app.videodata", "pk": 595}, {"fields": {"appear_time": "2015-04-09T01:06:24.791Z", "speed": 32.37992346737059, "data_relation": 5, "go_to": 0}, "model": "app.videodata", "pk": 596}, {"fields": {"appear_time": "2015-04-09T01:05:40.625Z", "speed": 23.89743347139561, "data_relation": 7, "go_to": 0}, "model": "app.videodata", "pk": 597}, {"fields": {"appear_time": "2015-04-09T01:05:41.666Z", "speed": 25.491267697280097, "data_relation": 7, "go_to": 0}, "model": "app.videodata", "pk": 598}, {"fields": {"appear_time": "2015-04-09T01:06:29.583Z", "speed": 14.475426469336142, "data_relation": 5, "go_to": 0}, "model": "app.videodata", "pk": 599}, {"fields": {"appear_time": "2015-04-09T01:05:48.125Z", "speed": 24.773230486620697, "data_relation": 7, "go_to": 0}, "model": "app.videodata", "pk": 600}, {"fields": {"appear_time": "2015-04-09T01:06:35.625Z", "speed": 19.72916442811582, "data_relation": 5, "go_to": 0}, "model": "app.videodata", "pk": 601}, {"fields": {"appear_time": "2015-04-09T01:05:58.541Z", "speed": 25.681486510783415, "data_relation": 7, "go_to": 0}, "model": "app.videodata", "pk": 602}, {"fields": {"appear_time": "2015-04-09T01:06:11.250Z", "speed": 12.188834685503346, "data_relation": 7, "go_to": 0}, "model": "app.videodata", "pk": 603}, {"fields": {"appear_time": "2015-04-09T01:06:54.375Z", "speed": 9.7157049453448, "data_relation": 5, "go_to": 1}, "model": "app.videodata", "pk": 604}, {"fields": {"appear_time": "2015-04-09T01:06:24.550Z", "speed": 7.253768031697629, "data_relation": 8, "go_to": 0}, "model": "app.videodata", "pk": 605}, {"fields": {"appear_time": "2015-04-09T01:06:26.427Z", "speed": 21.48394994387658, "data_relation": 8, "go_to": 0}, "model": "app.videodata", "pk": 606}, {"fields": {"appear_time": "2015-04-09T01:06:21.666Z", "speed": 35.482174626643925, "data_relation": 7, "go_to": 0}, "model": "app.videodata", "pk": 607}, {"fields": {"appear_time": "2015-04-09T01:06:33.935Z", "speed": 12.511886963441462, "data_relation": 8, "go_to": 0}, "model": "app.videodata", "pk": 608}, {"fields": {"appear_time": "2015-04-09T01:06:24.583Z", "speed": 31.320197716991732, "data_relation": 7, "go_to": 0}, "model": "app.videodata", "pk": 609}, {"fields": {"appear_time": "2015-04-09T01:06:29.583Z", "speed": 15.012715000188097, "data_relation": 7, "go_to": 0}, "model": "app.videodata", "pk": 610}, {"fields": {"appear_time": "2015-04-09T01:06:35.416Z", "speed": 20.153454261030504, "data_relation": 7, "go_to": 0}, "model": "app.videodata", "pk": 611}, {"fields": {"appear_time": "2015-04-09T01:07:21.250Z", "speed": 31.27316135665896, "data_relation": 5, "go_to": 0}, "model": "app.videodata", "pk": 612}, {"fields": {"appear_time": "2015-04-09T01:06:42.500Z", "speed": 25.292740046838407, "data_relation": 7, "go_to": 1}, "model": "app.videodata", "pk": 613}, {"fields": {"appear_time": "2015-04-09T01:07:32.291Z", "speed": 0.44814626417723663, "data_relation": 5, "go_to": 1}, "model": "app.videodata", "pk": 614}, {"fields": {"appear_time": "2015-04-09T01:07:38.125Z", "speed": 23.255782328000187, "data_relation": 5, "go_to": 0}, "model": "app.videodata", "pk": 615}, {"fields": {"appear_time": "2015-04-09T01:07:05.625Z", "speed": 15.795671099639655, "data_relation": 7, "go_to": 0}, "model": "app.videodata", "pk": 616}, {"fields": {"appear_time": "2015-04-09T01:07:58.541Z", "speed": 24.41681151107306, "data_relation": 5, "go_to": 1}, "model": "app.videodata", "pk": 617}, {"fields": {"appear_time": "2015-04-09T01:07:21.250Z", "speed": 32.88224339663324, "data_relation": 7, "go_to": 0}, "model": "app.videodata", "pk": 618}, {"fields": {"appear_time": "2015-04-09T01:08:02.291Z", "speed": 28.794870902187178, "data_relation": 5, "go_to": 0}, "model": "app.videodata", "pk": 619}, {"fields": {"appear_time": "2015-04-09T01:08:08.958Z", "speed": 33.58748269351598, "data_relation": 5, "go_to": 0}, "model": "app.videodata", "pk": 620}, {"fields": {"appear_time": "2015-04-09T01:07:41.919Z", "speed": 43.84558286743294, "data_relation": 8, "go_to": 0}, "model": "app.videodata", "pk": 621}, {"fields": {"appear_time": "2015-04-09T01:07:31.458Z", "speed": 0.5325860747232546, "data_relation": 7, "go_to": 1}, "model": "app.videodata", "pk": 622}, {"fields": {"appear_time": "2015-04-09T01:08:13.541Z", "speed": 15.86718015423992, "data_relation": 5, "go_to": 0}, "model": "app.videodata", "pk": 623}, {"fields": {"appear_time": "2015-04-09T01:07:48.593Z", "speed": 40.80860757116239, "data_relation": 8, "go_to": 0}, "model": "app.videodata", "pk": 624}, {"fields": {"appear_time": "2015-04-09T01:07:35.625Z", "speed": 24.60535158950658, "data_relation": 7, "go_to": 1}, "model": "app.videodata", "pk": 625}, {"fields": {"appear_time": "2015-04-09T01:07:37.916Z", "speed": 22.92214806498878, "data_relation": 7, "go_to": 0}, "model": "app.videodata", "pk": 626}, {"fields": {"appear_time": "2015-04-09T01:08:26.041Z", "speed": 19.963059422528865, "data_relation": 5, "go_to": 0}, "model": "app.videodata", "pk": 627}, {"fields": {"appear_time": "2015-04-09T01:07:57.977Z", "speed": 55.43431617675484, "data_relation": 8, "go_to": 0}, "model": "app.videodata", "pk": 628}, {"fields": {"appear_time": "2015-04-09T01:08:29.791Z", "speed": 21.400438916660388, "data_relation": 5, "go_to": 0}, "model": "app.videodata", "pk": 629}, {"fields": {"appear_time": "2015-04-09T01:07:47.083Z", "speed": 0.5674929767107607, "data_relation": 7, "go_to": 1}, "model": "app.videodata", "pk": 630}, {"fields": {"appear_time": "2015-04-09T01:07:47.291Z", "speed": 4.169075361115004, "data_relation": 7, "go_to": 1}, "model": "app.videodata", "pk": 631}, {"fields": {"appear_time": "2015-04-09T01:08:32.500Z", "speed": 25.491665907859062, "data_relation": 5, "go_to": 0}, "model": "app.videodata", "pk": 632}, {"fields": {"appear_time": "2015-04-09T01:07:49.375Z", "speed": 21.073883203256614, "data_relation": 7, "go_to": 1}, "model": "app.videodata", "pk": 633}, {"fields": {"appear_time": "2015-04-09T01:08:34.375Z", "speed": 30.838914004963325, "data_relation": 5, "go_to": 0}, "model": "app.videodata", "pk": 634}, {"fields": {"appear_time": "2015-04-09T01:08:07.361Z", "speed": 39.82782108399455, "data_relation": 8, "go_to": 0}, "model": "app.videodata", "pk": 635}, {"fields": {"appear_time": "2015-04-09T01:07:58.125Z", "speed": 25.8157326249483, "data_relation": 7, "go_to": 1}, "model": "app.videodata", "pk": 636}, {"fields": {"appear_time": "2015-04-09T01:08:02.291Z", "speed": 30.224507525474007, "data_relation": 7, "go_to": 0}, "model": "app.videodata", "pk": 637}, {"fields": {"appear_time": "2015-04-09T01:08:08.958Z", "speed": 33.58748269351598, "data_relation": 7, "go_to": 0}, "model": "app.videodata", "pk": 638}, {"fields": {"appear_time": "2015-04-09T01:08:20.082Z", "speed": 40.83605531729317, "data_relation": 8, "go_to": 0}, "model": "app.videodata", "pk": 639}, {"fields": {"appear_time": "2015-04-09T01:08:13.541Z", "speed": 16.219739905284825, "data_relation": 7, "go_to": 0}, "model": "app.videodata", "pk": 640}, {"fields": {"appear_time": "2015-04-09T01:08:58.958Z", "speed": 22.83983144320045, "data_relation": 5, "go_to": 0}, "model": "app.videodata", "pk": 641}, {"fields": {"appear_time": "2015-04-09T01:08:29.258Z", "speed": 43.03881318052478, "data_relation": 8, "go_to": 0}, "model": "app.videodata", "pk": 642}, {"fields": {"appear_time": "2015-04-09T01:08:26.041Z", "speed": 20.405762085622797, "data_relation": 7, "go_to": 0}, "model": "app.videodata", "pk": 643}, {"fields": {"appear_time": "2015-04-09T01:09:10.833Z", "speed": 7.514166695329009, "data_relation": 5, "go_to": 0}, "model": "app.videodata", "pk": 644}, {"fields": {"appear_time": "2015-04-09T01:08:29.791Z", "speed": 22.943278883541588, "data_relation": 7, "go_to": 0}, "model": "app.videodata", "pk": 645}, {"fields": {"appear_time": "2015-04-09T01:08:38.226Z", "speed": 47.63920460857319, "data_relation": 8, "go_to": 0}, "model": "app.videodata", "pk": 646}, {"fields": {"appear_time": "2015-04-09T01:08:32.291Z", "speed": 26.282883130427354, "data_relation": 7, "go_to": 0}, "model": "app.videodata", "pk": 647}, {"fields": {"appear_time": "2015-04-09T01:08:34.166Z", "speed": 29.653580463125895, "data_relation": 7, "go_to": 0}, "model": "app.videodata", "pk": 648}, {"fields": {"appear_time": "2015-04-09T01:08:43.022Z", "speed": 35.10134190237474, "data_relation": 8, "go_to": 0}, "model": "app.videodata", "pk": 649}, {"fields": {"appear_time": "2015-04-09T01:09:20.208Z", "speed": 16.50716367620818, "data_relation": 5, "go_to": 0}, "model": "app.videodata", "pk": 650}, {"fields": {"appear_time": "2015-04-09T01:09:23.750Z", "speed": 24.848928230138068, "data_relation": 5, "go_to": 0}, "model": "app.videodata", "pk": 651}, {"fields": {"appear_time": "2015-04-09T01:08:42.083Z", "speed": 16.510716347640997, "data_relation": 7, "go_to": 1}, "model": "app.videodata", "pk": 652}, {"fields": {"appear_time": "2015-04-09T01:08:54.075Z", "speed": 37.43346993737575, "data_relation": 8, "go_to": 0}, "model": "app.videodata", "pk": 653}, {"fields": {"appear_time": "2015-04-09T01:09:31.041Z", "speed": 22.850307420361077, "data_relation": 5, "go_to": 0}, "model": "app.videodata", "pk": 654}, {"fields": {"appear_time": "2015-04-09T01:09:33.750Z", "speed": 14.180084816388538, "data_relation": 5, "go_to": 0}, "model": "app.videodata", "pk": 655}, {"fields": {"appear_time": "2015-04-09T01:08:58.663Z", "speed": 50.09504229870109, "data_relation": 8, "go_to": 0}, "model": "app.videodata", "pk": 656}, {"fields": {"appear_time": "2015-04-09T01:09:35Z", "speed": 28.98949663797905, "data_relation": 5, "go_to": 0}, "model": "app.videodata", "pk": 657}, {"fields": {"appear_time": "2015-04-09T01:08:58.750Z", "speed": 22.772754409792825, "data_relation": 7, "go_to": 0}, "model": "app.videodata", "pk": 658}, {"fields": {"appear_time": "2015-04-09T01:09:10.625Z", "speed": 7.363555932636149, "data_relation": 7, "go_to": 0}, "model": "app.videodata", "pk": 659}, {"fields": {"appear_time": "2015-04-09T01:09:20.208Z", "speed": 17.501276501411176, "data_relation": 7, "go_to": 0}, "model": "app.videodata", "pk": 660}, {"fields": {"appear_time": "2015-04-09T01:09:21.666Z", "speed": 14.489021882129457, "data_relation": 7, "go_to": 1}, "model": "app.videodata", "pk": 661}, {"fields": {"appear_time": "2015-04-09T01:09:23.750Z", "speed": 24.74927380590167, "data_relation": 7, "go_to": 0}, "model": "app.videodata", "pk": 662}, {"fields": {"appear_time": "2015-04-09T01:09:33.750Z", "speed": 14.180084816388538, "data_relation": 7, "go_to": 0}, "model": "app.videodata", "pk": 663}, {"fields": {"appear_time": "2015-04-09T01:09:35Z", "speed": 30.09546099559792, "data_relation": 7, "go_to": 0}, "model": "app.videodata", "pk": 664}, {"fields": {"appear_time": "2015-04-09T01:00:04.166Z", "speed": 16.098500454554678, "data_relation": 5, "go_to": 0}, "model": "app.videodata", "pk": 665}, {"fields": {"appear_time": "2015-04-09T01:00:12.083Z", "speed": 8.06590962525082, "data_relation": 5, "go_to": 0}, "model": "app.videodata", "pk": 666}, {"fields": {"appear_time": "2015-04-09T01:00:17.500Z", "speed": 12.217828159959769, "data_relation": 5, "go_to": 0}, "model": "app.videodata", "pk": 667}, {"fields": {"appear_time": "2015-04-09T01:00:24.166Z", "speed": 13.419067402476575, "data_relation": 5, "go_to": 0}, "model": "app.videodata", "pk": 668}, {"fields": {"appear_time": "2015-04-09T01:00:29.375Z", "speed": 8.23364355804247, "data_relation": 5, "go_to": 0}, "model": "app.videodata", "pk": 669}, {"fields": {"appear_time": "2015-04-09T01:00:35.208Z", "speed": 7.678412357344544, "data_relation": 5, "go_to": 0}, "model": "app.videodata", "pk": 670}, {"fields": {"appear_time": "2015-04-09T01:00:41.458Z", "speed": 5.417805356675064, "data_relation": 5, "go_to": 0}, "model": "app.videodata", "pk": 671}, {"fields": {"appear_time": "2015-04-09T01:00:45.625Z", "speed": 5.709394336679512, "data_relation": 5, "go_to": 0}, "model": "app.videodata", "pk": 672}, {"fields": {"appear_time": "2015-04-09T01:00:49.583Z", "speed": 12.025742424420265, "data_relation": 5, "go_to": 0}, "model": "app.videodata", "pk": 673}, {"fields": {"appear_time": "2015-04-09T01:00:53.541Z", "speed": 19.230615981707057, "data_relation": 5, "go_to": 0}, "model": "app.videodata", "pk": 674}, {"fields": {"appear_time": "2015-04-09T01:00:54.791Z", "speed": 19.18344730183189, "data_relation": 5, "go_to": 0}, "model": "app.videodata", "pk": 675}, {"fields": {"appear_time": "2015-04-09T01:01:05Z", "speed": 11.11226256690291, "data_relation": 5, "go_to": 0}, "model": "app.videodata", "pk": 676}, {"fields": {"appear_time": "2015-04-09T01:01:07.916Z", "speed": 7.191190069511754, "data_relation": 5, "go_to": 1}, "model": "app.videodata", "pk": 677}, {"fields": {"appear_time": "2015-04-09T01:01:12.083Z", "speed": 17.401750091515066, "data_relation": 5, "go_to": 0}, "model": "app.videodata", "pk": 678}, {"fields": {"appear_time": "2015-04-09T01:01:30.625Z", "speed": 18.060425323196213, "data_relation": 5, "go_to": 1}, "model": "app.videodata", "pk": 679}, {"fields": {"appear_time": "2015-04-09T01:01:33.541Z", "speed": 16.145435797093644, "data_relation": 5, "go_to": 0}, "model": "app.videodata", "pk": 680}, {"fields": {"appear_time": "2015-04-09T01:01:39.583Z", "speed": 13.829185757728489, "data_relation": 5, "go_to": 0}, "model": "app.videodata", "pk": 681}, {"fields": {"appear_time": "2015-04-09T01:01:44.791Z", "speed": 18.492971316758503, "data_relation": 5, "go_to": 0}, "model": "app.videodata", "pk": 682}, {"fields": {"appear_time": "2015-04-09T01:01:50.416Z", "speed": 11.842028923951206, "data_relation": 5, "go_to": 0}, "model": "app.videodata", "pk": 683}, {"fields": {"appear_time": "2015-04-09T01:01:52.500Z", "speed": 15.67819125134187, "data_relation": 5, "go_to": 0}, "model": "app.videodata", "pk": 684}, {"fields": {"appear_time": "2015-04-09T01:02:02.083Z", "speed": 7.126545776974109, "data_relation": 5, "go_to": 0}, "model": "app.videodata", "pk": 685}, {"fields": {"appear_time": "2015-04-09T01:02:05.208Z", "speed": 3.961606786706487, "data_relation": 5, "go_to": 0}, "model": "app.videodata", "pk": 686}, {"fields": {"appear_time": "2015-04-09T01:02:07.500Z", "speed": 15.99443988525919, "data_relation": 5, "go_to": 0}, "model": "app.videodata", "pk": 687}, {"fields": {"appear_time": "2015-04-09T01:02:14.791Z", "speed": 15.895316625807187, "data_relation": 5, "go_to": 0}, "model": "app.videodata", "pk": 688}, {"fields": {"appear_time": "2015-04-09T01:02:25.416Z", "speed": 9.672658306998942, "data_relation": 5, "go_to": 0}, "model": "app.videodata", "pk": 689}, {"fields": {"appear_time": "2015-04-09T01:02:29.375Z", "speed": 11.528894268517021, "data_relation": 5, "go_to": 0}, "model": "app.videodata", "pk": 690}, {"fields": {"appear_time": "2015-04-09T01:02:41.250Z", "speed": 5.709343322110147, "data_relation": 5, "go_to": 0}, "model": "app.videodata", "pk": 691}, {"fields": {"appear_time": "2015-04-09T01:02:41.875Z", "speed": 7.172562293972562, "data_relation": 5, "go_to": 0}, "model": "app.videodata", "pk": 692}, {"fields": {"appear_time": "2015-04-09T01:02:50.208Z", "speed": 7.786182075530449, "data_relation": 5, "go_to": 0}, "model": "app.videodata", "pk": 693}, {"fields": {"appear_time": "2015-04-09T01:02:56.250Z", "speed": 8.993457485587243, "data_relation": 5, "go_to": 0}, "model": "app.videodata", "pk": 694}, {"fields": {"appear_time": "2015-04-09T01:02:59.375Z", "speed": 6.148142487102418, "data_relation": 5, "go_to": 0}, "model": "app.videodata", "pk": 695}, {"fields": {"appear_time": "2015-04-09T01:03:05.208Z", "speed": 12.534146657277574, "data_relation": 5, "go_to": 0}, "model": "app.videodata", "pk": 696}, {"fields": {"appear_time": "2015-04-09T01:03:07.916Z", "speed": 15.22136040439123, "data_relation": 5, "go_to": 0}, "model": "app.videodata", "pk": 697}, {"fields": {"appear_time": "2015-04-09T01:03:11.250Z", "speed": 17.0573409006462, "data_relation": 5, "go_to": 0}, "model": "app.videodata", "pk": 698}, {"fields": {"appear_time": "2015-04-09T01:03:17.500Z", "speed": 13.264865080295992, "data_relation": 5, "go_to": 0}, "model": "app.videodata", "pk": 699}, {"fields": {"appear_time": "2015-04-09T01:03:44.375Z", "speed": 7.026170851237538, "data_relation": 5, "go_to": 0}, "model": "app.videodata", "pk": 700}, {"fields": {"appear_time": "2015-04-09T01:03:44.583Z", "speed": 1.6590249551907803, "data_relation": 5, "go_to": 0}, "model": "app.videodata", "pk": 701}, {"fields": {"appear_time": "2015-04-09T01:03:51.875Z", "speed": 14.161601391965148, "data_relation": 5, "go_to": 0}, "model": "app.videodata", "pk": 702}, {"fields": {"appear_time": "2015-04-09T01:03:55.416Z", "speed": 14.434353988293713, "data_relation": 5, "go_to": 0}, "model": "app.videodata", "pk": 703}, {"fields": {"appear_time": "2015-04-09T01:04:09.791Z", "speed": 6.367933688922605, "data_relation": 5, "go_to": 0}, "model": "app.videodata", "pk": 704}, {"fields": {"appear_time": "2015-04-09T01:04:20.833Z", "speed": 5.245712603569135, "data_relation": 5, "go_to": 0}, "model": "app.videodata", "pk": 705}, {"fields": {"appear_time": "2015-04-09T01:04:25Z", "speed": 11.127036756953029, "data_relation": 5, "go_to": 0}, "model": "app.videodata", "pk": 706}, {"fields": {"appear_time": "2015-04-09T01:04:28.333Z", "speed": 12.247252293096674, "data_relation": 5, "go_to": 0}, "model": "app.videodata", "pk": 707}, {"fields": {"appear_time": "2015-04-09T01:04:31.875Z", "speed": 13.7211253770995, "data_relation": 5, "go_to": 0}, "model": "app.videodata", "pk": 708}, {"fields": {"appear_time": "2015-04-09T01:04:33.750Z", "speed": 14.685922909614376, "data_relation": 5, "go_to": 0}, "model": "app.videodata", "pk": 709}, {"fields": {"appear_time": "2015-04-09T01:04:37.291Z", "speed": 7.743953625016206, "data_relation": 5, "go_to": 0}, "model": "app.videodata", "pk": 710}, {"fields": {"appear_time": "2015-04-09T01:04:42.708Z", "speed": 12.079828715508206, "data_relation": 5, "go_to": 0}, "model": "app.videodata", "pk": 711}, {"fields": {"appear_time": "2015-04-09T01:04:47.916Z", "speed": 11.936611763149468, "data_relation": 5, "go_to": 0}, "model": "app.videodata", "pk": 712}, {"fields": {"appear_time": "2015-04-09T01:04:51.666Z", "speed": 15.22136040439123, "data_relation": 5, "go_to": 0}, "model": "app.videodata", "pk": 713}, {"fields": {"appear_time": "2015-04-09T01:04:56.666Z", "speed": 9.595724209966773, "data_relation": 5, "go_to": 0}, "model": "app.videodata", "pk": 714}, {"fields": {"appear_time": "2015-04-09T01:04:59.375Z", "speed": 15.622695138175539, "data_relation": 5, "go_to": 0}, "model": "app.videodata", "pk": 715}, {"fields": {"appear_time": "2015-04-09T01:05:03.958Z", "speed": 11.64402674293414, "data_relation": 5, "go_to": 0}, "model": "app.videodata", "pk": 716}, {"fields": {"appear_time": "2015-04-09T01:05:08.125Z", "speed": 14.727059027291455, "data_relation": 5, "go_to": 0}, "model": "app.videodata", "pk": 717}, {"fields": {"appear_time": "2015-04-09T01:05:10.625Z", "speed": 18.520812408519728, "data_relation": 5, "go_to": 0}, "model": "app.videodata", "pk": 718}, {"fields": {"appear_time": "2015-04-09T01:05:12.916Z", "speed": 19.619408267004992, "data_relation": 5, "go_to": 0}, "model": "app.videodata", "pk": 719}, {"fields": {"appear_time": "2015-04-09T01:05:40.625Z", "speed": 14.21098766472013, "data_relation": 5, "go_to": 0}, "model": "app.videodata", "pk": 720}, {"fields": {"appear_time": "2015-04-09T01:05:41.666Z", "speed": 15.686933967556985, "data_relation": 5, "go_to": 0}, "model": "app.videodata", "pk": 721}, {"fields": {"appear_time": "2015-04-09T01:05:48.125Z", "speed": 14.826112042181785, "data_relation": 5, "go_to": 0}, "model": "app.videodata", "pk": 722}, {"fields": {"appear_time": "2015-04-09T01:05:58.750Z", "speed": 16.095508742228827, "data_relation": 5, "go_to": 0}, "model": "app.videodata", "pk": 723}, {"fields": {"appear_time": "2015-04-09T01:06:11.458Z", "speed": 7.446785059056085, "data_relation": 5, "go_to": 0}, "model": "app.videodata", "pk": 724}, {"fields": {"appear_time": "2015-04-09T01:06:21.666Z", "speed": 20.556111448564703, "data_relation": 5, "go_to": 0}, "model": "app.videodata", "pk": 725}, {"fields": {"appear_time": "2015-04-09T01:06:24.791Z", "speed": 19.926106749151128, "data_relation": 5, "go_to": 0}, "model": "app.videodata", "pk": 726}, {"fields": {"appear_time": "2015-04-09T01:06:29.583Z", "speed": 8.907954750360702, "data_relation": 5, "go_to": 0}, "model": "app.videodata", "pk": 727}, {"fields": {"appear_time": "2015-04-09T01:06:35.625Z", "speed": 12.14102426345589, "data_relation": 5, "go_to": 0}, "model": "app.videodata", "pk": 728}, {"fields": {"appear_time": "2015-04-09T01:06:54.375Z", "speed": 5.978895350981415, "data_relation": 5, "go_to": 1}, "model": "app.videodata", "pk": 729}, {"fields": {"appear_time": "2015-04-09T01:07:21.250Z", "speed": 19.245022373328588, "data_relation": 5, "go_to": 0}, "model": "app.videodata", "pk": 730}, {"fields": {"appear_time": "2015-04-09T01:07:32.291Z", "speed": 0.275782316416761, "data_relation": 5, "go_to": 1}, "model": "app.videodata", "pk": 731}, {"fields": {"appear_time": "2015-04-09T01:07:38.125Z", "speed": 14.31125066338473, "data_relation": 5, "go_to": 0}, "model": "app.videodata", "pk": 732}, {"fields": {"appear_time": "2015-04-09T01:07:58.541Z", "speed": 15.025730160660348, "data_relation": 5, "go_to": 1}, "model": "app.videodata", "pk": 733}, {"fields": {"appear_time": "2015-04-09T01:08:02.291Z", "speed": 17.71992055519211, "data_relation": 5, "go_to": 0}, "model": "app.videodata", "pk": 734}, {"fields": {"appear_time": "2015-04-09T01:08:08.958Z", "speed": 20.669220119086756, "data_relation": 5, "go_to": 0}, "model": "app.videodata", "pk": 735}, {"fields": {"appear_time": "2015-04-09T01:08:13.541Z", "speed": 9.764418556455334, "data_relation": 5, "go_to": 0}, "model": "app.videodata", "pk": 736}, {"fields": {"appear_time": "2015-04-09T01:08:26.041Z", "speed": 12.28495964463315, "data_relation": 5, "go_to": 0}, "model": "app.videodata", "pk": 737}, {"fields": {"appear_time": "2015-04-09T01:08:29.791Z", "speed": 13.169500871791007, "data_relation": 5, "go_to": 0}, "model": "app.videodata", "pk": 738}, {"fields": {"appear_time": "2015-04-09T01:08:32.500Z", "speed": 15.687179020220961, "data_relation": 5, "go_to": 0}, "model": "app.videodata", "pk": 739}, {"fields": {"appear_time": "2015-04-09T01:08:34.375Z", "speed": 18.977793233823586, "data_relation": 5, "go_to": 0}, "model": "app.videodata", "pk": 740}, {"fields": {"appear_time": "2015-04-09T01:08:58.958Z", "speed": 14.055280888123352, "data_relation": 5, "go_to": 0}, "model": "app.videodata", "pk": 741}, {"fields": {"appear_time": "2015-04-09T01:09:10.833Z", "speed": 4.624102581740929, "data_relation": 5, "go_to": 0}, "model": "app.videodata", "pk": 742}, {"fields": {"appear_time": "2015-04-09T01:09:20.208Z", "speed": 10.158254569974263, "data_relation": 5, "go_to": 0}, "model": "app.videodata", "pk": 743}, {"fields": {"appear_time": "2015-04-09T01:09:23.750Z", "speed": 15.29164814162343, "data_relation": 5, "go_to": 0}, "model": "app.videodata", "pk": 744}, {"fields": {"appear_time": "2015-04-09T01:09:31.041Z", "speed": 14.061727643299124, "data_relation": 5, "go_to": 0}, "model": "app.videodata", "pk": 745}, {"fields": {"appear_time": "2015-04-09T01:09:33.750Z", "speed": 8.726206040854485, "data_relation": 5, "go_to": 0}, "model": "app.videodata", "pk": 746}, {"fields": {"appear_time": "2015-04-09T01:09:35Z", "speed": 17.839690238756337, "data_relation": 5, "go_to": 0}, "model": "app.videodata", "pk": 747}, {"fields": {"appear_time": "2015-04-10T01:00:04.166Z", "speed": 16.720004394498293, "data_relation": 9, "go_to": 0}, "model": "app.videodata", "pk": 748}, {"fields": {"appear_time": "2015-04-10T01:00:12.083Z", "speed": 8.282823456192824, "data_relation": 9, "go_to": 0}, "model": "app.videodata", "pk": 749}, {"fields": {"appear_time": "2015-04-10T01:00:17.500Z", "speed": 12.217828159959769, "data_relation": 9, "go_to": 0}, "model": "app.videodata", "pk": 750}, {"fields": {"appear_time": "2015-04-10T01:00:24.166Z", "speed": 13.419067402476575, "data_relation": 9, "go_to": 0}, "model": "app.videodata", "pk": 751}, {"fields": {"appear_time": "2015-04-10T01:00:29.375Z", "speed": 8.334868877965553, "data_relation": 9, "go_to": 0}, "model": "app.videodata", "pk": 752}, {"fields": {"appear_time": "2015-04-10T01:00:35Z", "speed": 7.622650655257444, "data_relation": 9, "go_to": 0}, "model": "app.videodata", "pk": 753}, {"fields": {"appear_time": "2015-04-10T01:00:41.041Z", "speed": 5.443752254209593, "data_relation": 9, "go_to": 0}, "model": "app.videodata", "pk": 754}, {"fields": {"appear_time": "2015-04-10T01:00:45.416Z", "speed": 5.51023879372719, "data_relation": 9, "go_to": 0}, "model": "app.videodata", "pk": 755}, {"fields": {"appear_time": "2015-04-10T01:00:49.583Z", "speed": 12.420204078835827, "data_relation": 9, "go_to": 0}, "model": "app.videodata", "pk": 756}, {"fields": {"appear_time": "2015-04-10T01:00:53.541Z", "speed": 19.934212843442527, "data_relation": 9, "go_to": 0}, "model": "app.videodata", "pk": 757}, {"fields": {"appear_time": "2015-04-10T01:00:54.791Z", "speed": 19.18344730183189, "data_relation": 9, "go_to": 0}, "model": "app.videodata", "pk": 758}, {"fields": {"appear_time": "2015-04-10T01:01:01.666Z", "speed": 8.821880336689663, "data_relation": 9, "go_to": 0}, "model": "app.videodata", "pk": 759}, {"fields": {"appear_time": "2015-04-10T01:01:05Z", "speed": 11.426171174518956, "data_relation": 9, "go_to": 0}, "model": "app.videodata", "pk": 760}, {"fields": {"appear_time": "2015-04-10T01:01:06.666Z", "speed": 10.452991854586088, "data_relation": 9, "go_to": 1}, "model": "app.videodata", "pk": 761}, {"fields": {"appear_time": "2015-04-10T01:01:12.083Z", "speed": 19.740502991064613, "data_relation": 9, "go_to": 0}, "model": "app.videodata", "pk": 762}, {"fields": {"appear_time": "2015-04-10T01:01:13.750Z", "speed": 5.96424536097669, "data_relation": 9, "go_to": 1}, "model": "app.videodata", "pk": 763}, {"fields": {"appear_time": "2015-04-10T01:01:30.416Z", "speed": 18.888314597426955, "data_relation": 9, "go_to": 1}, "model": "app.videodata", "pk": 764}, {"fields": {"appear_time": "2015-04-10T01:01:33.541Z", "speed": 16.757957401725434, "data_relation": 9, "go_to": 0}, "model": "app.videodata", "pk": 765}, {"fields": {"appear_time": "2015-04-10T01:01:39.583Z", "speed": 14.341042717177427, "data_relation": 9, "go_to": 0}, "model": "app.videodata", "pk": 766}, {"fields": {"appear_time": "2015-04-10T01:01:05.065Z", "speed": 51.63303664766668, "data_relation": 10, "go_to": 0}, "model": "app.videodata", "pk": 767}, {"fields": {"appear_time": "2015-04-10T01:01:44.791Z", "speed": 18.492971316758503, "data_relation": 9, "go_to": 0}, "model": "app.videodata", "pk": 768}, {"fields": {"appear_time": "2015-04-10T01:01:50.416Z", "speed": 12.54745235039995, "data_relation": 9, "go_to": 0}, "model": "app.videodata", "pk": 769}, {"fields": {"appear_time": "2015-04-10T01:01:52.500Z", "speed": 15.67819125134187, "data_relation": 9, "go_to": 0}, "model": "app.videodata", "pk": 770}, {"fields": {"appear_time": "2015-04-10T01:02:02.083Z", "speed": 7.126545776974109, "data_relation": 9, "go_to": 0}, "model": "app.videodata", "pk": 771}, {"fields": {"appear_time": "2015-04-10T01:02:05Z", "speed": 4.496819687547521, "data_relation": 9, "go_to": 0}, "model": "app.videodata", "pk": 772}, {"fields": {"appear_time": "2015-04-10T01:02:07.500Z", "speed": 15.99443988525919, "data_relation": 9, "go_to": 0}, "model": "app.videodata", "pk": 773}, {"fields": {"appear_time": "2015-04-10T01:02:14.791Z", "speed": 15.895316625807187, "data_relation": 9, "go_to": 0}, "model": "app.videodata", "pk": 774}, {"fields": {"appear_time": "2015-04-10T01:02:16.458Z", "speed": 1.3137975185433526, "data_relation": 9, "go_to": 1}, "model": "app.videodata", "pk": 775}, {"fields": {"appear_time": "2015-04-10T01:02:25.208Z", "speed": 9.567081162097459, "data_relation": 9, "go_to": 0}, "model": "app.videodata", "pk": 776}, {"fields": {"appear_time": "2015-04-10T01:02:29.375Z", "speed": 11.528894268517021, "data_relation": 9, "go_to": 0}, "model": "app.videodata", "pk": 777}, {"fields": {"appear_time": "2015-04-10T01:02:41.250Z", "speed": 5.709343322110147, "data_relation": 9, "go_to": 0}, "model": "app.videodata", "pk": 778}, {"fields": {"appear_time": "2015-04-10T01:02:41.875Z", "speed": 7.172562293972562, "data_relation": 9, "go_to": 0}, "model": "app.videodata", "pk": 779}, {"fields": {"appear_time": "2015-04-10T01:02:50Z", "speed": 7.831566427012477, "data_relation": 9, "go_to": 0}, "model": "app.videodata", "pk": 780}, {"fields": {"appear_time": "2015-04-10T01:02:56.041Z", "speed": 8.64801592325747, "data_relation": 9, "go_to": 0}, "model": "app.videodata", "pk": 781}, {"fields": {"appear_time": "2015-04-10T01:02:59.375Z", "speed": 6.148142487102418, "data_relation": 9, "go_to": 0}, "model": "app.videodata", "pk": 782}, {"fields": {"appear_time": "2015-04-10T01:02:33.486Z", "speed": 37.7342630304855, "data_relation": 10, "go_to": 0}, "model": "app.videodata", "pk": 783}, {"fields": {"appear_time": "2015-04-10T01:03:05.208Z", "speed": 12.844812491011597, "data_relation": 9, "go_to": 0}, "model": "app.videodata", "pk": 784}, {"fields": {"appear_time": "2015-04-10T01:03:07.916Z", "speed": 15.22136040439123, "data_relation": 9, "go_to": 0}, "model": "app.videodata", "pk": 785}, {"fields": {"appear_time": "2015-04-10T01:03:08.958Z", "speed": 27.65256837700307, "data_relation": 9, "go_to": 1}, "model": "app.videodata", "pk": 786}, {"fields": {"appear_time": "2015-04-10T01:03:11.250Z", "speed": 17.0573409006462, "data_relation": 9, "go_to": 0}, "model": "app.videodata", "pk": 787}, {"fields": {"appear_time": "2015-04-10T01:02:47.458Z", "speed": 63.80763561691778, "data_relation": 10, "go_to": 0}, "model": "app.videodata", "pk": 788}, {"fields": {"appear_time": "2015-04-10T01:03:17.500Z", "speed": 14.04359927955287, "data_relation": 9, "go_to": 0}, "model": "app.videodata", "pk": 789}, {"fields": {"appear_time": "2015-04-10T01:03:06.644Z", "speed": 30.889527539368334, "data_relation": 10, "go_to": 0}, "model": "app.videodata", "pk": 790}, {"fields": {"appear_time": "2015-04-10T01:03:44.375Z", "speed": 7.023923679496124, "data_relation": 9, "go_to": 0}, "model": "app.videodata", "pk": 791}, {"fields": {"appear_time": "2015-04-10T01:03:44.583Z", "speed": 1.6590249551907803, "data_relation": 9, "go_to": 0}, "model": "app.videodata", "pk": 792}, {"fields": {"appear_time": "2015-04-10T01:03:51.875Z", "speed": 14.666617902208447, "data_relation": 9, "go_to": 0}, "model": "app.videodata", "pk": 793}, {"fields": {"appear_time": "2015-04-10T01:03:55.416Z", "speed": 14.760687482524476, "data_relation": 9, "go_to": 0}, "model": "app.videodata", "pk": 794}, {"fields": {"appear_time": "2015-04-10T01:03:28.333Z", "speed": 50.05753682609885, "data_relation": 10, "go_to": 0}, "model": "app.videodata", "pk": 795}, {"fields": {"appear_time": "2015-04-10T01:04:09.791Z", "speed": 6.340176268353885, "data_relation": 9, "go_to": 0}, "model": "app.videodata", "pk": 796}, {"fields": {"appear_time": "2015-04-10T01:03:41.262Z", "speed": 45.802675484934895, "data_relation": 10, "go_to": 0}, "model": "app.videodata", "pk": 797}, {"fields": {"appear_time": "2015-04-10T01:04:17.916Z", "speed": 8.12661838379484, "data_relation": 9, "go_to": 1}, "model": "app.videodata", "pk": 798}, {"fields": {"appear_time": "2015-04-10T01:04:20.833Z", "speed": 5.245712603569135, "data_relation": 9, "go_to": 0}, "model": "app.videodata", "pk": 799}, {"fields": {"appear_time": "2015-04-10T01:04:25Z", "speed": 11.127036756953029, "data_relation": 9, "go_to": 0}, "model": "app.videodata", "pk": 800}, {"fields": {"appear_time": "2015-04-10T01:04:28.333Z", "speed": 12.247252293096674, "data_relation": 9, "go_to": 0}, "model": "app.videodata", "pk": 801}, {"fields": {"appear_time": "2015-04-10T01:04:31.875Z", "speed": 13.962189209836017, "data_relation": 9, "go_to": 0}, "model": "app.videodata", "pk": 802}, {"fields": {"appear_time": "2015-04-10T01:04:33.750Z", "speed": 14.685922909614376, "data_relation": 9, "go_to": 0}, "model": "app.videodata", "pk": 803}, {"fields": {"appear_time": "2015-04-10T01:04:37.291Z", "speed": 7.743953625016206, "data_relation": 9, "go_to": 0}, "model": "app.videodata", "pk": 804}, {"fields": {"appear_time": "2015-04-10T01:04:42.708Z", "speed": 12.491661684302448, "data_relation": 9, "go_to": 0}, "model": "app.videodata", "pk": 805}, {"fields": {"appear_time": "2015-04-10T01:04:47.916Z", "speed": 12.120482784544189, "data_relation": 9, "go_to": 0}, "model": "app.videodata", "pk": 806}, {"fields": {"appear_time": "2015-04-10T01:04:51.666Z", "speed": 15.22136040439123, "data_relation": 9, "go_to": 0}, "model": "app.videodata", "pk": 807}, {"fields": {"appear_time": "2015-04-10T01:04:55Z", "speed": 11.875880391415258, "data_relation": 9, "go_to": 1}, "model": "app.videodata", "pk": 808}, {"fields": {"appear_time": "2015-04-10T01:04:55.208Z", "speed": 5.914225968627817, "data_relation": 9, "go_to": 1}, "model": "app.videodata", "pk": 809}, {"fields": {"appear_time": "2015-04-10T01:04:56.666Z", "speed": 9.595724209966773, "data_relation": 9, "go_to": 0}, "model": "app.videodata", "pk": 810}, {"fields": {"appear_time": "2015-04-10T01:04:59.375Z", "speed": 16.185018747117596, "data_relation": 9, "go_to": 0}, "model": "app.videodata", "pk": 811}, {"fields": {"appear_time": "2015-04-10T01:05:03.958Z", "speed": 11.64402674293414, "data_relation": 9, "go_to": 0}, "model": "app.videodata", "pk": 812}, {"fields": {"appear_time": "2015-04-10T01:05:08.125Z", "speed": 15.402480928811137, "data_relation": 9, "go_to": 0}, "model": "app.videodata", "pk": 813}, {"fields": {"appear_time": "2015-04-10T01:05:10.625Z", "speed": 18.520812408519728, "data_relation": 9, "go_to": 0}, "model": "app.videodata", "pk": 814}, {"fields": {"appear_time": "2015-04-10T01:05:12.916Z", "speed": 20.748039395741962, "data_relation": 9, "go_to": 0}, "model": "app.videodata", "pk": 815}, {"fields": {"appear_time": "2015-04-10T01:05:40.625Z", "speed": 14.21098766472013, "data_relation": 9, "go_to": 0}, "model": "app.videodata", "pk": 816}, {"fields": {"appear_time": "2015-04-10T01:05:41.666Z", "speed": 15.686933967556985, "data_relation": 9, "go_to": 0}, "model": "app.videodata", "pk": 817}, {"fields": {"appear_time": "2015-04-10T01:05:48.125Z", "speed": 14.826112042181785, "data_relation": 9, "go_to": 0}, "model": "app.videodata", "pk": 818}, {"fields": {"appear_time": "2015-04-10T01:05:58.750Z", "speed": 16.649216492628312, "data_relation": 9, "go_to": 0}, "model": "app.videodata", "pk": 819}, {"fields": {"appear_time": "2015-04-10T01:06:11.250Z", "speed": 7.378023904397758, "data_relation": 9, "go_to": 0}, "model": "app.videodata", "pk": 820}, {"fields": {"appear_time": "2015-04-10T01:06:21.666Z", "speed": 22.027370758460176, "data_relation": 9, "go_to": 0}, "model": "app.videodata", "pk": 821}, {"fields": {"appear_time": "2015-04-10T01:05:51.184Z", "speed": 45.88673197799498, "data_relation": 10, "go_to": 0}, "model": "app.videodata", "pk": 822}, {"fields": {"appear_time": "2015-04-10T01:05:51.392Z", "speed": 33.41139596386459, "data_relation": 10, "go_to": 0}, "model": "app.videodata", "pk": 823}, {"fields": {"appear_time": "2015-04-10T01:06:24.791Z", "speed": 20.087621427409807, "data_relation": 9, "go_to": 0}, "model": "app.videodata", "pk": 824}, {"fields": {"appear_time": "2015-04-10T01:06:29.583Z", "speed": 9.000304649272236, "data_relation": 9, "go_to": 0}, "model": "app.videodata", "pk": 825}, {"fields": {"appear_time": "2015-04-10T01:06:35.625Z", "speed": 12.14102426345589, "data_relation": 9, "go_to": 0}, "model": "app.videodata", "pk": 826}, {"fields": {"appear_time": "2015-04-10T01:06:42.500Z", "speed": 15.564763105746712, "data_relation": 9, "go_to": 1}, "model": "app.videodata", "pk": 827}, {"fields": {"appear_time": "2015-04-10T01:06:54.166Z", "speed": 6.773404675288583, "data_relation": 9, "go_to": 1}, "model": "app.videodata", "pk": 828}, {"fields": {"appear_time": "2015-04-10T01:06:24.550Z", "speed": 7.253768031697629, "data_relation": 10, "go_to": 0}, "model": "app.videodata", "pk": 829}, {"fields": {"appear_time": "2015-04-10T01:06:26.427Z", "speed": 21.48394994387658, "data_relation": 10, "go_to": 0}, "model": "app.videodata", "pk": 830}, {"fields": {"appear_time": "2015-04-10T01:06:33.935Z", "speed": 12.511886963441462, "data_relation": 10, "go_to": 0}, "model": "app.videodata", "pk": 831}, {"fields": {"appear_time": "2015-04-10T01:07:21.250Z", "speed": 20.235226705620455, "data_relation": 9, "go_to": 0}, "model": "app.videodata", "pk": 832}, {"fields": {"appear_time": "2015-04-10T01:07:31.458Z", "speed": 0.32774527675277204, "data_relation": 9, "go_to": 1}, "model": "app.videodata", "pk": 833}, {"fields": {"appear_time": "2015-04-10T01:07:35.625Z", "speed": 15.141754824311741, "data_relation": 9, "go_to": 1}, "model": "app.videodata", "pk": 834}, {"fields": {"appear_time": "2015-04-10T01:07:37.916Z", "speed": 13.905029876414282, "data_relation": 9, "go_to": 0}, "model": "app.videodata", "pk": 835}, {"fields": {"appear_time": "2015-04-10T01:07:47.083Z", "speed": 0.31872464816578344, "data_relation": 9, "go_to": 1}, "model": "app.videodata", "pk": 836}, {"fields": {"appear_time": "2015-04-10T01:07:47.291Z", "speed": 2.565584837609233, "data_relation": 9, "go_to": 1}, "model": "app.videodata", "pk": 837}, {"fields": {"appear_time": "2015-04-10T01:07:49.375Z", "speed": 12.96854350969638, "data_relation": 9, "go_to": 1}, "model": "app.videodata", "pk": 838}, {"fields": {"appear_time": "2015-04-10T01:07:58.125Z", "speed": 16.255455872377823, "data_relation": 9, "go_to": 1}, "model": "app.videodata", "pk": 839}, {"fields": {"appear_time": "2015-04-10T01:08:02.291Z", "speed": 18.599696938753233, "data_relation": 9, "go_to": 0}, "model": "app.videodata", "pk": 840}, {"fields": {"appear_time": "2015-04-10T01:08:08.958Z", "speed": 20.669220119086756, "data_relation": 9, "go_to": 0}, "model": "app.videodata", "pk": 841}, {"fields": {"appear_time": "2015-04-10T01:07:41.919Z", "speed": 43.84558286743294, "data_relation": 10, "go_to": 0}, "model": "app.videodata", "pk": 842}, {"fields": {"appear_time": "2015-04-10T01:08:13.541Z", "speed": 9.764418556455334, "data_relation": 9, "go_to": 0}, "model": "app.videodata", "pk": 843}, {"fields": {"appear_time": "2015-04-10T01:07:48.593Z", "speed": 40.80860757116239, "data_relation": 10, "go_to": 0}, "model": "app.videodata", "pk": 844}, {"fields": {"appear_time": "2015-04-10T01:08:26.041Z", "speed": 12.557392052690954, "data_relation": 9, "go_to": 0}, "model": "app.videodata", "pk": 845}, {"fields": {"appear_time": "2015-04-10T01:08:29.791Z", "speed": 13.770348854408835, "data_relation": 9, "go_to": 0}, "model": "app.videodata", "pk": 846}, {"fields": {"appear_time": "2015-04-10T01:07:57.977Z", "speed": 55.43431617675484, "data_relation": 10, "go_to": 0}, "model": "app.videodata", "pk": 847}, {"fields": {"appear_time": "2015-04-10T01:08:32.500Z", "speed": 15.687179020220961, "data_relation": 9, "go_to": 0}, "model": "app.videodata", "pk": 848}, {"fields": {"appear_time": "2015-04-10T01:08:34.375Z", "speed": 18.977793233823586, "data_relation": 9, "go_to": 0}, "model": "app.videodata", "pk": 849}, {"fields": {"appear_time": "2015-04-10T01:08:07.361Z", "speed": 39.82782108399455, "data_relation": 10, "go_to": 0}, "model": "app.videodata", "pk": 850}, {"fields": {"appear_time": "2015-04-10T01:08:42.083Z", "speed": 10.160440829317537, "data_relation": 9, "go_to": 1}, "model": "app.videodata", "pk": 851}, {"fields": {"appear_time": "2015-04-10T01:08:20.082Z", "speed": 40.83605531729317, "data_relation": 10, "go_to": 0}, "model": "app.videodata", "pk": 852}, {"fields": {"appear_time": "2015-04-10T01:08:58.958Z", "speed": 14.055280888123352, "data_relation": 9, "go_to": 0}, "model": "app.videodata", "pk": 853}, {"fields": {"appear_time": "2015-04-10T01:08:29.258Z", "speed": 43.03881318052478, "data_relation": 10, "go_to": 0}, "model": "app.videodata", "pk": 854}, {"fields": {"appear_time": "2015-04-10T01:09:10.625Z", "speed": 4.5314190354683985, "data_relation": 9, "go_to": 0}, "model": "app.videodata", "pk": 855}, {"fields": {"appear_time": "2015-04-10T01:08:38.226Z", "speed": 47.63920460857319, "data_relation": 10, "go_to": 0}, "model": "app.videodata", "pk": 856}, {"fields": {"appear_time": "2015-04-10T01:09:20.208Z", "speed": 10.468767707225211, "data_relation": 9, "go_to": 0}, "model": "app.videodata", "pk": 857}, {"fields": {"appear_time": "2015-04-10T01:09:21.666Z", "speed": 8.916321158233512, "data_relation": 9, "go_to": 1}, "model": "app.videodata", "pk": 858}, {"fields": {"appear_time": "2015-04-10T01:09:22.916Z", "speed": 8.645381780348862, "data_relation": 9, "go_to": 1}, "model": "app.videodata", "pk": 859}, {"fields": {"appear_time": "2015-04-10T01:08:42.813Z", "speed": 35.801537006506614, "data_relation": 10, "go_to": 0}, "model": "app.videodata", "pk": 860}, {"fields": {"appear_time": "2015-04-10T01:09:23.750Z", "speed": 15.230322342093336, "data_relation": 9, "go_to": 0}, "model": "app.videodata", "pk": 861}, {"fields": {"appear_time": "2015-04-10T01:09:31.041Z", "speed": 14.061727643299124, "data_relation": 9, "go_to": 0}, "model": "app.videodata", "pk": 862}, {"fields": {"appear_time": "2015-04-10T01:08:54.075Z", "speed": 37.43346993737575, "data_relation": 10, "go_to": 0}, "model": "app.videodata", "pk": 863}, {"fields": {"appear_time": "2015-04-10T01:09:33.750Z", "speed": 8.726206040854485, "data_relation": 9, "go_to": 0}, "model": "app.videodata", "pk": 864}, {"fields": {"appear_time": "2015-04-10T01:09:35Z", "speed": 17.839690238756337, "data_relation": 9, "go_to": 0}, "model": "app.videodata", "pk": 865}, {"fields": {"appear_time": "2015-04-10T01:08:58.663Z", "speed": 50.09504229870109, "data_relation": 10, "go_to": 0}, "model": "app.videodata", "pk": 866}, {"fields": {"appear_time": "2015-04-09T01:00:04.166Z", "speed": 16.720004394498293, "data_relation": 9, "go_to": 0}, "model": "app.videodata", "pk": 867}, {"fields": {"appear_time": "2015-04-09T01:00:12.083Z", "speed": 8.282823456192824, "data_relation": 9, "go_to": 0}, "model": "app.videodata", "pk": 868}, {"fields": {"appear_time": "2015-04-09T01:00:17.500Z", "speed": 12.217828159959769, "data_relation": 9, "go_to": 0}, "model": "app.videodata", "pk": 869}, {"fields": {"appear_time": "2015-04-09T01:00:24.166Z", "speed": 13.419067402476575, "data_relation": 9, "go_to": 0}, "model": "app.videodata", "pk": 870}, {"fields": {"appear_time": "2015-04-09T01:00:29.375Z", "speed": 8.334868877965553, "data_relation": 9, "go_to": 0}, "model": "app.videodata", "pk": 871}, {"fields": {"appear_time": "2015-04-09T01:00:35Z", "speed": 7.622650655257444, "data_relation": 9, "go_to": 0}, "model": "app.videodata", "pk": 872}, {"fields": {"appear_time": "2015-04-09T01:00:41.041Z", "speed": 5.443752254209593, "data_relation": 9, "go_to": 0}, "model": "app.videodata", "pk": 873}, {"fields": {"appear_time": "2015-04-09T01:00:45.416Z", "speed": 5.51023879372719, "data_relation": 9, "go_to": 0}, "model": "app.videodata", "pk": 874}, {"fields": {"appear_time": "2015-04-09T01:00:49.583Z", "speed": 12.420204078835827, "data_relation": 9, "go_to": 0}, "model": "app.videodata", "pk": 875}, {"fields": {"appear_time": "2015-04-09T01:00:53.541Z", "speed": 19.934212843442527, "data_relation": 9, "go_to": 0}, "model": "app.videodata", "pk": 876}, {"fields": {"appear_time": "2015-04-09T01:00:54.791Z", "speed": 19.18344730183189, "data_relation": 9, "go_to": 0}, "model": "app.videodata", "pk": 877}, {"fields": {"appear_time": "2015-04-09T01:01:01.666Z", "speed": 8.821880336689663, "data_relation": 9, "go_to": 0}, "model": "app.videodata", "pk": 878}, {"fields": {"appear_time": "2015-04-09T01:01:05Z", "speed": 11.426171174518956, "data_relation": 9, "go_to": 0}, "model": "app.videodata", "pk": 879}, {"fields": {"appear_time": "2015-04-09T01:01:06.666Z", "speed": 10.452991854586088, "data_relation": 9, "go_to": 1}, "model": "app.videodata", "pk": 880}, {"fields": {"appear_time": "2015-04-09T01:01:12.083Z", "speed": 19.740502991064613, "data_relation": 9, "go_to": 0}, "model": "app.videodata", "pk": 881}, {"fields": {"appear_time": "2015-04-09T01:01:13.750Z", "speed": 5.96424536097669, "data_relation": 9, "go_to": 1}, "model": "app.videodata", "pk": 882}, {"fields": {"appear_time": "2015-04-09T01:01:30.416Z", "speed": 18.888314597426955, "data_relation": 9, "go_to": 1}, "model": "app.videodata", "pk": 883}, {"fields": {"appear_time": "2015-04-09T01:01:33.541Z", "speed": 16.757957401725434, "data_relation": 9, "go_to": 0}, "model": "app.videodata", "pk": 884}, {"fields": {"appear_time": "2015-04-09T01:01:39.583Z", "speed": 14.341042717177427, "data_relation": 9, "go_to": 0}, "model": "app.videodata", "pk": 885}, {"fields": {"appear_time": "2015-04-09T01:01:44.791Z", "speed": 18.492971316758503, "data_relation": 9, "go_to": 0}, "model": "app.videodata", "pk": 886}, {"fields": {"appear_time": "2015-04-09T01:01:05.065Z", "speed": 51.63303664766668, "data_relation": 10, "go_to": 0}, "model": "app.videodata", "pk": 887}, {"fields": {"appear_time": "2015-04-09T01:01:50.416Z", "speed": 12.54745235039995, "data_relation": 9, "go_to": 0}, "model": "app.videodata", "pk": 888}, {"fields": {"appear_time": "2015-04-09T01:01:52.500Z", "speed": 15.67819125134187, "data_relation": 9, "go_to": 0}, "model": "app.videodata", "pk": 889}, {"fields": {"appear_time": "2015-04-09T01:02:02.083Z", "speed": 7.126545776974109, "data_relation": 9, "go_to": 0}, "model": "app.videodata", "pk": 890}, {"fields": {"appear_time": "2015-04-09T01:02:05Z", "speed": 4.496819687547521, "data_relation": 9, "go_to": 0}, "model": "app.videodata", "pk": 891}, {"fields": {"appear_time": "2015-04-09T01:02:07.500Z", "speed": 15.99443988525919, "data_relation": 9, "go_to": 0}, "model": "app.videodata", "pk": 892}, {"fields": {"appear_time": "2015-04-09T01:02:14.791Z", "speed": 15.895316625807187, "data_relation": 9, "go_to": 0}, "model": "app.videodata", "pk": 893}, {"fields": {"appear_time": "2015-04-09T01:02:16.458Z", "speed": 1.3137975185433526, "data_relation": 9, "go_to": 1}, "model": "app.videodata", "pk": 894}, {"fields": {"appear_time": "2015-04-09T01:02:25.208Z", "speed": 9.567081162097459, "data_relation": 9, "go_to": 0}, "model": "app.videodata", "pk": 895}, {"fields": {"appear_time": "2015-04-09T01:02:29.375Z", "speed": 11.528894268517021, "data_relation": 9, "go_to": 0}, "model": "app.videodata", "pk": 896}, {"fields": {"appear_time": "2015-04-09T01:02:41.250Z", "speed": 5.709343322110147, "data_relation": 9, "go_to": 0}, "model": "app.videodata", "pk": 897}, {"fields": {"appear_time": "2015-04-09T01:02:41.875Z", "speed": 7.172562293972562, "data_relation": 9, "go_to": 0}, "model": "app.videodata", "pk": 898}, {"fields": {"appear_time": "2015-04-09T01:02:50Z", "speed": 7.831566427012477, "data_relation": 9, "go_to": 0}, "model": "app.videodata", "pk": 899}, {"fields": {"appear_time": "2015-04-09T01:02:56.041Z", "speed": 8.64801592325747, "data_relation": 9, "go_to": 0}, "model": "app.videodata", "pk": 900}, {"fields": {"appear_time": "2015-04-09T01:02:59.375Z", "speed": 6.148142487102418, "data_relation": 9, "go_to": 0}, "model": "app.videodata", "pk": 901}, {"fields": {"appear_time": "2015-04-09T01:02:33.486Z", "speed": 37.7342630304855, "data_relation": 10, "go_to": 0}, "model": "app.videodata", "pk": 902}, {"fields": {"appear_time": "2015-04-09T01:03:05.208Z", "speed": 12.844812491011597, "data_relation": 9, "go_to": 0}, "model": "app.videodata", "pk": 903}, {"fields": {"appear_time": "2015-04-09T01:03:07.916Z", "speed": 15.22136040439123, "data_relation": 9, "go_to": 0}, "model": "app.videodata", "pk": 904}, {"fields": {"appear_time": "2015-04-09T01:03:08.958Z", "speed": 27.65256837700307, "data_relation": 9, "go_to": 1}, "model": "app.videodata", "pk": 905}, {"fields": {"appear_time": "2015-04-09T01:03:11.250Z", "speed": 17.0573409006462, "data_relation": 9, "go_to": 0}, "model": "app.videodata", "pk": 906}, {"fields": {"appear_time": "2015-04-09T01:02:47.458Z", "speed": 63.80763561691778, "data_relation": 10, "go_to": 0}, "model": "app.videodata", "pk": 907}, {"fields": {"appear_time": "2015-04-09T01:03:17.500Z", "speed": 14.04359927955287, "data_relation": 9, "go_to": 0}, "model": "app.videodata", "pk": 908}, {"fields": {"appear_time": "2015-04-09T01:03:06.644Z", "speed": 30.889527539368334, "data_relation": 10, "go_to": 0}, "model": "app.videodata", "pk": 909}, {"fields": {"appear_time": "2015-04-09T01:03:44.375Z", "speed": 7.023923679496124, "data_relation": 9, "go_to": 0}, "model": "app.videodata", "pk": 910}, {"fields": {"appear_time": "2015-04-09T01:03:44.583Z", "speed": 1.6590249551907803, "data_relation": 9, "go_to": 0}, "model": "app.videodata", "pk": 911}, {"fields": {"appear_time": "2015-04-09T01:03:51.875Z", "speed": 14.666617902208447, "data_relation": 9, "go_to": 0}, "model": "app.videodata", "pk": 912}, {"fields": {"appear_time": "2015-04-09T01:03:55.416Z", "speed": 14.760687482524476, "data_relation": 9, "go_to": 0}, "model": "app.videodata", "pk": 913}, {"fields": {"appear_time": "2015-04-09T01:03:28.333Z", "speed": 50.05753682609885, "data_relation": 10, "go_to": 0}, "model": "app.videodata", "pk": 914}, {"fields": {"appear_time": "2015-04-09T01:04:09.791Z", "speed": 6.340176268353885, "data_relation": 9, "go_to": 0}, "model": "app.videodata", "pk": 915}, {"fields": {"appear_time": "2015-04-09T01:03:41.262Z", "speed": 45.802675484934895, "data_relation": 10, "go_to": 0}, "model": "app.videodata", "pk": 916}, {"fields": {"appear_time": "2015-04-09T01:04:17.916Z", "speed": 8.12661838379484, "data_relation": 9, "go_to": 1}, "model": "app.videodata", "pk": 917}, {"fields": {"appear_time": "2015-04-09T01:04:20.833Z", "speed": 5.245712603569135, "data_relation": 9, "go_to": 0}, "model": "app.videodata", "pk": 918}, {"fields": {"appear_time": "2015-04-09T01:04:25Z", "speed": 11.127036756953029, "data_relation": 9, "go_to": 0}, "model": "app.videodata", "pk": 919}, {"fields": {"appear_time": "2015-04-09T01:04:28.333Z", "speed": 12.247252293096674, "data_relation": 9, "go_to": 0}, "model": "app.videodata", "pk": 920}, {"fields": {"appear_time": "2015-04-09T01:04:31.875Z", "speed": 13.962189209836017, "data_relation": 9, "go_to": 0}, "model": "app.videodata", "pk": 921}, {"fields": {"appear_time": "2015-04-09T01:04:33.750Z", "speed": 14.685922909614376, "data_relation": 9, "go_to": 0}, "model": "app.videodata", "pk": 922}, {"fields": {"appear_time": "2015-04-09T01:04:37.291Z", "speed": 7.743953625016206, "data_relation": 9, "go_to": 0}, "model": "app.videodata", "pk": 923}, {"fields": {"appear_time": "2015-04-09T01:04:42.708Z", "speed": 12.491661684302448, "data_relation": 9, "go_to": 0}, "model": "app.videodata", "pk": 924}, {"fields": {"appear_time": "2015-04-09T01:04:47.916Z", "speed": 12.120482784544189, "data_relation": 9, "go_to": 0}, "model": "app.videodata", "pk": 925}, {"fields": {"appear_time": "2015-04-09T01:04:51.666Z", "speed": 15.22136040439123, "data_relation": 9, "go_to": 0}, "model": "app.videodata", "pk": 926}, {"fields": {"appear_time": "2015-04-09T01:04:55Z", "speed": 11.875880391415258, "data_relation": 9, "go_to": 1}, "model": "app.videodata", "pk": 927}, {"fields": {"appear_time": "2015-04-09T01:04:55.208Z", "speed": 5.914225968627817, "data_relation": 9, "go_to": 1}, "model": "app.videodata", "pk": 928}, {"fields": {"appear_time": "2015-04-09T01:04:56.666Z", "speed": 9.595724209966773, "data_relation": 9, "go_to": 0}, "model": "app.videodata", "pk": 929}, {"fields": {"appear_time": "2015-04-09T01:04:59.375Z", "speed": 16.185018747117596, "data_relation": 9, "go_to": 0}, "model": "app.videodata", "pk": 930}, {"fields": {"appear_time": "2015-04-09T01:05:03.958Z", "speed": 11.64402674293414, "data_relation": 9, "go_to": 0}, "model": "app.videodata", "pk": 931}, {"fields": {"appear_time": "2015-04-09T01:05:08.125Z", "speed": 15.402480928811137, "data_relation": 9, "go_to": 0}, "model": "app.videodata", "pk": 932}, {"fields": {"appear_time": "2015-04-09T01:05:10.625Z", "speed": 18.520812408519728, "data_relation": 9, "go_to": 0}, "model": "app.videodata", "pk": 933}, {"fields": {"appear_time": "2015-04-09T01:05:12.916Z", "speed": 20.748039395741962, "data_relation": 9, "go_to": 0}, "model": "app.videodata", "pk": 934}, {"fields": {"appear_time": "2015-04-09T01:05:40.625Z", "speed": 14.21098766472013, "data_relation": 9, "go_to": 0}, "model": "app.videodata", "pk": 935}, {"fields": {"appear_time": "2015-04-09T01:05:41.666Z", "speed": 15.686933967556985, "data_relation": 9, "go_to": 0}, "model": "app.videodata", "pk": 936}, {"fields": {"appear_time": "2015-04-09T01:05:48.125Z", "speed": 14.826112042181785, "data_relation": 9, "go_to": 0}, "model": "app.videodata", "pk": 937}, {"fields": {"appear_time": "2015-04-09T01:05:58.750Z", "speed": 16.649216492628312, "data_relation": 9, "go_to": 0}, "model": "app.videodata", "pk": 938}, {"fields": {"appear_time": "2015-04-09T01:06:11.250Z", "speed": 7.378023904397758, "data_relation": 9, "go_to": 0}, "model": "app.videodata", "pk": 939}, {"fields": {"appear_time": "2015-04-09T01:06:21.666Z", "speed": 22.027370758460176, "data_relation": 9, "go_to": 0}, "model": "app.videodata", "pk": 940}, {"fields": {"appear_time": "2015-04-09T01:05:51.184Z", "speed": 45.88673197799498, "data_relation": 10, "go_to": 0}, "model": "app.videodata", "pk": 941}, {"fields": {"appear_time": "2015-04-09T01:05:51.392Z", "speed": 33.41139596386459, "data_relation": 10, "go_to": 0}, "model": "app.videodata", "pk": 942}, {"fields": {"appear_time": "2015-04-09T01:06:24.791Z", "speed": 20.087621427409807, "data_relation": 9, "go_to": 0}, "model": "app.videodata", "pk": 943}, {"fields": {"appear_time": "2015-04-09T01:06:29.583Z", "speed": 9.000304649272236, "data_relation": 9, "go_to": 0}, "model": "app.videodata", "pk": 944}, {"fields": {"appear_time": "2015-04-09T01:06:35.625Z", "speed": 12.14102426345589, "data_relation": 9, "go_to": 0}, "model": "app.videodata", "pk": 945}, {"fields": {"appear_time": "2015-04-09T01:06:42.500Z", "speed": 15.564763105746712, "data_relation": 9, "go_to": 1}, "model": "app.videodata", "pk": 946}, {"fields": {"appear_time": "2015-04-09T01:06:54.166Z", "speed": 6.773404675288583, "data_relation": 9, "go_to": 1}, "model": "app.videodata", "pk": 947}, {"fields": {"appear_time": "2015-04-09T01:06:24.550Z", "speed": 7.253768031697629, "data_relation": 10, "go_to": 0}, "model": "app.videodata", "pk": 948}, {"fields": {"appear_time": "2015-04-09T01:06:26.427Z", "speed": 21.48394994387658, "data_relation": 10, "go_to": 0}, "model": "app.videodata", "pk": 949}, {"fields": {"appear_time": "2015-04-09T01:06:33.935Z", "speed": 12.511886963441462, "data_relation": 10, "go_to": 0}, "model": "app.videodata", "pk": 950}, {"fields": {"appear_time": "2015-04-09T01:07:21.250Z", "speed": 20.235226705620455, "data_relation": 9, "go_to": 0}, "model": "app.videodata", "pk": 951}, {"fields": {"appear_time": "2015-04-09T01:07:31.458Z", "speed": 0.32774527675277204, "data_relation": 9, "go_to": 1}, "model": "app.videodata", "pk": 952}, {"fields": {"appear_time": "2015-04-09T01:07:35.625Z", "speed": 15.141754824311741, "data_relation": 9, "go_to": 1}, "model": "app.videodata", "pk": 953}, {"fields": {"appear_time": "2015-04-09T01:07:37.916Z", "speed": 13.905029876414282, "data_relation": 9, "go_to": 0}, "model": "app.videodata", "pk": 954}, {"fields": {"appear_time": "2015-04-09T01:07:47.083Z", "speed": 0.31872464816578344, "data_relation": 9, "go_to": 1}, "model": "app.videodata", "pk": 955}, {"fields": {"appear_time": "2015-04-09T01:07:47.291Z", "speed": 2.565584837609233, "data_relation": 9, "go_to": 1}, "model": "app.videodata", "pk": 956}, {"fields": {"appear_time": "2015-04-09T01:07:49.375Z", "speed": 12.96854350969638, "data_relation": 9, "go_to": 1}, "model": "app.videodata", "pk": 957}, {"fields": {"appear_time": "2015-04-09T01:07:58.125Z", "speed": 16.255455872377823, "data_relation": 9, "go_to": 1}, "model": "app.videodata", "pk": 958}, {"fields": {"appear_time": "2015-04-09T01:08:02.291Z", "speed": 18.599696938753233, "data_relation": 9, "go_to": 0}, "model": "app.videodata", "pk": 959}, {"fields": {"appear_time": "2015-04-09T01:08:08.958Z", "speed": 20.669220119086756, "data_relation": 9, "go_to": 0}, "model": "app.videodata", "pk": 960}, {"fields": {"appear_time": "2015-04-09T01:07:41.919Z", "speed": 43.84558286743294, "data_relation": 10, "go_to": 0}, "model": "app.videodata", "pk": 961}, {"fields": {"appear_time": "2015-04-09T01:08:13.541Z", "speed": 9.764418556455334, "data_relation": 9, "go_to": 0}, "model": "app.videodata", "pk": 962}, {"fields": {"appear_time": "2015-04-09T01:07:48.593Z", "speed": 40.80860757116239, "data_relation": 10, "go_to": 0}, "model": "app.videodata", "pk": 963}, {"fields": {"appear_time": "2015-04-09T01:08:26.041Z", "speed": 12.557392052690954, "data_relation": 9, "go_to": 0}, "model": "app.videodata", "pk": 964}, {"fields": {"appear_time": "2015-04-09T01:08:29.791Z", "speed": 13.770348854408835, "data_relation": 9, "go_to": 0}, "model": "app.videodata", "pk": 965}, {"fields": {"appear_time": "2015-04-09T01:07:57.977Z", "speed": 55.43431617675484, "data_relation": 10, "go_to": 0}, "model": "app.videodata", "pk": 966}, {"fields": {"appear_time": "2015-04-09T01:08:32.500Z", "speed": 15.687179020220961, "data_relation": 9, "go_to": 0}, "model": "app.videodata", "pk": 967}, {"fields": {"appear_time": "2015-04-09T01:08:34.375Z", "speed": 18.977793233823586, "data_relation": 9, "go_to": 0}, "model": "app.videodata", "pk": 968}, {"fields": {"appear_time": "2015-04-09T01:08:07.361Z", "speed": 39.82782108399455, "data_relation": 10, "go_to": 0}, "model": "app.videodata", "pk": 969}, {"fields": {"appear_time": "2015-04-09T01:08:42.083Z", "speed": 10.160440829317537, "data_relation": 9, "go_to": 1}, "model": "app.videodata", "pk": 970}, {"fields": {"appear_time": "2015-04-09T01:08:20.082Z", "speed": 40.83605531729317, "data_relation": 10, "go_to": 0}, "model": "app.videodata", "pk": 971}, {"fields": {"appear_time": "2015-04-09T01:08:58.958Z", "speed": 14.055280888123352, "data_relation": 9, "go_to": 0}, "model": "app.videodata", "pk": 972}, {"fields": {"appear_time": "2015-04-09T01:08:29.258Z", "speed": 43.03881318052478, "data_relation": 10, "go_to": 0}, "model": "app.videodata", "pk": 973}, {"fields": {"appear_time": "2015-04-09T01:09:10.625Z", "speed": 4.5314190354683985, "data_relation": 9, "go_to": 0}, "model": "app.videodata", "pk": 974}, {"fields": {"appear_time": "2015-04-09T01:08:38.226Z", "speed": 47.63920460857319, "data_relation": 10, "go_to": 0}, "model": "app.videodata", "pk": 975}, {"fields": {"appear_time": "2015-04-09T01:09:20.208Z", "speed": 10.468767707225211, "data_relation": 9, "go_to": 0}, "model": "app.videodata", "pk": 976}, {"fields": {"appear_time": "2015-04-09T01:09:21.666Z", "speed": 8.916321158233512, "data_relation": 9, "go_to": 1}, "model": "app.videodata", "pk": 977}, {"fields": {"appear_time": "2015-04-09T01:08:42.813Z", "speed": 35.801537006506614, "data_relation": 10, "go_to": 0}, "model": "app.videodata", "pk": 978}, {"fields": {"appear_time": "2015-04-09T01:09:22.916Z", "speed": 8.645381780348862, "data_relation": 9, "go_to": 1}, "model": "app.videodata", "pk": 979}, {"fields": {"appear_time": "2015-04-09T01:09:23.750Z", "speed": 15.230322342093336, "data_relation": 9, "go_to": 0}, "model": "app.videodata", "pk": 980}, {"fields": {"appear_time": "2015-04-09T01:09:31.041Z", "speed": 14.061727643299124, "data_relation": 9, "go_to": 0}, "model": "app.videodata", "pk": 981}, {"fields": {"appear_time": "2015-04-09T01:08:54.075Z", "speed": 37.43346993737575, "data_relation": 10, "go_to": 0}, "model": "app.videodata", "pk": 982}, {"fields": {"appear_time": "2015-04-09T01:09:33.750Z", "speed": 8.726206040854485, "data_relation": 9, "go_to": 0}, "model": "app.videodata", "pk": 983}, {"fields": {"appear_time": "2015-04-09T01:09:35Z", "speed": 17.839690238756337, "data_relation": 9, "go_to": 0}, "model": "app.videodata", "pk": 984}, {"fields": {"appear_time": "2015-04-09T01:08:58.663Z", "speed": 50.09504229870109, "data_relation": 10, "go_to": 0}, "model": "app.videodata", "pk": 985}, {"fields": {"status": "SUCCESS", "task_id": "dc0c51c5-6021-4745-8d67-3e94a198a039", "date_done": "2015-03-30T14:59:51.113Z", "traceback": null, "meta": "eJxrYKotZIzgYGBgSM7IzEkpSs2LLdYDADylBhk=", "result": null, "hidden": false}, "model": "djcelery.taskmeta", "pk": 1}, {"fields": {"status": "SUCCESS", "task_id": "97e25120-9a08-439e-b66c-e7209be1cb6d", "date_done": "2015-03-30T14:59:58.546Z", "traceback": null, "meta": "eJxrYKotZIzgYGBgSM7IzEkpSs2LLdYDADylBhk=", "result": null, "hidden": false}, "model": "djcelery.taskmeta", "pk": 2}, {"fields": {"status": "SUCCESS", "task_id": "cd333e9a-c7a9-4993-96c3-b147cd18d7b5", "date_done": "2015-03-30T15:03:55.000Z", "traceback": null, "meta": "eJxrYKotZIzgYGBgSM7IzEkpSs2LLdYDADylBhk=", "result": null, "hidden": false}, "model": "djcelery.taskmeta", "pk": 3}, {"fields": {"status": "SUCCESS", "task_id": "bb57bb48-fda3-4c8f-a55f-9540a87ed202", "date_done": "2015-03-30T15:04:18.827Z", "traceback": null, "meta": "eJxrYKotZIzgYGBgSM7IzEkpSs2LLdYDADylBhk=", "result": null, "hidden": false}, "model": "djcelery.taskmeta", "pk": 4}, {"fields": {"status": "SUCCESS", "task_id": "0c77efcc-d9da-4ebb-972c-c6a0130fcd34", "date_done": "2015-03-30T15:43:08.933Z", "traceback": null, "meta": "eJxrYKotZIzgYGBgSM7IzEkpSs2LLdYDADylBhk=", "result": null, "hidden": false}, "model": "djcelery.taskmeta", "pk": 5}, {"fields": {"status": "SUCCESS", "task_id": "0c9753ad-91ab-4f19-994f-70e603872e8b", "date_done": "2015-03-30T15:43:25.400Z", "traceback": null, "meta": "eJxrYKotZIzgYGBgSM7IzEkpSs2LLdYDADylBhk=", "result": null, "hidden": false}, "model": "djcelery.taskmeta", "pk": 6}, {"fields": {"status": "SUCCESS", "task_id": "63d1111a-59d8-4464-8487-e163209b3596", "date_done": "2015-04-09T16:50:20.765Z", "traceback": null, "meta": "eJxrYKotZIzgYGBgSM7IzEkpSs2LLdYDADylBhk=", "result": null, "hidden": false}, "model": "djcelery.taskmeta", "pk": 7}, {"fields": {"status": "SUCCESS", "task_id": "68ee68cc-b785-48e9-80ac-3a2306d9f7cc", "date_done": "2015-04-09T16:50:23.843Z", "traceback": null, "meta": "eJxrYKotZIzgYGBgSM7IzEkpSs2LLdYDADylBhk=", "result": null, "hidden": false}, "model": "djcelery.taskmeta", "pk": 8}, {"fields": {"status": "SUCCESS", "task_id": "aa36e42a-1216-4aca-ad4d-c10a81dec07f", "date_done": "2015-04-09T16:49:14.794Z", "traceback": null, "meta": "eJxrYKotZIzgYGBgSM7IzEkpSs2LLdYDADylBhk=", "result": null, "hidden": false}, "model": "djcelery.taskmeta", "pk": 9}, {"fields": {"status": "SUCCESS", "task_id": "d5609cda-d0d5-403f-9def-c05a2ba04370", "date_done": "2015-04-09T16:49:29.821Z", "traceback": null, "meta": "eJxrYKotZIzgYGBgSM7IzEkpSs2LLdYDADylBhk=", "result": null, "hidden": false}, "model": "djcelery.taskmeta", "pk": 10}, {"fields": {"status": "SUCCESS", "task_id": "269cdeb9-c247-4f7f-8f35-49781f244d8d", "date_done": "2015-04-09T16:49:34.828Z", "traceback": null, "meta": "eJxrYKotZIzgYGBgSM7IzEkpSs2LLdYDADylBhk=", "result": null, "hidden": false}, "model": "djcelery.taskmeta", "pk": 11}, {"fields": {"status": "SUCCESS", "task_id": "6adb792a-0273-4924-9216-25a1ca918d08", "date_done": "2015-04-09T16:55:10.183Z", "traceback": null, "meta": "eJxrYKotZIzgYGBgSM7IzEkpSs2LLdYDADylBhk=", "result": null, "hidden": false}, "model": "djcelery.taskmeta", "pk": 12}, {"fields": {"status": "SUCCESS", "task_id": "d0531c4e-fd97-4a4d-8a2e-5e1af2aaadc2", "date_done": "2015-04-09T16:55:15.314Z", "traceback": null, "meta": "eJxrYKotZIzgYGBgSM7IzEkpSs2LLdYDADylBhk=", "result": null, "hidden": false}, "model": "djcelery.taskmeta", "pk": 13}, {"fields": {"status": "SUCCESS", "task_id": "93012664-38ba-45f7-9bd3-7cd0c83ba8a9", "date_done": "2015-04-09T16:55:17.103Z", "traceback": null, "meta": "eJxrYKotZIzgYGBgSM7IzEkpSs2LLdYDADylBhk=", "result": null, "hidden": false}, "model": "djcelery.taskmeta", "pk": 14}, {"fields": {"status": "SUCCESS", "task_id": "3b47b01e-89d0-4a5c-99dd-27d8569c86d3", "date_done": "2015-04-09T16:58:54.876Z", "traceback": null, "meta": "eJxrYKotZIzgYGBgSM7IzEkpSs2LLdYDADylBhk=", "result": null, "hidden": false}, "model": "djcelery.taskmeta", "pk": 15}, {"fields": {"status": "SUCCESS", "task_id": "0698f17b-cea0-4783-8957-cfbded5453b6", "date_done": "2015-04-09T17:04:00.988Z", "traceback": null, "meta": "eJxrYKotZIzgYGBgSM7IzEkpSs2LLdYDADylBhk=", "result": null, "hidden": false}, "model": "djcelery.taskmeta", "pk": 16}, {"fields": {"status": "SUCCESS", "task_id": "aa3f39a6-be08-4a22-b708-0d68c31387b4", "date_done": "2015-04-09T17:04:05.781Z", "traceback": null, "meta": "eJxrYKotZIzgYGBgSM7IzEkpSs2LLdYDADylBhk=", "result": null, "hidden": false}, "model": "djcelery.taskmeta", "pk": 17}, {"fields": {"status": "SUCCESS", "task_id": "0f1bfc55-ddde-4fea-a7fe-e23e599bc253", "date_done": "2015-04-09T17:05:32.797Z", "traceback": null, "meta": "eJxrYKotZIzgYGBgSM7IzEkpSs2LLdYDADylBhk=", "result": null, "hidden": false}, "model": "djcelery.taskmeta", "pk": 18}, {"fields": {"status": "SUCCESS", "task_id": "e312a0dd-3976-4aec-80cc-709c5eaeb00a", "date_done": "2015-04-09T17:05:39.610Z", "traceback": null, "meta": "eJxrYKotZIzgYGBgSM7IzEkpSs2LLdYDADylBhk=", "result": null, "hidden": false}, "model": "djcelery.taskmeta", "pk": 19}, {"fields": {"status": "SUCCESS", "task_id": "7b8f5972-3b88-43ed-9211-7e905cfdc7fc", "date_done": "2015-04-09T17:09:42.504Z", "traceback": null, "meta": "eJxrYKotZIzgYGBgSM7IzEkpSs2LLdYDADylBhk=", "result": null, "hidden": false}, "model": "djcelery.taskmeta", "pk": 20}, {"fields": {"status": "SUCCESS", "task_id": "1492bcd4-002f-451f-8a25-3e56fa3184ad", "date_done": "2015-04-09T17:09:49.518Z", "traceback": null, "meta": "eJxrYKotZIzgYGBgSM7IzEkpSs2LLdYDADylBhk=", "result": null, "hidden": false}, "model": "djcelery.taskmeta", "pk": 21}, {"fields": {"name": "celery"}, "model": "kombu_transport_django.queue", "pk": 1}, {"fields": {"name": "celery@Kunats-MacBook-Pro.local.celery.pidbox"}, "model": "kombu_transport_django.queue", "pk": 2}, {"fields": {"queue": 1, "visible": false, "sent_at": "2015-04-09T17:04:00.791Z", "payload": "{\"body\": \"gAJ9cQEoVQdleHBpcmVzcQJOVQN1dGNxA4hVBGFyZ3NxBF1xBVUFY2hvcmRxBk5VCWNhbGxiYWNrc3EHTlUIZXJyYmFja3NxCE5VB3Rhc2tzZXRxCU5VAmlkcQpVJGFhM2YzOWE2LWJlMDgtNGEyMi1iNzA4LTBkNjhjMzEzODdiNHELVQdyZXRyaWVzcQxLAFUEdGFza3ENVRFhcHAudGFza3MucHJvY2Vzc3EOVQl0aW1lbGltaXRxD05OhlUDZXRhcRBOVQZrd2FyZ3NxEX1xElUFdmlkZW9xE2NkamFuZ28uZGIubW9kZWxzLmJhc2UKbW9kZWxfdW5waWNrbGUKcRRVA2FwcHEVVQVWaWRlb3EWhl1jZGphbmdvLmRiLm1vZGVscy5iYXNlCnNpbXBsZV9jbGFzc19mYWN0b3J5CnEXh1JxGH1xGShVBG5hbWVxGlUAVQN1cmxxG1g2AAAAL1VzZXJzL2t1bmF0by9maW5hbF9wcm9qZWN0L3NlcnZlci9zdGF0aWMvdmlkZW8vMTcubXA0cRxVCnN0YXJ0X3RpbWVxHVgYAAAAMjAxNS0wNC0xMFQwMTowMDowMC4wMDBacR5VBl9zdGF0ZXEfY2RqYW5nby5kYi5tb2RlbHMuYmFzZQpNb2RlbFN0YXRlCnEgKYFxIX1xIihVBmFkZGluZ3EjiVUCZGJxJFUHZGVmYXVsdHEldWJVCWNhbWVyYV9pZEsHVQ1fY2FtZXJhX2NhY2hlaBRoFVUGQ2FtZXJhcSaGXWgXh1JxJ31xKChoGlgAAAAAaBtYAAAAAGgfaCApgXEpfXEqKGgjiWgkaCV1YlUGaGVpZ2h0cStN4AFVBXdpZHRocSxNVgNoCksHdWJVBHR5cGVxLUsBaApLEXVic3Uu\", \"headers\": {}, \"content-type\": \"application/x-python-serialize\", \"properties\": {\"body_encoding\": \"base64\", \"correlation_id\": \"aa3f39a6-be08-4a22-b708-0d68c31387b4\", \"reply_to\": \"0ca84d22-6af0-3b21-84c4-62b2de70ec2e\", \"delivery_info\": {\"priority\": 0, \"routing_key\": \"celery\", \"exchange\": \"celery\"}, \"delivery_mode\": 2, \"delivery_tag\": \"1953f7ed-984b-4ed7-9b10-68762b7a3c94\"}, \"content-encoding\": \"binary\"}"}, "model": "kombu_transport_django.message", "pk": 17}, {"fields": {"queue": 1, "visible": false, "sent_at": "2015-04-09T17:04:19.717Z", "payload": "{\"body\": \"gAJ9cQEoVQdleHBpcmVzcQJOVQN1dGNxA4hVBGFyZ3NxBF1xBVUFY2hvcmRxBk5VCWNhbGxiYWNrc3EHTlUIZXJyYmFja3NxCE5VB3Rhc2tzZXRxCU5VAmlkcQpVJDBmMWJmYzU1LWRkZGUtNGZlYS1hN2ZlLWUyM2U1OTliYzI1M3ELVQdyZXRyaWVzcQxLAFUEdGFza3ENVRFhcHAudGFza3MucHJvY2Vzc3EOVQl0aW1lbGltaXRxD05OhlUDZXRhcRBOVQZrd2FyZ3NxEX1xElUFdmlkZW9xE2NkamFuZ28uZGIubW9kZWxzLmJhc2UKbW9kZWxfdW5waWNrbGUKcRRVA2FwcHEVVQVWaWRlb3EWhl1jZGphbmdvLmRiLm1vZGVscy5iYXNlCnNpbXBsZV9jbGFzc19mYWN0b3J5CnEXh1JxGH1xGShVBG5hbWVxGlUAVQN1cmxxG1g2AAAAL1VzZXJzL2t1bmF0by9maW5hbF9wcm9qZWN0L3NlcnZlci9zdGF0aWMvdmlkZW8vMTgubXA0cRxVCnN0YXJ0X3RpbWVxHVgYAAAAMjAxNS0wNC0xMFQwMTowMDowMC4wMDBacR5VBl9zdGF0ZXEfY2RqYW5nby5kYi5tb2RlbHMuYmFzZQpNb2RlbFN0YXRlCnEgKYFxIX1xIihVBmFkZGluZ3EjiVUCZGJxJFUHZGVmYXVsdHEldWJVCWNhbWVyYV9pZEsGVQ1fY2FtZXJhX2NhY2hlaBRoFVUGQ2FtZXJhcSaGXWgXh1JxJ31xKChoGlgAAAAAaBtYEwAAAC9zdGF0aWMvaW1nLzE2LmpwZWdoH2ggKYFxKX1xKihoI4loJGgldWJVBmhlaWdodHErTeABVQV3aWR0aHEsTVYDaApLBnViVQR0eXBlcS1LAWgKSxJ1YnN1Lg==\", \"headers\": {}, \"content-type\": \"application/x-python-serialize\", \"properties\": {\"body_encoding\": \"base64\", \"correlation_id\": \"0f1bfc55-ddde-4fea-a7fe-e23e599bc253\", \"reply_to\": \"0ca84d22-6af0-3b21-84c4-62b2de70ec2e\", \"delivery_info\": {\"priority\": 0, \"routing_key\": \"celery\", \"exchange\": \"celery\"}, \"delivery_mode\": 2, \"delivery_tag\": \"f28f984b-883b-496f-b4a8-3cfffc81c80c\"}, \"content-encoding\": \"binary\"}"}, "model": "kombu_transport_django.message", "pk": 18}, {"fields": {"queue": 1, "visible": false, "sent_at": "2015-04-09T17:04:23.245Z", "payload": "{\"body\": \"gAJ9cQEoVQdleHBpcmVzcQJOVQN1dGNxA4hVBGFyZ3NxBF1xBVUFY2hvcmRxBk5VCWNhbGxiYWNrc3EHTlUIZXJyYmFja3NxCE5VB3Rhc2tzZXRxCU5VAmlkcQpVJGUzMTJhMGRkLTM5NzYtNGFlYy04MGNjLTcwOWM1ZWFlYjAwYXELVQdyZXRyaWVzcQxLAFUEdGFza3ENVRFhcHAudGFza3MucHJvY2Vzc3EOVQl0aW1lbGltaXRxD05OhlUDZXRhcRBOVQZrd2FyZ3NxEX1xElUFdmlkZW9xE2NkamFuZ28uZGIubW9kZWxzLmJhc2UKbW9kZWxfdW5waWNrbGUKcRRVA2FwcHEVVQVWaWRlb3EWhl1jZGphbmdvLmRiLm1vZGVscy5iYXNlCnNpbXBsZV9jbGFzc19mYWN0b3J5CnEXh1JxGH1xGShVBG5hbWVxGlUAVQN1cmxxG1g2AAAAL1VzZXJzL2t1bmF0by9maW5hbF9wcm9qZWN0L3NlcnZlci9zdGF0aWMvdmlkZW8vMTkubXA0cRxVCnN0YXJ0X3RpbWVxHVgYAAAAMjAxNS0wNC0xMFQwMTowMDowMC4wMDBacR5VBl9zdGF0ZXEfY2RqYW5nby5kYi5tb2RlbHMuYmFzZQpNb2RlbFN0YXRlCnEgKYFxIX1xIihVBmFkZGluZ3EjiVUCZGJxJFUHZGVmYXVsdHEldWJVCWNhbWVyYV9pZEsHVQ1fY2FtZXJhX2NhY2hlaBRoFVUGQ2FtZXJhcSaGXWgXh1JxJ31xKChoGlgAAAAAaBtYEwAAAC9zdGF0aWMvaW1nLzE3LmpwZWdoH2ggKYFxKX1xKihoI4loJGgldWJVBmhlaWdodHErTeABVQV3aWR0aHEsTVYDaApLB3ViVQR0eXBlcS1LAWgKSxN1YnN1Lg==\", \"headers\": {}, \"content-type\": \"application/x-python-serialize\", \"properties\": {\"body_encoding\": \"base64\", \"correlation_id\": \"e312a0dd-3976-4aec-80cc-709c5eaeb00a\", \"reply_to\": \"0ca84d22-6af0-3b21-84c4-62b2de70ec2e\", \"delivery_info\": {\"priority\": 0, \"routing_key\": \"celery\", \"exchange\": \"celery\"}, \"delivery_mode\": 2, \"delivery_tag\": \"fb9ff8bc-24a9-4e78-ad41-e8f366a16eb9\"}, \"content-encoding\": \"binary\"}"}, "model": "kombu_transport_django.message", "pk": 19}, {"fields": {"queue": 1, "visible": false, "sent_at": "2015-04-09T17:08:29.291Z", "payload": "{\"body\": \"gAJ9cQEoVQdleHBpcmVzcQJOVQN1dGNxA4hVBGFyZ3NxBF1xBVUFY2hvcmRxBk5VCWNhbGxiYWNrc3EHTlUIZXJyYmFja3NxCE5VB3Rhc2tzZXRxCU5VAmlkcQpVJDdiOGY1OTcyLTNiODgtNDNlZC05MjExLTdlOTA1Y2ZkYzdmY3ELVQdyZXRyaWVzcQxLAFUEdGFza3ENVRFhcHAudGFza3MucHJvY2Vzc3EOVQl0aW1lbGltaXRxD05OhlUDZXRhcRBOVQZrd2FyZ3NxEX1xElUFdmlkZW9xE2NkamFuZ28uZGIubW9kZWxzLmJhc2UKbW9kZWxfdW5waWNrbGUKcRRVA2FwcHEVVQVWaWRlb3EWhl1jZGphbmdvLmRiLm1vZGVscy5iYXNlCnNpbXBsZV9jbGFzc19mYWN0b3J5CnEXh1JxGH1xGShVBG5hbWVxGlUAVQN1cmxxG1g2AAAAL1VzZXJzL2t1bmF0by9maW5hbF9wcm9qZWN0L3NlcnZlci9zdGF0aWMvdmlkZW8vMjAubXA0cRxVCnN0YXJ0X3RpbWVxHVgYAAAAMjAxNS0wNC0wOVQwMTowMDowMC4wMDBacR5VBl9zdGF0ZXEfY2RqYW5nby5kYi5tb2RlbHMuYmFzZQpNb2RlbFN0YXRlCnEgKYFxIX1xIihVBmFkZGluZ3EjiVUCZGJxJFUHZGVmYXVsdHEldWJVCWNhbWVyYV9pZEsGVQ1fY2FtZXJhX2NhY2hlaBRoFVUGQ2FtZXJhcSaGXWgXh1JxJ31xKChoGlgAAAAAaBtYEwAAAC9zdGF0aWMvaW1nLzE2LmpwZWdoH2ggKYFxKX1xKihoI4loJGgldWJVBmhlaWdodHErTeABVQV3aWR0aHEsTVYDaApLBnViVQR0eXBlcS1LAWgKSxR1YnN1Lg==\", \"headers\": {}, \"content-type\": \"application/x-python-serialize\", \"properties\": {\"body_encoding\": \"base64\", \"correlation_id\": \"7b8f5972-3b88-43ed-9211-7e905cfdc7fc\", \"reply_to\": \"0ca84d22-6af0-3b21-84c4-62b2de70ec2e\", \"delivery_info\": {\"priority\": 0, \"routing_key\": \"celery\", \"exchange\": \"celery\"}, \"delivery_mode\": 2, \"delivery_tag\": \"2e874ccd-8f07-4d51-9d05-e06b564c9f97\"}, \"content-encoding\": \"binary\"}"}, "model": "kombu_transport_django.message", "pk": 20}, {"fields": {"queue": 1, "visible": false, "sent_at": "2015-04-09T17:08:32.875Z", "payload": "{\"body\": \"gAJ9cQEoVQdleHBpcmVzcQJOVQN1dGNxA4hVBGFyZ3NxBF1xBVUFY2hvcmRxBk5VCWNhbGxiYWNrc3EHTlUIZXJyYmFja3NxCE5VB3Rhc2tzZXRxCU5VAmlkcQpVJDE0OTJiY2Q0LTAwMmYtNDUxZi04YTI1LTNlNTZmYTMxODRhZHELVQdyZXRyaWVzcQxLAFUEdGFza3ENVRFhcHAudGFza3MucHJvY2Vzc3EOVQl0aW1lbGltaXRxD05OhlUDZXRhcRBOVQZrd2FyZ3NxEX1xElUFdmlkZW9xE2NkamFuZ28uZGIubW9kZWxzLmJhc2UKbW9kZWxfdW5waWNrbGUKcRRVA2FwcHEVVQVWaWRlb3EWhl1jZGphbmdvLmRiLm1vZGVscy5iYXNlCnNpbXBsZV9jbGFzc19mYWN0b3J5CnEXh1JxGH1xGShVBG5hbWVxGlUAVQN1cmxxG1g2AAAAL1VzZXJzL2t1bmF0by9maW5hbF9wcm9qZWN0L3NlcnZlci9zdGF0aWMvdmlkZW8vMjEubXA0cRxVCnN0YXJ0X3RpbWVxHVgYAAAAMjAxNS0wNC0wOVQwMTowMDowMC4wMDBacR5VBl9zdGF0ZXEfY2RqYW5nby5kYi5tb2RlbHMuYmFzZQpNb2RlbFN0YXRlCnEgKYFxIX1xIihVBmFkZGluZ3EjiVUCZGJxJFUHZGVmYXVsdHEldWJVCWNhbWVyYV9pZEsHVQ1fY2FtZXJhX2NhY2hlaBRoFVUGQ2FtZXJhcSaGXWgXh1JxJ31xKChoGlgAAAAAaBtYEwAAAC9zdGF0aWMvaW1nLzE3LmpwZWdoH2ggKYFxKX1xKihoI4loJGgldWJVBmhlaWdodHErTeABVQV3aWR0aHEsTVYDaApLB3ViVQR0eXBlcS1LAWgKSxV1YnN1Lg==\", \"headers\": {}, \"content-type\": \"application/x-python-serialize\", \"properties\": {\"body_encoding\": \"base64\", \"correlation_id\": \"1492bcd4-002f-451f-8a25-3e56fa3184ad\", \"reply_to\": \"0ca84d22-6af0-3b21-84c4-62b2de70ec2e\", \"delivery_info\": {\"priority\": 0, \"routing_key\": \"celery\", \"exchange\": \"celery\"}, \"delivery_mode\": 2, \"delivery_tag\": \"72c39081-b996-4c9b-b9fe-f2bda9dd1d0b\"}, \"content-encoding\": \"binary\"}"}, "model": "kombu_transport_django.message", "pk": 21}, {"fields": {"model": "camera", "name": "camera", "app_label": "app"}, "model": "contenttypes.contenttype", "pk": 1}, {"fields": {"model": "video", "name": "video", "app_label": "app"}, "model": "contenttypes.contenttype", "pk": 2}, {"fields": {"model": "map", "name": "map", "app_label": "app"}, "model": "contenttypes.contenttype", "pk": 3}, {"fields": {"model": "mappoint", "name": "map point", "app_label": "app"}, "model": "contenttypes.contenttype", "pk": 4}, {"fields": {"model": "camerapoint", "name": "camera point", "app_label": "app"}, "model": "contenttypes.contenttype", "pk": 5}, {"fields": {"model": "datarelation", "name": "data relation", "app_label": "app"}, "model": "contenttypes.contenttype", "pk": 6}, {"fields": {"model": "videodata", "name": "video data", "app_label": "app"}, "model": "contenttypes.contenttype", "pk": 7}, {"fields": {"model": "traffic", "name": "traffic", "app_label": "app"}, "model": "contenttypes.contenttype", "pk": 8}, {"fields": {"model": "apiaccess", "name": "api access", "app_label": "tastypie"}, "model": "contenttypes.contenttype", "pk": 9}, {"fields": {"model": "apikey", "name": "api key", "app_label": "tastypie"}, "model": "contenttypes.contenttype", "pk": 10}, {"fields": {"model": "taskmeta", "name": "task state", "app_label": "djcelery"}, "model": "contenttypes.contenttype", "pk": 11}, {"fields": {"model": "tasksetmeta", "name": "saved group result", "app_label": "djcelery"}, "model": "contenttypes.contenttype", "pk": 12}, {"fields": {"model": "intervalschedule", "name": "interval", "app_label": "djcelery"}, "model": "contenttypes.contenttype", "pk": 13}, {"fields": {"model": "crontabschedule", "name": "crontab", "app_label": "djcelery"}, "model": "contenttypes.contenttype", "pk": 14}, {"fields": {"model": "periodictasks", "name": "periodic tasks", "app_label": "djcelery"}, "model": "contenttypes.contenttype", "pk": 15}, {"fields": {"model": "periodictask", "name": "periodic task", "app_label": "djcelery"}, "model": "contenttypes.contenttype", "pk": 16}, {"fields": {"model": "workerstate", "name": "worker", "app_label": "djcelery"}, "model": "contenttypes.contenttype", "pk": 17}, {"fields": {"model": "taskstate", "name": "task", "app_label": "djcelery"}, "model": "contenttypes.contenttype", "pk": 18}, {"fields": {"model": "queue", "name": "queue", "app_label": "kombu_transport_django"}, "model": "contenttypes.contenttype", "pk": 19}, {"fields": {"model": "message", "name": "message", "app_label": "kombu_transport_django"}, "model": "contenttypes.contenttype", "pk": 20}, {"fields": {"model": "logentry", "name": "log entry", "app_label": "admin"}, "model": "contenttypes.contenttype", "pk": 21}, {"fields": {"model": "permission", "name": "permission", "app_label": "auth"}, "model": "contenttypes.contenttype", "pk": 22}, {"fields": {"model": "group", "name": "group", "app_label": "auth"}, "model": "contenttypes.contenttype", "pk": 23}, {"fields": {"model": "user", "name": "user", "app_label": "auth"}, "model": "contenttypes.contenttype", "pk": 24}, {"fields": {"model": "contenttype", "name": "content type", "app_label": "contenttypes"}, "model": "contenttypes.contenttype", "pk": 25}, {"fields": {"model": "session", "name": "session", "app_label": "sessions"}, "model": "contenttypes.contenttype", "pk": 26}, {"fields": {"expire_date": "2015-04-22T09:12:26.366Z", "session_data": "MTA4NTYzYTU3ZGY3OGE2ODk4MDQ3YjY3Yzc5MjdmOGMyNDI0NGQ1ODp7Il9hdXRoX3VzZXJfaGFzaCI6ImZjNjBjODlhYzE4YmNlYmQ2ZjkwMjY4MzI3NjY1ODMwZWI3YzBlMDIiLCJfYXV0aF91c2VyX2JhY2tlbmQiOiJkamFuZ28uY29udHJpYi5hdXRoLmJhY2tlbmRzLk1vZGVsQmFja2VuZCIsIl9hdXRoX3VzZXJfaWQiOjF9"}, "model": "sessions.session", "pk": "fjivaytp1jyeo6azx89nqmtxr5gxh9oo"}, {"fields": {"expire_date": "2015-04-22T10:00:53.382Z", "session_data": "MTA4NTYzYTU3ZGY3OGE2ODk4MDQ3YjY3Yzc5MjdmOGMyNDI0NGQ1ODp7Il9hdXRoX3VzZXJfaGFzaCI6ImZjNjBjODlhYzE4YmNlYmQ2ZjkwMjY4MzI3NjY1ODMwZWI3YzBlMDIiLCJfYXV0aF91c2VyX2JhY2tlbmQiOiJkamFuZ28uY29udHJpYi5hdXRoLmJhY2tlbmRzLk1vZGVsQmFja2VuZCIsIl9hdXRoX3VzZXJfaWQiOjF9"}, "model": "sessions.session", "pk": "yj4ds19kw11kcilpdkdoms5y2orond3l"}, {"fields": {"codename": "add_camera", "name": "Can add camera", "content_type": 1}, "model": "auth.permission", "pk": 1}, {"fields": {"codename": "change_camera", "name": "Can change camera", "content_type": 1}, "model": "auth.permission", "pk": 2}, {"fields": {"codename": "delete_camera", "name": "Can delete camera", "content_type": 1}, "model": "auth.permission", "pk": 3}, {"fields": {"codename": "add_video", "name": "Can add video", "content_type": 2}, "model": "auth.permission", "pk": 4}, {"fields": {"codename": "change_video", "name": "Can change video", "content_type": 2}, "model": "auth.permission", "pk": 5}, {"fields": {"codename": "delete_video", "name": "Can delete video", "content_type": 2}, "model": "auth.permission", "pk": 6}, {"fields": {"codename": "add_map", "name": "Can add map", "content_type": 3}, "model": "auth.permission", "pk": 7}, {"fields": {"codename": "change_map", "name": "Can change map", "content_type": 3}, "model": "auth.permission", "pk": 8}, {"fields": {"codename": "delete_map", "name": "Can delete map", "content_type": 3}, "model": "auth.permission", "pk": 9}, {"fields": {"codename": "add_mappoint", "name": "Can add map point", "content_type": 4}, "model": "auth.permission", "pk": 10}, {"fields": {"codename": "change_mappoint", "name": "Can change map point", "content_type": 4}, "model": "auth.permission", "pk": 11}, {"fields": {"codename": "delete_mappoint", "name": "Can delete map point", "content_type": 4}, "model": "auth.permission", "pk": 12}, {"fields": {"codename": "add_camerapoint", "name": "Can add camera point", "content_type": 5}, "model": "auth.permission", "pk": 13}, {"fields": {"codename": "change_camerapoint", "name": "Can change camera point", "content_type": 5}, "model": "auth.permission", "pk": 14}, {"fields": {"codename": "delete_camerapoint", "name": "Can delete camera point", "content_type": 5}, "model": "auth.permission", "pk": 15}, {"fields": {"codename": "add_datarelation", "name": "Can add data relation", "content_type": 6}, "model": "auth.permission", "pk": 16}, {"fields": {"codename": "change_datarelation", "name": "Can change data relation", "content_type": 6}, "model": "auth.permission", "pk": 17}, {"fields": {"codename": "delete_datarelation", "name": "Can delete data relation", "content_type": 6}, "model": "auth.permission", "pk": 18}, {"fields": {"codename": "add_videodata", "name": "Can add video data", "content_type": 7}, "model": "auth.permission", "pk": 19}, {"fields": {"codename": "change_videodata", "name": "Can change video data", "content_type": 7}, "model": "auth.permission", "pk": 20}, {"fields": {"codename": "delete_videodata", "name": "Can delete video data", "content_type": 7}, "model": "auth.permission", "pk": 21}, {"fields": {"codename": "add_traffic", "name": "Can add traffic", "content_type": 8}, "model": "auth.permission", "pk": 22}, {"fields": {"codename": "change_traffic", "name": "Can change traffic", "content_type": 8}, "model": "auth.permission", "pk": 23}, {"fields": {"codename": "delete_traffic", "name": "Can delete traffic", "content_type": 8}, "model": "auth.permission", "pk": 24}, {"fields": {"codename": "add_apiaccess", "name": "Can add api access", "content_type": 9}, "model": "auth.permission", "pk": 25}, {"fields": {"codename": "change_apiaccess", "name": "Can change api access", "content_type": 9}, "model": "auth.permission", "pk": 26}, {"fields": {"codename": "delete_apiaccess", "name": "Can delete api access", "content_type": 9}, "model": "auth.permission", "pk": 27}, {"fields": {"codename": "add_apikey", "name": "Can add api key", "content_type": 10}, "model": "auth.permission", "pk": 28}, {"fields": {"codename": "change_apikey", "name": "Can change api key", "content_type": 10}, "model": "auth.permission", "pk": 29}, {"fields": {"codename": "delete_apikey", "name": "Can delete api key", "content_type": 10}, "model": "auth.permission", "pk": 30}, {"fields": {"codename": "add_taskmeta", "name": "Can add task state", "content_type": 11}, "model": "auth.permission", "pk": 31}, {"fields": {"codename": "change_taskmeta", "name": "Can change task state", "content_type": 11}, "model": "auth.permission", "pk": 32}, {"fields": {"codename": "delete_taskmeta", "name": "Can delete task state", "content_type": 11}, "model": "auth.permission", "pk": 33}, {"fields": {"codename": "add_tasksetmeta", "name": "Can add saved group result", "content_type": 12}, "model": "auth.permission", "pk": 34}, {"fields": {"codename": "change_tasksetmeta", "name": "Can change saved group result", "content_type": 12}, "model": "auth.permission", "pk": 35}, {"fields": {"codename": "delete_tasksetmeta", "name": "Can delete saved group result", "content_type": 12}, "model": "auth.permission", "pk": 36}, {"fields": {"codename": "add_intervalschedule", "name": "Can add interval", "content_type": 13}, "model": "auth.permission", "pk": 37}, {"fields": {"codename": "change_intervalschedule", "name": "Can change interval", "content_type": 13}, "model": "auth.permission", "pk": 38}, {"fields": {"codename": "delete_intervalschedule", "name": "Can delete interval", "content_type": 13}, "model": "auth.permission", "pk": 39}, {"fields": {"codename": "add_crontabschedule", "name": "Can add crontab", "content_type": 14}, "model": "auth.permission", "pk": 40}, {"fields": {"codename": "change_crontabschedule", "name": "Can change crontab", "content_type": 14}, "model": "auth.permission", "pk": 41}, {"fields": {"codename": "delete_crontabschedule", "name": "Can delete crontab", "content_type": 14}, "model": "auth.permission", "pk": 42}, {"fields": {"codename": "add_periodictasks", "name": "Can add periodic tasks", "content_type": 15}, "model": "auth.permission", "pk": 43}, {"fields": {"codename": "change_periodictasks", "name": "Can change periodic tasks", "content_type": 15}, "model": "auth.permission", "pk": 44}, {"fields": {"codename": "delete_periodictasks", "name": "Can delete periodic tasks", "content_type": 15}, "model": "auth.permission", "pk": 45}, {"fields": {"codename": "add_periodictask", "name": "Can add periodic task", "content_type": 16}, "model": "auth.permission", "pk": 46}, {"fields": {"codename": "change_periodictask", "name": "Can change periodic task", "content_type": 16}, "model": "auth.permission", "pk": 47}, {"fields": {"codename": "delete_periodictask", "name": "Can delete periodic task", "content_type": 16}, "model": "auth.permission", "pk": 48}, {"fields": {"codename": "add_workerstate", "name": "Can add worker", "content_type": 17}, "model": "auth.permission", "pk": 49}, {"fields": {"codename": "change_workerstate", "name": "Can change worker", "content_type": 17}, "model": "auth.permission", "pk": 50}, {"fields": {"codename": "delete_workerstate", "name": "Can delete worker", "content_type": 17}, "model": "auth.permission", "pk": 51}, {"fields": {"codename": "add_taskstate", "name": "Can add task", "content_type": 18}, "model": "auth.permission", "pk": 52}, {"fields": {"codename": "change_taskstate", "name": "Can change task", "content_type": 18}, "model": "auth.permission", "pk": 53}, {"fields": {"codename": "delete_taskstate", "name": "Can delete task", "content_type": 18}, "model": "auth.permission", "pk": 54}, {"fields": {"codename": "add_queue", "name": "Can add queue", "content_type": 19}, "model": "auth.permission", "pk": 55}, {"fields": {"codename": "change_queue", "name": "Can change queue", "content_type": 19}, "model": "auth.permission", "pk": 56}, {"fields": {"codename": "delete_queue", "name": "Can delete queue", "content_type": 19}, "model": "auth.permission", "pk": 57}, {"fields": {"codename": "add_message", "name": "Can add message", "content_type": 20}, "model": "auth.permission", "pk": 58}, {"fields": {"codename": "change_message", "name": "Can change message", "content_type": 20}, "model": "auth.permission", "pk": 59}, {"fields": {"codename": "delete_message", "name": "Can delete message", "content_type": 20}, "model": "auth.permission", "pk": 60}, {"fields": {"codename": "add_logentry", "name": "Can add log entry", "content_type": 21}, "model": "auth.permission", "pk": 61}, {"fields": {"codename": "change_logentry", "name": "Can change log entry", "content_type": 21}, "model": "auth.permission", "pk": 62}, {"fields": {"codename": "delete_logentry", "name": "Can delete log entry", "content_type": 21}, "model": "auth.permission", "pk": 63}, {"fields": {"codename": "add_permission", "name": "Can add permission", "content_type": 22}, "model": "auth.permission", "pk": 64}, {"fields": {"codename": "change_permission", "name": "Can change permission", "content_type": 22}, "model": "auth.permission", "pk": 65}, {"fields": {"codename": "delete_permission", "name": "Can delete permission", "content_type": 22}, "model": "auth.permission", "pk": 66}, {"fields": {"codename": "add_group", "name": "Can add group", "content_type": 23}, "model": "auth.permission", "pk": 67}, {"fields": {"codename": "change_group", "name": "Can change group", "content_type": 23}, "model": "auth.permission", "pk": 68}, {"fields": {"codename": "delete_group", "name": "Can delete group", "content_type": 23}, "model": "auth.permission", "pk": 69}, {"fields": {"codename": "add_user", "name": "Can add user", "content_type": 24}, "model": "auth.permission", "pk": 70}, {"fields": {"codename": "change_user", "name": "Can change user", "content_type": 24}, "model": "auth.permission", "pk": 71}, {"fields": {"codename": "delete_user", "name": "Can delete user", "content_type": 24}, "model": "auth.permission", "pk": 72}, {"fields": {"codename": "add_contenttype", "name": "Can add content type", "content_type": 25}, "model": "auth.permission", "pk": 73}, {"fields": {"codename": "change_contenttype", "name": "Can change content type", "content_type": 25}, "model": "auth.permission", "pk": 74}, {"fields": {"codename": "delete_contenttype", "name": "Can delete content type", "content_type": 25}, "model": "auth.permission", "pk": 75}, {"fields": {"codename": "add_session", "name": "Can add session", "content_type": 26}, "model": "auth.permission", "pk": 76}, {"fields": {"codename": "change_session", "name": "Can change session", "content_type": 26}, "model": "auth.permission", "pk": 77}, {"fields": {"codename": "delete_session", "name": "Can delete session", "content_type": 26}, "model": "auth.permission", "pk": 78}, {"fields": {"username": "admin", "first_name": "", "last_name": "", "is_active": true, "is_superuser": true, "is_staff": true, "last_login": "2015-04-08T10:00:53.381Z", "groups": [], "user_permissions": [], "password": "pbkdf2_sha256$15000$zUPcIhPVBY5z$d5VU92JUM82JT5RUDaRaMnNLnWqE1tzI5n5NemhWOI8=", "email": "admin@admin.com", "date_joined": "2015-03-30T12:34:38.288Z"}, "model": "auth.user", "pk": 1}]