[{"fields": {"url": "/static/img/43.jpeg", "width": 854, "name": "Chandrasatitya 1", "height": 480}, "model": "app.camera", "pk": 1}, {"fields": {"url": "", "width": 854, "name": "Suwanvajokkasikit 1", "height": 480}, "model": "app.camera", "pk": 2}, {"fields": {"url": "", "width": 854, "name": "Chuchat Kamphu 2", "height": 480}, "model": "app.camera", "pk": 3}, {"fields": {"url": "", "width": 854, "name": "Chandrasatitya 3", "height": 480}, "model": "app.camera", "pk": 4}, {"fields": {"url": "", "width": 854, "name": "Kamphol Adulwit", "height": 480}, "model": "app.camera", "pk": 5}, {"fields": {"url": "", "width": 854, "name": "Chandrasatitya 4", "height": 480}, "model": "app.camera", "pk": 6}, {"fields": {"url": "", "width": 854, "name": "Sutharm Areekul", "height": 480}, "model": "app.camera", "pk": 7}, {"fields": {"url": "", "width": 854, "name": "Chakkraphan 3", "height": 480}, "model": "app.camera", "pk": 8}, {"fields": {"url": "", "width": 854, "name": "Canteen 1", "height": 480}, "model": "app.camera", "pk": 9}, {"fields": {"url": "", "width": 854, "name": "Chuchat Kamphu 5", "height": 480}, "model": "app.camera", "pk": 10}, {"fields": {"url": "", "width": 854, "name": "Chuchat Kamphu 4", "height": 480}, "model": "app.camera", "pk": 11}, {"fields": {"url": "", "width": 854, "name": "Chakkraphan 2", "height": 480}, "model": "app.camera", "pk": 12}, {"fields": {"url": "", "width": 854, "name": "Chakkraphan 1", "height": 480}, "model": "app.camera", "pk": 13}, {"fields": {"url": "", "width": 854, "name": "Suwanvajokkasikit 2", "height": 480}, "model": "app.camera", "pk": 14}, {"fields": {"url": "", "width": 854, "name": "Chuchat Kamphu 6", "height": 480}, "model": "app.camera", "pk": 15}, {"fields": {"url": "", "width": 854, "name": "Chuchat Kamphu 3", "height": 480}, "model": "app.camera", "pk": 16}, {"fields": {"url": "", "width": 854, "name": "Chandrasatitya 2", "height": 480}, "model": "app.camera", "pk": 17}, {"fields": {"url": "/static/img/44.jpeg", "width": 854, "name": "Chuchat Kamphu 1", "height": 480}, "model": "app.camera", "pk": 18}, {"fields": {"name": "", "url": "/Users/kunato/final_project/server/static/video/45.mp4", "start_time": "2005-01-01T02:00:00Z", "camera": 1, "tracking_id": "14514d6b-0425-49c7-a91e-bd427479519c", "added_time": "2015-04-29T03:33:48.076Z", "type": 1}, "model": "app.video", "pk": 45}, {"fields": {"name": "", "url": "/Users/kunato/final_project/server/static/video/46.mp4", "start_time": "2005-01-01T02:00:00Z", "camera": 18, "tracking_id": "ea377533-3e0c-4f12-85fc-9e8b26f728e8", "added_time": "2015-04-29T03:34:06.060Z", "type": 1}, "model": "app.video", "pk": 46}, {"fields": {"center_lng": 100.567488, "zoom": 17, "center_lat": 13.845805}, "model": "app.map", "pk": 1}, {"fields": {"map": 1, "name": null, "longitude": 100.57168006896973, "alt_latitude": 13.84269770896137, "latitude": 13.842546659070898, "alt_longitude": 100.57165324687958}, "model": "app.mappoint", "pk": 20}, {"fields": {"map": 1, "name": null, "longitude": 100.56835681200027, "alt_latitude": 13.84447904862271, "latitude": 13.844377481381871, "alt_longitude": 100.5683970451355}, "model": "app.mappoint", "pk": 21}, {"fields": {"map": 1, "name": null, "longitude": 100.5725759267807, "alt_latitude": 13.846127846316678, "latitude": 13.846117429239676, "alt_longitude": 100.5724847316742}, "model": "app.mappoint", "pk": 22}, {"fields": {"map": 1, "name": null, "longitude": 100.56815028190613, "alt_latitude": null, "latitude": 13.847060751478237, "alt_longitude": null}, "model": "app.mappoint", "pk": 23}, {"fields": {"map": 1, "name": null, "longitude": 100.56712299585342, "alt_latitude": 13.845166579547683, "latitude": 13.845093659697461, "alt_longitude": 100.56716322898865}, "model": "app.mappoint", "pk": 24}, {"fields": {"map": 1, "name": null, "longitude": 100.56548416614532, "alt_latitude": 13.848437242789608, "latitude": 13.848484119164494, "alt_longitude": 100.56558340787888}, "model": "app.mappoint", "pk": 25}, {"fields": {"map": 1, "name": null, "longitude": 100.56561022996902, "alt_latitude": 13.850429480384523, "latitude": 13.850533649200699, "alt_longitude": 100.56568801403046}, "model": "app.mappoint", "pk": 26}, {"fields": {"map": 1, "name": null, "longitude": 100.56672871112823, "alt_latitude": 13.850395625509218, "latitude": 13.850505002780915, "alt_longitude": 100.56673139333725}, "model": "app.mappoint", "pk": 27}, {"fields": {"map": 1, "name": null, "longitude": 100.5667769908905, "alt_latitude": null, "latitude": 13.847757534291217, "alt_longitude": null}, "model": "app.mappoint", "pk": 28}, {"fields": {"map": 1, "name": null, "longitude": 100.5667769908905, "alt_latitude": null, "latitude": 13.847757534291217, "alt_longitude": null}, "model": "app.mappoint", "pk": 29}, {"fields": {"map": 1, "name": null, "longitude": 100.57051599025726, "alt_latitude": 13.85042166772144, "latitude": 13.85053104498087, "alt_longitude": 100.57053208351135}, "model": "app.mappoint", "pk": 30}, {"fields": {"map": 1, "name": null, "longitude": 100.57258531451225, "alt_latitude": 13.850402136062566, "latitude": 13.850395625509218, "alt_longitude": 100.57249277830124}, "model": "app.mappoint", "pk": 34}, {"fields": {"map": 1, "name": null, "longitude": 100.57057365775108, "alt_latitude": null, "latitude": 13.846575201362734, "alt_longitude": null}, "model": "app.mappoint", "pk": 35}, {"fields": {"map": 1, "name": null, "longitude": 100.57000368833542, "alt_latitude": 13.84357376752508, "latitude": 13.843493034279318, "alt_longitude": 100.57005599141121}, "model": "app.mappoint", "pk": 36}, {"fields": {"name": null, "top": 0.0, "height": 0.9916666666666667, "mapPoint": 20, "width": 0.19789227166276346, "left": 0.0}, "model": "app.camerapoint", "pk": 33}, {"fields": {"name": null, "top": 0.0020833333333333333, "height": 0.99375, "mapPoint": 36, "width": 0.20608899297423888, "left": 0.7892271662763466}, "model": "app.camerapoint", "pk": 34}, {"fields": {"name": null, "top": 0.0, "height": 0.9375, "mapPoint": 22, "width": 0.20374707259953162, "left": 0.7939110784954988}, "model": "app.camerapoint", "pk": 35}, {"fields": {"name": null, "top": 0.0, "height": 0.9875, "mapPoint": 20, "width": 0.2154566744730679, "left": 0.0}, "model": "app.camerapoint", "pk": 36}, {"fields": {"name": null, "top": 0.0, "height": 0.0, "mapPoint": 22, "width": 0.0, "left": 0.0}, "model": "app.camerapoint", "pk": 37}, {"fields": {"name": null, "top": 0.0, "height": 0.029166666666666667, "mapPoint": 35, "width": 0.01639344262295082, "left": 0.0}, "model": "app.camerapoint", "pk": 38}, {"fields": {"name": null, "top": 0.37106119791666664, "height": 0.1, "mapPoint": 21, "width": 0.09601873536299765, "left": 0.9016393442622951}, "model": "app.camerapoint", "pk": 39}, {"fields": {"name": null, "top": 0.35227864583333335, "height": 0.1, "mapPoint": 24, "width": 0.10070257611241218, "left": 0.00234192037470726}, "model": "app.camerapoint", "pk": 40}, {"fields": {"name": null, "top": 0.8958333333333334, "height": 0.1, "mapPoint": 24, "width": 0.10070257611241218, "left": 0.41486753512880564}, "model": "app.camerapoint", "pk": 41}, {"fields": {"name": null, "top": 0.0, "height": 0.05625, "mapPoint": 23, "width": 0.01522248243559719, "left": 0.47423887587822017}, "model": "app.camerapoint", "pk": 42}, {"fields": {"name": null, "top": 0.33541666666666664, "height": 0.1, "mapPoint": 24, "width": 0.09953161592505855, "left": 0.8981264637002342}, "model": "app.camerapoint", "pk": 43}, {"fields": {"name": null, "top": 0.26666666666666666, "height": 0.1, "mapPoint": 25, "width": 0.09953161592505855, "left": 0.0}, "model": "app.camerapoint", "pk": 44}, {"fields": {"name": null, "top": 0.8958333333333334, "height": 0.1, "mapPoint": 25, "width": 0.10070257611241218, "left": 0.4499963407494145}, "model": "app.camerapoint", "pk": 45}, {"fields": {"name": null, "top": 0.0, "height": 0.1, "mapPoint": 26, "width": 0.10070257611241218, "left": 0.4417996194379391}, "model": "app.camerapoint", "pk": 46}, {"fields": {"name": null, "top": 0.45, "height": 0.1, "mapPoint": 26, "width": 0.09953161592505855, "left": 0.0}, "model": "app.camerapoint", "pk": 47}, {"fields": {"name": null, "top": 0.45625, "height": 0.1, "mapPoint": 27, "width": 0.09953161592505855, "left": 0.8969555035128806}, "model": "app.camerapoint", "pk": 48}, {"fields": {"name": null, "top": 0.0, "height": 0.1, "mapPoint": 27, "width": 0.10070257611241218, "left": 0.44999998570605265}, "model": "app.camerapoint", "pk": 49}, {"fields": {"name": null, "top": 0.0, "height": 0.0, "mapPoint": 29, "width": 0.0, "left": 0.0}, "model": "app.camerapoint", "pk": 50}, {"fields": {"name": null, "top": 0.36585365853658536, "height": 0.17886178861788618, "mapPoint": 25, "width": 0.11382113821138211, "left": 0.0}, "model": "app.camerapoint", "pk": 51}, {"fields": {"name": null, "top": 0.0, "height": 0.0, "mapPoint": 29, "width": 0.0, "left": 0.0}, "model": "app.camerapoint", "pk": 52}, {"fields": {"name": null, "top": 0.44144144144144143, "height": 0.0990990990990991, "mapPoint": 29, "width": 0.12389380530973451, "left": 0.0}, "model": "app.camerapoint", "pk": 53}, {"fields": {"name": null, "top": 0.0, "height": 0.0, "mapPoint": 23, "width": 0.0, "left": 0.0}, "model": "app.camerapoint", "pk": 54}, {"fields": {"name": null, "top": 0.2702702702702703, "height": 0.4144144144144144, "mapPoint": 30, "width": 0.12612612612612611, "left": 0.0}, "model": "app.camerapoint", "pk": 55}, {"fields": {"name": null, "top": 0.359375, "height": 0.12612612612612611, "mapPoint": 34, "width": 0.46846846846846846, "left": 0.5135135135135135}, "model": "app.camerapoint", "pk": 56}, {"fields": {"name": null, "top": 0.3252032520325203, "height": 0.24390243902439024, "mapPoint": 27, "width": 0.11382113821138211, "left": 0.0}, "model": "app.camerapoint", "pk": 57}, {"fields": {"name": null, "top": 0.4771341463414634, "height": 0.11382113821138211, "mapPoint": 30, "width": 0.5121951219512195, "left": 0.4715447154471545}, "model": "app.camerapoint", "pk": 58}, {"fields": {"name": null, "top": 0.0, "height": 0.0990990990990991, "mapPoint": 34, "width": 0.0990990990990991, "left": 0.45000001832887687}, "model": "app.camerapoint", "pk": 59}, {"fields": {"name": null, "top": 0.9000000366577509, "height": 0.0990990990990991, "mapPoint": 22, "width": 0.0990990990990991, "left": 0.45000001832887687}, "model": "app.camerapoint", "pk": 60}, {"fields": {"name": null, "top": 0.0, "height": 0.11382113821138211, "mapPoint": 30, "width": 0.11382113821138211, "left": 0.4499999875944805}, "model": "app.camerapoint", "pk": 61}, {"fields": {"name": null, "top": 0.8999999751889594, "height": 0.11382113821138211, "mapPoint": 35, "width": 0.11382113821138211, "left": 0.4499999875944805}, "model": "app.camerapoint", "pk": 62}, {"fields": {"name": null, "top": 0.0, "height": 0.11382113821138211, "mapPoint": 30, "width": 0.11382113821138211, "left": 0.4499999875944805}, "model": "app.camerapoint", "pk": 63}, {"fields": {"name": null, "top": 0.8999999751889594, "height": 0.11382113821138211, "mapPoint": 35, "width": 0.11382113821138211, "left": 0.4499999875944805}, "model": "app.camerapoint", "pk": 64}, {"fields": {"name": null, "top": 0.0, "height": 0.11382113821138211, "mapPoint": 35, "width": 0.4146341463414634, "left": 0.21417682926829268}, "model": "app.camerapoint", "pk": 65}, {"fields": {"name": null, "top": 0.0, "height": 0.0, "mapPoint": 30, "width": 0.0, "left": 0.0}, "model": "app.camerapoint", "pk": 66}, {"fields": {"name": null, "top": 0.0, "height": 0.11382113821138211, "mapPoint": 35, "width": 0.11382113821138211, "left": 0.4499999875944805}, "model": "app.camerapoint", "pk": 67}, {"fields": {"name": null, "top": 0.0, "height": 0.0, "mapPoint": 30, "width": 0.0, "left": 0.0}, "model": "app.camerapoint", "pk": 68}, {"fields": {"name": null, "top": 0.0, "height": 0.11382113821138211, "mapPoint": 30, "width": 0.11382113821138211, "left": 0.4499999875944805}, "model": "app.camerapoint", "pk": 69}, {"fields": {"name": null, "top": 0.0, "height": 0.0, "mapPoint": 35, "width": 0.0, "left": 0.0}, "model": "app.camerapoint", "pk": 70}, {"fields": {"name": null, "top": 0.7235772357723578, "height": 0.2601626016260163, "mapPoint": 35, "width": 0.11382113821138211, "left": 0.53125}, "model": "app.camerapoint", "pk": 71}, {"fields": {"name": null, "top": 0.0, "height": 0.0, "mapPoint": 30, "width": 0.0, "left": 0.0}, "model": "app.camerapoint", "pk": 72}, {"fields": {"name": null, "top": 0.7967479674796748, "height": 0.18699186991869918, "mapPoint": 35, "width": 0.11382113821138211, "left": 0.49872967479674796}, "model": "app.camerapoint", "pk": 73}, {"fields": {"name": null, "top": 0.0, "height": 0.0, "mapPoint": 30, "width": 0.0, "left": 0.0}, "model": "app.camerapoint", "pk": 74}, {"fields": {"name": null, "top": 0.3170731707317073, "height": 0.25203252032520324, "mapPoint": 23, "width": 0.11382113821138211, "left": 0.0}, "model": "app.camerapoint", "pk": 75}, {"fields": {"name": null, "top": 0.0, "height": 0.0, "mapPoint": 35, "width": 0.0, "left": 0.0}, "model": "app.camerapoint", "pk": 76}, {"fields": {"name": null, "top": 0.0, "height": 0.1, "mapPoint": 36, "width": 0.1, "left": 0.45}, "model": "app.camerapoint", "pk": 77}, {"fields": {"name": null, "top": 0.9, "height": 0.1, "mapPoint": 21, "width": 0.1, "left": 0.45}, "model": "app.camerapoint", "pk": 78}, {"fields": {"name": null, "top": 0.0, "height": 0.1, "mapPoint": 36, "width": 0.1, "left": 0.45}, "model": "app.camerapoint", "pk": 79}, {"fields": {"name": null, "top": 0.9, "height": 0.1, "mapPoint": 21, "width": 0.1, "left": 0.45}, "model": "app.camerapoint", "pk": 80}, {"fields": {"name": null, "top": -2.96059473233375e-17, "height": 0.19583333333333333, "mapPoint": 36, "width": 0.3864168618266979, "left": 0.11128595785458138}, "model": "app.camerapoint", "pk": 81}, {"fields": {"name": null, "top": 0.0, "height": 0.0, "mapPoint": 35, "width": 0.0, "left": 0.0}, "model": "app.camerapoint", "pk": 82}, {"fields": {"name": "", "one_way": false, "cameraPoint2": 34, "cameraPoint1": 33, "alt_path": "{\"path\":[{\"k\":13.843580000000001,\"B\":100.57006000000001},{\"k\":13.842810000000002,\"B\":100.57143},{\"k\":13.842690000000001,\"B\":100.57166000000001}],\"distance\":{\"text\":\"0.2 km\",\"value\":199},\"summary\":\"\u0e0b\u0e2d\u0e22 \u0e08\u0e31\u0e19\u0e17\u0e23\u0e2a\u0e16\u0e34\u0e15\u0e22\u0e4c\"}", "camera": 1, "path": "{\"path\":[{\"k\":13.84256,\"B\":100.57169},{\"k\":13.8435,\"B\":100.57001000000001}],\"distance\":{\"text\":\"0.2 km\",\"value\":209},\"summary\":\"\u0e0b\u0e2d\u0e22 \u0e08\u0e31\u0e19\u0e17\u0e23\u0e2a\u0e16\u0e34\u0e15\u0e22\u0e4c\"}", "camera_length": 20, "camera_aspect": 1.3}, "model": "app.datarelation", "pk": 15}, {"fields": {"name": "", "one_way": false, "cameraPoint2": 36, "cameraPoint1": 35, "alt_path": "{\"path\":[{\"k\":13.842690000000001,\"B\":100.57166000000001},{\"k\":13.8435,\"B\":100.57215000000001},{\"k\":13.84383,\"B\":100.57235000000001},{\"k\":13.84402,\"B\":100.57244000000001},{\"k\":13.844380000000001,\"B\":100.57247000000001},{\"k\":13.84542,\"B\":100.57248000000001},{\"k\":13.8459,\"B\":100.57249},{\"k\":13.84613,\"B\":100.5725}],\"distance\":{\"text\":\"0.4 km\",\"value\":405},\"summary\":\"\u0e0b\u0e2d\u0e22 \u0e2a\u0e38\u0e27\u0e23\u0e23\u0e13\u0e27\u0e32\u0e08\u0e01\u0e01\u0e2a\u0e34\u0e01\u0e34\u0e08\"}", "camera": 2, "path": "{\"path\":[{\"k\":13.84613,\"B\":100.57257000000001},{\"k\":13.845830000000001,\"B\":100.57256000000001},{\"k\":13.845080000000001,\"B\":100.57256000000001},{\"k\":13.844380000000001,\"B\":100.57254},{\"k\":13.844040000000001,\"B\":100.57251000000001},{\"k\":13.84392,\"B\":100.57248000000001},{\"k\":13.843710000000002,\"B\":100.57236},{\"k\":13.842640000000001,\"B\":100.57175000000001},{\"k\":13.84256,\"B\":100.57169}],\"distance\":{\"text\":\"0.4 km\",\"value\":420},\"summary\":\"\u0e0b\u0e2d\u0e22 \u0e2a\u0e38\u0e27\u0e23\u0e23\u0e13\u0e27\u0e32\u0e08\u0e01\u0e01\u0e2a\u0e34\u0e01\u0e34\u0e08\"}", "camera_length": 20, "camera_aspect": 1.3}, "model": "app.datarelation", "pk": 16}, {"fields": {"name": "1", "one_way": true, "cameraPoint2": 37, "cameraPoint1": 38, "alt_path": "", "camera": 3, "path": "{\"path\":[{\"k\":13.846580000000001,\"B\":100.57057},{\"k\":13.84622,\"B\":100.5721},{\"k\":13.84613,\"B\":100.57257000000001}],\"distance\":{\"text\":\"0.2 km\",\"value\":222},\"summary\":\"\"}", "camera_length": 50, "camera_aspect": 0.5}, "model": "app.datarelation", "pk": 17}, {"fields": {"name": "", "one_way": false, "cameraPoint2": 40, "cameraPoint1": 39, "alt_path": "{\"path\":[{\"k\":13.845170000000001,\"B\":100.56717},{\"k\":13.84448,\"B\":100.56841000000001}],\"distance\":{\"text\":\"0.2 km\",\"value\":155},\"summary\":\"\u0e0b\u0e2d\u0e22 \u0e08\u0e31\u0e19\u0e17\u0e23\u0e2a\u0e16\u0e34\u0e15\u0e22\u0e4c\"}", "camera": 4, "path": "{\"path\":[{\"k\":13.8444,\"B\":100.56836000000001},{\"k\":13.8451,\"B\":100.56713}],\"distance\":{\"text\":\"0.2 km\",\"value\":154},\"summary\":\"\u0e0b\u0e2d\u0e22 \u0e08\u0e31\u0e19\u0e17\u0e23\u0e2a\u0e16\u0e34\u0e15\u0e22\u0e4c\"}", "camera_length": 20, "camera_aspect": 1.0}, "model": "app.datarelation", "pk": 18}, {"fields": {"name": "", "one_way": false, "cameraPoint2": 42, "cameraPoint1": 41, "alt_path": "", "camera": 5, "path": "{\"path\":[{\"k\":13.8451,\"B\":100.56713},{\"k\":13.84707,\"B\":100.56814000000001}],\"distance\":{\"text\":\"0.2 km\",\"value\":244},\"summary\":\"\u0e0b\u0e2d\u0e22 \u0e01\u0e33\u0e1e\u0e25 \u0e2d\u0e14\u0e38\u0e25\u0e22\u0e4c\u0e27\u0e34\u0e17\u0e22\u0e4c\"}", "camera_length": 55, "camera_aspect": 1.0}, "model": "app.datarelation", "pk": 19}, {"fields": {"name": "", "one_way": false, "cameraPoint2": 44, "cameraPoint1": 43, "alt_path": "{\"path\":[{\"k\":13.84843,\"B\":100.56558000000001},{\"k\":13.848270000000001,\"B\":100.56552},{\"k\":13.847380000000001,\"B\":100.56501000000002},{\"k\":13.846850000000002,\"B\":100.56468000000001},{\"k\":13.846700000000002,\"B\":100.56467},{\"k\":13.846580000000001,\"B\":100.56472000000001},{\"k\":13.84646,\"B\":100.56486000000001},{\"k\":13.845810000000002,\"B\":100.56602000000001},{\"k\":13.845170000000001,\"B\":100.56717}],\"distance\":{\"text\":\"0.5 km\",\"value\":540},\"summary\":\"\u0e0b\u0e2d\u0e22 \u0e08\u0e31\u0e19\u0e17\u0e23\u0e2a\u0e16\u0e34\u0e15\u0e22\u0e4c\"}", "camera": 6, "path": "{\"path\":[{\"k\":13.8451,\"B\":100.56713},{\"k\":13.84557,\"B\":100.56624000000001},{\"k\":13.846380000000002,\"B\":100.56486000000001},{\"k\":13.846480000000001,\"B\":100.56471},{\"k\":13.846580000000001,\"B\":100.56464000000001},{\"k\":13.84665,\"B\":100.56460000000001},{\"k\":13.846770000000001,\"B\":100.56459000000001},{\"k\":13.84688,\"B\":100.56461},{\"k\":13.847420000000001,\"B\":100.56494},{\"k\":13.848370000000001,\"B\":100.56545000000001},{\"k\":13.84848,\"B\":100.56549000000001}],\"distance\":{\"text\":\"0.6 km\",\"value\":553},\"summary\":\"\u0e0b\u0e2d\u0e22 \u0e08\u0e31\u0e19\u0e17\u0e23\u0e2a\u0e16\u0e34\u0e15\u0e22\u0e4c\"}", "camera_length": 12312312, "camera_aspect": 3123.0}, "model": "app.datarelation", "pk": 20}, {"fields": {"name": "", "one_way": false, "cameraPoint2": 46, "cameraPoint1": 45, "alt_path": "{\"path\":[{\"k\":13.850430000000001,\"B\":100.56569},{\"k\":13.84974,\"B\":100.56566000000001},{\"k\":13.84861,\"B\":100.56561},{\"k\":13.84843,\"B\":100.56558000000001}],\"distance\":{\"text\":\"0.2 km\",\"value\":223},\"summary\":\"\u0e0b\u0e2d\u0e22 \u0e2a\u0e38\u0e18\u0e23\u0e23\u0e21\u0e2d\u0e32\u0e23\u0e35\u0e01\u0e38\u0e25\"}", "camera": 7, "path": "{\"path\":[{\"k\":13.84848,\"B\":100.56549000000001},{\"k\":13.848690000000001,\"B\":100.56553000000001},{\"k\":13.849810000000002,\"B\":100.56559000000001},{\"k\":13.85044,\"B\":100.56562000000001},{\"k\":13.850530000000001,\"B\":100.56562000000001}],\"distance\":{\"text\":\"0.2 km\",\"value\":229},\"summary\":\"\u0e0b\u0e2d\u0e22 \u0e2a\u0e38\u0e18\u0e23\u0e23\u0e21\u0e2d\u0e32\u0e23\u0e35\u0e01\u0e38\u0e25\"}", "camera_length": 5465, "camera_aspect": 1651.0}, "model": "app.datarelation", "pk": 21}, {"fields": {"name": "", "one_way": false, "cameraPoint2": 48, "cameraPoint1": 47, "alt_path": "{\"path\":[{\"k\":13.850410000000002,\"B\":100.56673},{\"k\":13.850430000000001,\"B\":100.56569}],\"distance\":{\"text\":\"0.1 km\",\"value\":113},\"summary\":\"\u0e0b\u0e2d\u0e22 \u0e08\u0e31\u0e01\u0e23\u0e1e\u0e31\u0e19\u0e18\u0e4c\"}", "camera": 8, "path": "{\"path\":[{\"k\":13.850530000000001,\"B\":100.56562000000001},{\"k\":13.850510000000002,\"B\":100.56673}],\"distance\":{\"text\":\"0.1 km\",\"value\":119},\"summary\":\"\u0e0b\u0e2d\u0e22 \u0e08\u0e31\u0e01\u0e23\u0e1e\u0e31\u0e19\u0e18\u0e4c\"}", "camera_length": 4453345, "camera_aspect": 3234252.0}, "model": "app.datarelation", "pk": 22}, {"fields": {"name": "", "one_way": true, "cameraPoint2": 50, "cameraPoint1": 49, "alt_path": "", "camera": 9, "path": "{\"path\":[{\"k\":13.850510000000002,\"B\":100.56673},{\"k\":13.849140000000002,\"B\":100.56674000000001},{\"k\":13.847760000000001,\"B\":100.56678000000001}],\"distance\":{\"text\":\"0.3 km\",\"value\":306},\"summary\":\"\u0e0b\u0e2d\u0e22 \u0e08\u0e31\u0e01\u0e23\u0e1e\u0e31\u0e19\u0e18\u0e4c\"}", "camera_length": 5563, "camera_aspect": 896.0}, "model": "app.datarelation", "pk": 23}, {"fields": {"name": "", "one_way": true, "cameraPoint2": 52, "cameraPoint1": 51, "alt_path": "", "camera": 10, "path": "{\"path\":[{\"k\":13.84848,\"B\":100.56549000000001},{\"k\":13.847760000000001,\"B\":100.56678000000001}],\"distance\":{\"text\":\"0.2 km\",\"value\":161},\"summary\":\"\"}", "camera_length": 456, "camera_aspect": 1563.0}, "model": "app.datarelation", "pk": 24}, {"fields": {"name": "", "one_way": true, "cameraPoint2": 54, "cameraPoint1": 53, "alt_path": "", "camera": 11, "path": "{\"path\":[{\"k\":13.847760000000001,\"B\":100.56678000000001},{\"k\":13.847090000000001,\"B\":100.56815}],\"distance\":{\"text\":\"0.2 km\",\"value\":165},\"summary\":\"\u0e0b\u0e2d\u0e22 \u0e0a\u0e39\u0e0a\u0e32\u0e15\u0e34\u0e01\u0e33\u0e20\u0e39\"}", "camera_length": 4534, "camera_aspect": 3453453.0}, "model": "app.datarelation", "pk": 25}, {"fields": {"name": "", "one_way": false, "cameraPoint2": 56, "cameraPoint1": 55, "alt_path": "{\"path\":[{\"k\":13.8504,\"B\":100.57249},{\"k\":13.850480000000001,\"B\":100.57121000000001},{\"k\":13.85049,\"B\":100.57060000000001},{\"k\":13.85044,\"B\":100.57053}],\"distance\":{\"text\":\"0.2 km\",\"value\":214},\"summary\":\"\u0e0b\u0e2d\u0e22 \u0e08\u0e31\u0e01\u0e23\u0e1e\u0e31\u0e19\u0e18\u0e4c\"}", "camera": 13, "path": "{\"path\":[{\"k\":13.850530000000001,\"B\":100.57052},{\"k\":13.85049,\"B\":100.57060000000001},{\"k\":13.850480000000001,\"B\":100.57121000000001},{\"k\":13.8504,\"B\":100.57249},{\"k\":13.8504,\"B\":100.57258}],\"distance\":{\"text\":\"0.2 km\",\"value\":224},\"summary\":\"\u0e0b\u0e2d\u0e22 \u0e08\u0e31\u0e01\u0e23\u0e1e\u0e31\u0e19\u0e18\u0e4c\"}", "camera_length": 356356, "camera_aspect": 35635635.0}, "model": "app.datarelation", "pk": 26}, {"fields": {"name": "", "one_way": false, "cameraPoint2": 58, "cameraPoint1": 57, "alt_path": "{\"path\":[{\"k\":13.85044,\"B\":100.57053},{\"k\":13.85035,\"B\":100.56939000000001},{\"k\":13.850360000000002,\"B\":100.56851},{\"k\":13.850380000000001,\"B\":100.56788},{\"k\":13.850410000000002,\"B\":100.56673}],\"distance\":{\"text\":\"0.4 km\",\"value\":410},\"summary\":\"\u0e0b\u0e2d\u0e22 \u0e08\u0e31\u0e01\u0e23\u0e1e\u0e31\u0e19\u0e18\u0e4c\"}", "camera": 12, "path": "{\"path\":[{\"k\":13.850510000000002,\"B\":100.56673},{\"k\":13.850460000000002,\"B\":100.56851},{\"k\":13.850470000000001,\"B\":100.56942000000001},{\"k\":13.850530000000001,\"B\":100.57052}],\"distance\":{\"text\":\"0.4 km\",\"value\":410},\"summary\":\"\u0e0b\u0e2d\u0e22 \u0e08\u0e31\u0e01\u0e23\u0e1e\u0e31\u0e19\u0e18\u0e4c\"}", "camera_length": 5461, "camera_aspect": 74523.0}, "model": "app.datarelation", "pk": 27}, {"fields": {"name": "", "one_way": false, "cameraPoint2": 60, "cameraPoint1": 59, "alt_path": "{\"path\":[{\"k\":13.84613,\"B\":100.5725},{\"k\":13.847330000000001,\"B\":100.57249},{\"k\":13.848270000000001,\"B\":100.5725},{\"k\":13.8495,\"B\":100.57251000000001},{\"k\":13.8504,\"B\":100.57249}],\"distance\":{\"text\":\"0.5 km\",\"value\":475},\"summary\":\"\u0e0b\u0e2d\u0e22 \u0e2a\u0e38\u0e27\u0e23\u0e23\u0e13\u0e27\u0e32\u0e08\u0e01\u0e01\u0e2a\u0e34\u0e01\u0e34\u0e08\"}", "camera": 14, "path": "{\"path\":[{\"k\":13.8504,\"B\":100.57258},{\"k\":13.84801,\"B\":100.57257000000001},{\"k\":13.84613,\"B\":100.57257000000001}],\"distance\":{\"text\":\"0.5 km\",\"value\":476},\"summary\":\"\u0e0b\u0e2d\u0e22 \u0e2a\u0e38\u0e27\u0e23\u0e23\u0e13\u0e27\u0e32\u0e08\u0e01\u0e01\u0e2a\u0e34\u0e01\u0e34\u0e08\"}", "camera_length": 345343, "camera_aspect": 5434345.0}, "model": "app.datarelation", "pk": 28}, {"fields": {"name": "", "one_way": true, "cameraPoint2": 74, "cameraPoint1": 73, "alt_path": "", "camera": 15, "path": "{\"path\":[{\"k\":13.846580000000001,\"B\":100.57057},{\"k\":13.849000000000002,\"B\":100.57058},{\"k\":13.850530000000001,\"B\":100.57052}],\"distance\":{\"text\":\"0.4 km\",\"value\":440},\"summary\":\"\u0e0b\u0e2d\u0e22 \u0e0a\u0e39\u0e0a\u0e32\u0e15\u0e34\u0e01\u0e33\u0e20\u0e39\"}", "camera_length": 555453445, "camera_aspect": 455454645.0}, "model": "app.datarelation", "pk": 29}, {"fields": {"name": "", "one_way": true, "cameraPoint2": 76, "cameraPoint1": 75, "alt_path": "", "camera": 16, "path": "{\"path\":[{\"k\":13.847090000000001,\"B\":100.56815},{\"k\":13.846960000000001,\"B\":100.56871000000001},{\"k\":13.846580000000001,\"B\":100.57057}],\"distance\":{\"text\":\"0.3 km\",\"value\":268},\"summary\":\"\u0e0b\u0e2d\u0e22 \u0e0a\u0e39\u0e0a\u0e32\u0e15\u0e34\u0e01\u0e33\u0e20\u0e39\"}", "camera_length": 574554, "camera_aspect": 55645.0}, "model": "app.datarelation", "pk": 30}, {"fields": {"name": "", "one_way": false, "cameraPoint2": 80, "cameraPoint1": 79, "alt_path": "{\"path\":[{\"k\":13.84448,\"B\":100.56841000000001},{\"k\":13.843580000000001,\"B\":100.57006000000001}],\"distance\":{\"text\":\"0.2 km\",\"value\":205},\"summary\":\"\u0e0b\u0e2d\u0e22 \u0e08\u0e31\u0e19\u0e17\u0e23\u0e2a\u0e16\u0e34\u0e15\u0e22\u0e4c\"}", "camera": 17, "path": "{\"path\":[{\"k\":13.8435,\"B\":100.57001000000001},{\"k\":13.8444,\"B\":100.56836000000001}],\"distance\":{\"text\":\"0.2 km\",\"value\":204},\"summary\":\"\u0e0b\u0e2d\u0e22 \u0e08\u0e31\u0e19\u0e17\u0e23\u0e2a\u0e16\u0e34\u0e15\u0e22\u0e4c\"}", "camera_length": 2452455, "camera_aspect": 664564564.0}, "model": "app.datarelation", "pk": 31}, {"fields": {"name": "", "one_way": true, "cameraPoint2": 82, "cameraPoint1": 81, "alt_path": "", "camera": 18, "path": "{\"path\":[{\"k\":13.8435,\"B\":100.57001000000001},{\"k\":13.84401,\"B\":100.57035},{\"k\":13.844180000000001,\"B\":100.57043},{\"k\":13.844310000000002,\"B\":100.57044},{\"k\":13.845960000000002,\"B\":100.57045000000001},{\"k\":13.8466,\"B\":100.57044},{\"k\":13.846580000000001,\"B\":100.57057}],\"distance\":{\"text\":\"0.4 km\",\"value\":372},\"summary\":\"\u0e0b\u0e2d\u0e22 \u0e0a\u0e39\u0e0a\u0e32\u0e15\u0e34\u0e01\u0e33\u0e20\u0e39\"}", "camera_length": 40, "camera_aspect": 0.5}, "model": "app.datarelation", "pk": 32}, {"fields": {"status": "SUCCESS", "task_id": "dc0c51c5-6021-4745-8d67-3e94a198a039", "date_done": "2015-03-30T14:59:51.113Z", "traceback": null, "meta": "eJxrYKotZIzgYGBgSM7IzEkpSs2LLdYDADylBhk=", "result": null, "hidden": false}, "model": "djcelery.taskmeta", "pk": 1}, {"fields": {"status": "SUCCESS", "task_id": "97e25120-9a08-439e-b66c-e7209be1cb6d", "date_done": "2015-03-30T14:59:58.546Z", "traceback": null, "meta": "eJxrYKotZIzgYGBgSM7IzEkpSs2LLdYDADylBhk=", "result": null, "hidden": false}, "model": "djcelery.taskmeta", "pk": 2}, {"fields": {"status": "SUCCESS", "task_id": "cd333e9a-c7a9-4993-96c3-b147cd18d7b5", "date_done": "2015-03-30T15:03:55Z", "traceback": null, "meta": "eJxrYKotZIzgYGBgSM7IzEkpSs2LLdYDADylBhk=", "result": null, "hidden": false}, "model": "djcelery.taskmeta", "pk": 3}, {"fields": {"status": "SUCCESS", "task_id": "bb57bb48-fda3-4c8f-a55f-9540a87ed202", "date_done": "2015-03-30T15:04:18.827Z", "traceback": null, "meta": "eJxrYKotZIzgYGBgSM7IzEkpSs2LLdYDADylBhk=", "result": null, "hidden": false}, "model": "djcelery.taskmeta", "pk": 4}, {"fields": {"status": "SUCCESS", "task_id": "0c77efcc-d9da-4ebb-972c-c6a0130fcd34", "date_done": "2015-03-30T15:43:08.933Z", "traceback": null, "meta": "eJxrYKotZIzgYGBgSM7IzEkpSs2LLdYDADylBhk=", "result": null, "hidden": false}, "model": "djcelery.taskmeta", "pk": 5}, {"fields": {"status": "SUCCESS", "task_id": "0c9753ad-91ab-4f19-994f-70e603872e8b", "date_done": "2015-03-30T15:43:25.400Z", "traceback": null, "meta": "eJxrYKotZIzgYGBgSM7IzEkpSs2LLdYDADylBhk=", "result": null, "hidden": false}, "model": "djcelery.taskmeta", "pk": 6}, {"fields": {"status": "SUCCESS", "task_id": "63d1111a-59d8-4464-8487-e163209b3596", "date_done": "2015-04-09T16:50:20.765Z", "traceback": null, "meta": "eJxrYKotZIzgYGBgSM7IzEkpSs2LLdYDADylBhk=", "result": null, "hidden": false}, "model": "djcelery.taskmeta", "pk": 7}, {"fields": {"status": "SUCCESS", "task_id": "68ee68cc-b785-48e9-80ac-3a2306d9f7cc", "date_done": "2015-04-09T16:50:23.843Z", "traceback": null, "meta": "eJxrYKotZIzgYGBgSM7IzEkpSs2LLdYDADylBhk=", "result": null, "hidden": false}, "model": "djcelery.taskmeta", "pk": 8}, {"fields": {"status": "SUCCESS", "task_id": "aa36e42a-1216-4aca-ad4d-c10a81dec07f", "date_done": "2015-04-09T16:49:14.794Z", "traceback": null, "meta": "eJxrYKotZIzgYGBgSM7IzEkpSs2LLdYDADylBhk=", "result": null, "hidden": false}, "model": "djcelery.taskmeta", "pk": 9}, {"fields": {"status": "SUCCESS", "task_id": "d5609cda-d0d5-403f-9def-c05a2ba04370", "date_done": "2015-04-09T16:49:29.821Z", "traceback": null, "meta": "eJxrYKotZIzgYGBgSM7IzEkpSs2LLdYDADylBhk=", "result": null, "hidden": false}, "model": "djcelery.taskmeta", "pk": 10}, {"fields": {"status": "SUCCESS", "task_id": "269cdeb9-c247-4f7f-8f35-49781f244d8d", "date_done": "2015-04-09T16:49:34.828Z", "traceback": null, "meta": "eJxrYKotZIzgYGBgSM7IzEkpSs2LLdYDADylBhk=", "result": null, "hidden": false}, "model": "djcelery.taskmeta", "pk": 11}, {"fields": {"status": "SUCCESS", "task_id": "6adb792a-0273-4924-9216-25a1ca918d08", "date_done": "2015-04-09T16:55:10.183Z", "traceback": null, "meta": "eJxrYKotZIzgYGBgSM7IzEkpSs2LLdYDADylBhk=", "result": null, "hidden": false}, "model": "djcelery.taskmeta", "pk": 12}, {"fields": {"status": "SUCCESS", "task_id": "d0531c4e-fd97-4a4d-8a2e-5e1af2aaadc2", "date_done": "2015-04-09T16:55:15.314Z", "traceback": null, "meta": "eJxrYKotZIzgYGBgSM7IzEkpSs2LLdYDADylBhk=", "result": null, "hidden": false}, "model": "djcelery.taskmeta", "pk": 13}, {"fields": {"status": "SUCCESS", "task_id": "93012664-38ba-45f7-9bd3-7cd0c83ba8a9", "date_done": "2015-04-09T16:55:17.103Z", "traceback": null, "meta": "eJxrYKotZIzgYGBgSM7IzEkpSs2LLdYDADylBhk=", "result": null, "hidden": false}, "model": "djcelery.taskmeta", "pk": 14}, {"fields": {"status": "SUCCESS", "task_id": "3b47b01e-89d0-4a5c-99dd-27d8569c86d3", "date_done": "2015-04-09T16:58:54.876Z", "traceback": null, "meta": "eJxrYKotZIzgYGBgSM7IzEkpSs2LLdYDADylBhk=", "result": null, "hidden": false}, "model": "djcelery.taskmeta", "pk": 15}, {"fields": {"status": "SUCCESS", "task_id": "0698f17b-cea0-4783-8957-cfbded5453b6", "date_done": "2015-04-09T17:04:00.988Z", "traceback": null, "meta": "eJxrYKotZIzgYGBgSM7IzEkpSs2LLdYDADylBhk=", "result": null, "hidden": false}, "model": "djcelery.taskmeta", "pk": 16}, {"fields": {"status": "SUCCESS", "task_id": "aa3f39a6-be08-4a22-b708-0d68c31387b4", "date_done": "2015-04-09T17:04:05.781Z", "traceback": null, "meta": "eJxrYKotZIzgYGBgSM7IzEkpSs2LLdYDADylBhk=", "result": null, "hidden": false}, "model": "djcelery.taskmeta", "pk": 17}, {"fields": {"status": "SUCCESS", "task_id": "0f1bfc55-ddde-4fea-a7fe-e23e599bc253", "date_done": "2015-04-09T17:05:32.797Z", "traceback": null, "meta": "eJxrYKotZIzgYGBgSM7IzEkpSs2LLdYDADylBhk=", "result": null, "hidden": false}, "model": "djcelery.taskmeta", "pk": 18}, {"fields": {"status": "SUCCESS", "task_id": "e312a0dd-3976-4aec-80cc-709c5eaeb00a", "date_done": "2015-04-09T17:05:39.610Z", "traceback": null, "meta": "eJxrYKotZIzgYGBgSM7IzEkpSs2LLdYDADylBhk=", "result": null, "hidden": false}, "model": "djcelery.taskmeta", "pk": 19}, {"fields": {"status": "SUCCESS", "task_id": "7b8f5972-3b88-43ed-9211-7e905cfdc7fc", "date_done": "2015-04-09T17:09:42.504Z", "traceback": null, "meta": "eJxrYKotZIzgYGBgSM7IzEkpSs2LLdYDADylBhk=", "result": null, "hidden": false}, "model": "djcelery.taskmeta", "pk": 20}, {"fields": {"status": "SUCCESS", "task_id": "1492bcd4-002f-451f-8a25-3e56fa3184ad", "date_done": "2015-04-09T17:09:49.518Z", "traceback": null, "meta": "eJxrYKotZIzgYGBgSM7IzEkpSs2LLdYDADylBhk=", "result": null, "hidden": false}, "model": "djcelery.taskmeta", "pk": 21}, {"fields": {"status": "SUCCESS", "task_id": "687f45d8-4862-4f23-8310-f4aaeaad0804", "date_done": "2015-04-09T18:19:44.083Z", "traceback": null, "meta": "eJxrYKotZIzgYGBgSM7IzEkpSs2LLdYDADylBhk=", "result": null, "hidden": false}, "model": "djcelery.taskmeta", "pk": 22}, {"fields": {"status": "SUCCESS", "task_id": "824e2fb4-c8f1-46a1-b70b-4aafe1df0b94", "date_done": "2015-04-09T18:23:59.736Z", "traceback": null, "meta": "eJxrYKotZIzgYGBgSM7IzEkpSs2LLdYDADylBhk=", "result": null, "hidden": false}, "model": "djcelery.taskmeta", "pk": 23}, {"fields": {"status": "SUCCESS", "task_id": "eca9c7fc-444d-44db-92a0-492888b326e2", "date_done": "2015-04-19T14:11:24.471Z", "traceback": null, "meta": "eJxrYKotZIzgYGBgSM7IzEkpSs2LLdYDADylBhk=", "result": null, "hidden": false}, "model": "djcelery.taskmeta", "pk": 24}, {"fields": {"status": "SUCCESS", "task_id": "aa30d440-3bb3-49c9-800d-e98a928871b3", "date_done": "2015-04-19T14:14:40.833Z", "traceback": null, "meta": "eJxrYKotZIzgYGBgSM7IzEkpSs2LLdYDADylBhk=", "result": null, "hidden": false}, "model": "djcelery.taskmeta", "pk": 25}, {"fields": {"status": "SUCCESS", "task_id": "3758d072-29a2-44fd-ba93-67048e91e2a2", "date_done": "2015-04-19T14:23:36.768Z", "traceback": null, "meta": "eJxrYKotZIzgYGBgSM7IzEkpSs2LLdYDADylBhk=", "result": null, "hidden": false}, "model": "djcelery.taskmeta", "pk": 26}, {"fields": {"status": "SUCCESS", "task_id": "202b3961-9b23-41d5-8c92-fbf28de981ed", "date_done": "2015-04-19T14:29:18.512Z", "traceback": null, "meta": "eJxrYKotZIzgYGBgSM7IzEkpSs2LLdYDADylBhk=", "result": null, "hidden": false}, "model": "djcelery.taskmeta", "pk": 27}, {"fields": {"status": "FAILURE", "task_id": "7c10ec3f-2eb1-4318-94e7-6b448a60ac6c", "date_done": "2015-04-19T14:43:54.553Z", "traceback": "Traceback (most recent call last):\n  File \"/opt/local/Library/Frameworks/Python.framework/Versions/2.7/lib/python2.7/site-packages/celery/app/trace.py\", line 240, in trace_task\n    R = retval = fun(*args, **kwargs)\n  File \"/opt/local/Library/Frameworks/Python.framework/Versions/2.7/lib/python2.7/site-packages/celery/app/trace.py\", line 438, in __protected_call__\n    return self.run(*args, **kwargs)\n  File \"/Users/kunato/final_project/server/app/tasks.py\", line 22, in process\n    dataRelation = DataRelation.objects.get(camera=video.camera)\n  File \"/opt/local/Library/Frameworks/Python.framework/Versions/2.7/lib/python2.7/site-packages/django/db/models/manager.py\", line 92, in manager_method\n    return getattr(self.get_queryset(), name)(*args, **kwargs)\n  File \"/opt/local/Library/Frameworks/Python.framework/Versions/2.7/lib/python2.7/site-packages/django/db/models/query.py\", line 357, in get\n    self.model._meta.object_name)\nDoesNotExist: DataRelation matching query does not exist.\n", "meta": "eJxrYKotZIzgYGBgSM7IzEkpSs2LLdYDADylBhk=", "result": "gAJjZGphbmdvLmRiLm1vZGVscy5iYXNlCnVucGlja2xlX2lubmVyX2V4Y2VwdGlvbgpxAWNhcHAubW9kZWxzCkRhdGFSZWxhdGlvbgpxAlUMRG9lc05vdEV4aXN0cQOGUnEEVStEYXRhUmVsYXRpb24gbWF0Y2hpbmcgcXVlcnkgZG9lcyBub3QgZXhpc3QuhXEFYi4=", "hidden": false}, "model": "djcelery.taskmeta", "pk": 28}, {"fields": {"status": "SUCCESS", "task_id": "2c6f83aa-9211-4ab8-afd6-08aeda48e695", "date_done": "2015-04-19T14:47:16.709Z", "traceback": null, "meta": "eJxrYKotZIzgYGBgSM7IzEkpSs2LLdYDADylBhk=", "result": null, "hidden": false}, "model": "djcelery.taskmeta", "pk": 29}, {"fields": {"status": "SUCCESS", "task_id": "45faac5c-fc43-4e74-b0b3-16035bcb769d", "date_done": "2015-04-19T14:47:16.706Z", "traceback": null, "meta": "eJxrYKotZIzgYGBgSM7IzEkpSs2LLdYDADylBhk=", "result": null, "hidden": false}, "model": "djcelery.taskmeta", "pk": 30}, {"fields": {"status": "FAILURE", "task_id": "1d0c2f66-944e-46b5-9660-ceeaa34f153e", "date_done": "2015-04-19T14:51:51.992Z", "traceback": "Traceback (most recent call last):\n  File \"/opt/local/Library/Frameworks/Python.framework/Versions/2.7/lib/python2.7/site-packages/celery/app/trace.py\", line 240, in trace_task\n    R = retval = fun(*args, **kwargs)\n  File \"/opt/local/Library/Frameworks/Python.framework/Versions/2.7/lib/python2.7/site-packages/celery/app/trace.py\", line 438, in __protected_call__\n    return self.run(*args, **kwargs)\n  File \"/Users/kunato/final_project/server/app/tasks.py\", line 22, in process\n    dataRelation = DataRelation.objects.get(camera=video.camera)\n  File \"/opt/local/Library/Frameworks/Python.framework/Versions/2.7/lib/python2.7/site-packages/django/db/models/manager.py\", line 92, in manager_method\n    return getattr(self.get_queryset(), name)(*args, **kwargs)\n  File \"/opt/local/Library/Frameworks/Python.framework/Versions/2.7/lib/python2.7/site-packages/django/db/models/query.py\", line 357, in get\n    self.model._meta.object_name)\nDoesNotExist: DataRelation matching query does not exist.\n", "meta": "eJxrYKotZIzgYGBgSM7IzEkpSs2LLdYDADylBhk=", "result": "gAJjZGphbmdvLmRiLm1vZGVscy5iYXNlCnVucGlja2xlX2lubmVyX2V4Y2VwdGlvbgpxAWNhcHAubW9kZWxzCkRhdGFSZWxhdGlvbgpxAlUMRG9lc05vdEV4aXN0cQOGUnEEVStEYXRhUmVsYXRpb24gbWF0Y2hpbmcgcXVlcnkgZG9lcyBub3QgZXhpc3QuhXEFYi4=", "hidden": false}, "model": "djcelery.taskmeta", "pk": 31}, {"fields": {"status": "FAILURE", "task_id": "4bf3bb5d-dfe4-402f-b37e-75ef12dc917b", "date_done": "2015-04-19T14:53:22.108Z", "traceback": "Traceback (most recent call last):\n  File \"/opt/local/Library/Frameworks/Python.framework/Versions/2.7/lib/python2.7/site-packages/celery/app/trace.py\", line 240, in trace_task\n    R = retval = fun(*args, **kwargs)\n  File \"/opt/local/Library/Frameworks/Python.framework/Versions/2.7/lib/python2.7/site-packages/celery/app/trace.py\", line 438, in __protected_call__\n    return self.run(*args, **kwargs)\n  File \"/Users/kunato/final_project/server/app/tasks.py\", line 22, in process\n    #get data\n  File \"/opt/local/Library/Frameworks/Python.framework/Versions/2.7/lib/python2.7/site-packages/django/db/models/manager.py\", line 92, in manager_method\n    return getattr(self.get_queryset(), name)(*args, **kwargs)\n  File \"/opt/local/Library/Frameworks/Python.framework/Versions/2.7/lib/python2.7/site-packages/django/db/models/query.py\", line 357, in get\n    self.model._meta.object_name)\nDoesNotExist: DataRelation matching query does not exist.\n", "meta": "eJxrYKotZIzgYGBgSM7IzEkpSs2LLdYDADylBhk=", "result": "gAJjZGphbmdvLmRiLm1vZGVscy5iYXNlCnVucGlja2xlX2lubmVyX2V4Y2VwdGlvbgpxAWNhcHAubW9kZWxzCkRhdGFSZWxhdGlvbgpxAlUMRG9lc05vdEV4aXN0cQOGUnEEVStEYXRhUmVsYXRpb24gbWF0Y2hpbmcgcXVlcnkgZG9lcyBub3QgZXhpc3QuhXEFYi4=", "hidden": false}, "model": "djcelery.taskmeta", "pk": 32}, {"fields": {"status": "SUCCESS", "task_id": "aa182ecc-00fb-4d68-9b43-b40eb16aa1a0", "date_done": "2015-04-19T14:54:27.514Z", "traceback": null, "meta": "eJxrYKotZIzgYGBgSM7IzEkpSs2LLdYDADylBhk=", "result": null, "hidden": false}, "model": "djcelery.taskmeta", "pk": 33}, {"fields": {"status": "FAILURE", "task_id": "288a74cc-c048-4211-94a6-f4ff5af43d1d", "date_done": "2015-04-19T14:55:17.533Z", "traceback": "Traceback (most recent call last):\n  File \"/opt/local/Library/Frameworks/Python.framework/Versions/2.7/lib/python2.7/site-packages/celery/app/trace.py\", line 240, in trace_task\n    R = retval = fun(*args, **kwargs)\n  File \"/opt/local/Library/Frameworks/Python.framework/Versions/2.7/lib/python2.7/site-packages/celery/app/trace.py\", line 438, in __protected_call__\n    return self.run(*args, **kwargs)\n  File \"/Users/kunato/final_project/server/app/tasks.py\", line 23, in process\n    dataRelation = DataRelation.objects.get(camera=video.camera)\n  File \"/opt/local/Library/Frameworks/Python.framework/Versions/2.7/lib/python2.7/site-packages/django/db/models/manager.py\", line 92, in manager_method\n    return getattr(self.get_queryset(), name)(*args, **kwargs)\n  File \"/opt/local/Library/Frameworks/Python.framework/Versions/2.7/lib/python2.7/site-packages/django/db/models/query.py\", line 357, in get\n    self.model._meta.object_name)\nDoesNotExist: DataRelation matching query does not exist.\n", "meta": "eJxrYKotZIzgYGBgSM7IzEkpSs2LLdYDADylBhk=", "result": "gAJjZGphbmdvLmRiLm1vZGVscy5iYXNlCnVucGlja2xlX2lubmVyX2V4Y2VwdGlvbgpxAWNhcHAubW9kZWxzCkRhdGFSZWxhdGlvbgpxAlUMRG9lc05vdEV4aXN0cQOGUnEEVStEYXRhUmVsYXRpb24gbWF0Y2hpbmcgcXVlcnkgZG9lcyBub3QgZXhpc3QuhXEFYi4=", "hidden": false}, "model": "djcelery.taskmeta", "pk": 34}, {"fields": {"status": "SUCCESS", "task_id": "2b8626db-dc15-49ab-b046-923f8ad91b4c", "date_done": "2015-04-19T14:56:27.680Z", "traceback": null, "meta": "eJxrYKotZIzgYGBgSM7IzEkpSs2LLdYDADylBhk=", "result": null, "hidden": false}, "model": "djcelery.taskmeta", "pk": 35}, {"fields": {"status": "FAILURE", "task_id": "ca895c11-f4da-4b45-b4bd-6a459323c13f", "date_done": "2015-04-19T14:56:32.628Z", "traceback": "Traceback (most recent call last):\n  File \"/opt/local/Library/Frameworks/Python.framework/Versions/2.7/lib/python2.7/site-packages/celery/app/trace.py\", line 240, in trace_task\n    R = retval = fun(*args, **kwargs)\n  File \"/opt/local/Library/Frameworks/Python.framework/Versions/2.7/lib/python2.7/site-packages/celery/app/trace.py\", line 438, in __protected_call__\n    return self.run(*args, **kwargs)\n  File \"/Users/kunato/final_project/server/app/tasks.py\", line 23, in process\n    dataRelation = DataRelation.objects.get(camera=video.camera)\n  File \"/opt/local/Library/Frameworks/Python.framework/Versions/2.7/lib/python2.7/site-packages/django/db/models/manager.py\", line 92, in manager_method\n    return getattr(self.get_queryset(), name)(*args, **kwargs)\n  File \"/opt/local/Library/Frameworks/Python.framework/Versions/2.7/lib/python2.7/site-packages/django/db/models/query.py\", line 357, in get\n    self.model._meta.object_name)\nDoesNotExist: DataRelation matching query does not exist.\n", "meta": "eJxrYKotZIzgYGBgSM7IzEkpSs2LLdYDADylBhk=", "result": "gAJjZGphbmdvLmRiLm1vZGVscy5iYXNlCnVucGlja2xlX2lubmVyX2V4Y2VwdGlvbgpxAWNhcHAubW9kZWxzCkRhdGFSZWxhdGlvbgpxAlUMRG9lc05vdEV4aXN0cQOGUnEEVStEYXRhUmVsYXRpb24gbWF0Y2hpbmcgcXVlcnkgZG9lcyBub3QgZXhpc3QuhXEFYi4=", "hidden": false}, "model": "djcelery.taskmeta", "pk": 36}, {"fields": {"status": "SUCCESS", "task_id": "b9f62c91-a110-4e3b-b93d-a1f931d8f93a", "date_done": "2015-04-19T15:12:21.614Z", "traceback": null, "meta": "eJxrYKotZIzgYGBgSM7IzEkpSs2LLdYDADylBhk=", "result": null, "hidden": false}, "model": "djcelery.taskmeta", "pk": 37}, {"fields": {"status": "SUCCESS", "task_id": "3ed8dbd1-b7e2-46aa-85de-607e8345803e", "date_done": "2015-04-19T15:17:24.315Z", "traceback": null, "meta": "eJxrYKotZIzgYGBgSM7IzEkpSs2LLdYDADylBhk=", "result": null, "hidden": false}, "model": "djcelery.taskmeta", "pk": 38}, {"fields": {"status": "FAILURE", "task_id": "d2c7fb8b-766a-4d3f-be61-4286c3fb718c", "date_done": "2015-04-19T15:18:44.379Z", "traceback": "Traceback (most recent call last):\n  File \"/opt/local/Library/Frameworks/Python.framework/Versions/2.7/lib/python2.7/site-packages/celery/app/trace.py\", line 240, in trace_task\n    R = retval = fun(*args, **kwargs)\n  File \"/opt/local/Library/Frameworks/Python.framework/Versions/2.7/lib/python2.7/site-packages/celery/app/trace.py\", line 438, in __protected_call__\n    return self.run(*args, **kwargs)\n  File \"/Users/kunato/final_project/server/app/tasks.py\", line 25, in process\n    tracking.process(video,dataRelation)\n  File \"/Users/kunato/final_project/server/app/tracking.py\", line 100, in process\n    startdate = dateutil.parser.parse(video.start_time)\n  File \"/opt/local/Library/Frameworks/Python.framework/Versions/2.7/lib/python2.7/site-packages/dateutil/parser.py\", line 748, in parse\n    return DEFAULTPARSER.parse(timestr, **kwargs)\n  File \"/opt/local/Library/Frameworks/Python.framework/Versions/2.7/lib/python2.7/site-packages/dateutil/parser.py\", line 310, in parse\n    res, skipped_tokens = self._parse(timestr, **kwargs)\n  File \"/opt/local/Library/Frameworks/Python.framework/Versions/2.7/lib/python2.7/site-packages/dateutil/parser.py\", line 366, in _parse\n    l = _timelex.split(timestr)\n  File \"/opt/local/Library/Frameworks/Python.framework/Versions/2.7/lib/python2.7/site-packages/dateutil/parser.py\", line 150, in split\n    return list(cls(s))\n  File \"/opt/local/Library/Frameworks/Python.framework/Versions/2.7/lib/python2.7/site-packages/dateutil/parser.py\", line 147, in next\n    return self.__next__()  # Python 2.x support\n  File \"/opt/local/Library/Frameworks/Python.framework/Versions/2.7/lib/python2.7/site-packages/dateutil/parser.py\", line 141, in __next__\n    token = self.get_token()\n  File \"/opt/local/Library/Frameworks/Python.framework/Versions/2.7/lib/python2.7/site-packages/dateutil/parser.py\", line 72, in get_token\n    nextchar = self.instream.read(1)\nAttributeError: 'datetime.datetime' object has no attribute 'read'\n", "meta": "eJxrYKotZIzgYGBgSM7IzEkpSs2LLdYDADylBhk=", "result": "gAJjZXhjZXB0aW9ucwpBdHRyaWJ1dGVFcnJvcgpxAVUyJ2RhdGV0aW1lLmRhdGV0aW1lJyBvYmplY3QgaGFzIG5vIGF0dHJpYnV0ZSAncmVhZCdxAoVxA1JxBC4=", "hidden": false}, "model": "djcelery.taskmeta", "pk": 39}, {"fields": {"status": "FAILURE", "task_id": "87c24a9c-34be-4388-9706-dbd9bdad7f5b", "date_done": "2015-04-19T15:23:34.726Z", "traceback": "Traceback (most recent call last):\n  File \"/opt/local/Library/Frameworks/Python.framework/Versions/2.7/lib/python2.7/site-packages/celery/app/trace.py\", line 240, in trace_task\n    R = retval = fun(*args, **kwargs)\n  File \"/opt/local/Library/Frameworks/Python.framework/Versions/2.7/lib/python2.7/site-packages/celery/app/trace.py\", line 438, in __protected_call__\n    return self.run(*args, **kwargs)\n  File \"/Users/kunato/final_project/server/app/tasks.py\", line 25, in process\n    tracking.process(video,dataRelation)\n  File \"/Users/kunato/final_project/server/app/tracking.py\", line 100, in process\n    startdate = dateutil.parser.parse(video.start_time)\n  File \"/opt/local/Library/Frameworks/Python.framework/Versions/2.7/lib/python2.7/site-packages/dateutil/parser.py\", line 748, in parse\n    return DEFAULTPARSER.parse(timestr, **kwargs)\n  File \"/opt/local/Library/Frameworks/Python.framework/Versions/2.7/lib/python2.7/site-packages/dateutil/parser.py\", line 310, in parse\n    res, skipped_tokens = self._parse(timestr, **kwargs)\n  File \"/opt/local/Library/Frameworks/Python.framework/Versions/2.7/lib/python2.7/site-packages/dateutil/parser.py\", line 366, in _parse\n    l = _timelex.split(timestr)\n  File \"/opt/local/Library/Frameworks/Python.framework/Versions/2.7/lib/python2.7/site-packages/dateutil/parser.py\", line 150, in split\n    return list(cls(s))\n  File \"/opt/local/Library/Frameworks/Python.framework/Versions/2.7/lib/python2.7/site-packages/dateutil/parser.py\", line 147, in next\n    return self.__next__()  # Python 2.x support\n  File \"/opt/local/Library/Frameworks/Python.framework/Versions/2.7/lib/python2.7/site-packages/dateutil/parser.py\", line 141, in __next__\n    token = self.get_token()\n  File \"/opt/local/Library/Frameworks/Python.framework/Versions/2.7/lib/python2.7/site-packages/dateutil/parser.py\", line 72, in get_token\n    nextchar = self.instream.read(1)\nAttributeError: 'datetime.datetime' object has no attribute 'read'\n", "meta": "eJxrYKotZIzgYGBgSM7IzEkpSs2LLdYDADylBhk=", "result": "gAJjZXhjZXB0aW9ucwpBdHRyaWJ1dGVFcnJvcgpxAVUyJ2RhdGV0aW1lLmRhdGV0aW1lJyBvYmplY3QgaGFzIG5vIGF0dHJpYnV0ZSAncmVhZCdxAoVxA1JxBC4=", "hidden": false}, "model": "djcelery.taskmeta", "pk": 40}, {"fields": {"status": "FAILURE", "task_id": "3b972b89-8bdf-4d1b-89fa-737aaa6cb053", "date_done": "2015-04-19T15:26:12.890Z", "traceback": "Traceback (most recent call last):\n  File \"/opt/local/Library/Frameworks/Python.framework/Versions/2.7/lib/python2.7/site-packages/celery/app/trace.py\", line 240, in trace_task\n    R = retval = fun(*args, **kwargs)\n  File \"/opt/local/Library/Frameworks/Python.framework/Versions/2.7/lib/python2.7/site-packages/celery/app/trace.py\", line 438, in __protected_call__\n    return self.run(*args, **kwargs)\n  File \"/Users/kunato/final_project/server/app/tasks.py\", line 25, in process\n    tracking.process(video,dataRelation)\n  File \"/Users/kunato/final_project/server/app/tracking.py\", line 101, in process\n    startdate = dateutil.parser.parse(video.start_time)\n  File \"/opt/local/Library/Frameworks/Python.framework/Versions/2.7/lib/python2.7/site-packages/dateutil/parser.py\", line 748, in parse\n    return DEFAULTPARSER.parse(timestr, **kwargs)\n  File \"/opt/local/Library/Frameworks/Python.framework/Versions/2.7/lib/python2.7/site-packages/dateutil/parser.py\", line 310, in parse\n    res, skipped_tokens = self._parse(timestr, **kwargs)\n  File \"/opt/local/Library/Frameworks/Python.framework/Versions/2.7/lib/python2.7/site-packages/dateutil/parser.py\", line 366, in _parse\n    l = _timelex.split(timestr)\n  File \"/opt/local/Library/Frameworks/Python.framework/Versions/2.7/lib/python2.7/site-packages/dateutil/parser.py\", line 150, in split\n    return list(cls(s))\n  File \"/opt/local/Library/Frameworks/Python.framework/Versions/2.7/lib/python2.7/site-packages/dateutil/parser.py\", line 147, in next\n    return self.__next__()  # Python 2.x support\n  File \"/opt/local/Library/Frameworks/Python.framework/Versions/2.7/lib/python2.7/site-packages/dateutil/parser.py\", line 141, in __next__\n    token = self.get_token()\n  File \"/opt/local/Library/Frameworks/Python.framework/Versions/2.7/lib/python2.7/site-packages/dateutil/parser.py\", line 72, in get_token\n    nextchar = self.instream.read(1)\nAttributeError: 'datetime.datetime' object has no attribute 'read'\n", "meta": "eJxrYKotZIzgYGBgSM7IzEkpSs2LLdYDADylBhk=", "result": "gAJjZXhjZXB0aW9ucwpBdHRyaWJ1dGVFcnJvcgpxAVUyJ2RhdGV0aW1lLmRhdGV0aW1lJyBvYmplY3QgaGFzIG5vIGF0dHJpYnV0ZSAncmVhZCdxAoVxA1JxBC4=", "hidden": false}, "model": "djcelery.taskmeta", "pk": 41}, {"fields": {"status": "FAILURE", "task_id": "2bf4069c-6490-4e26-a3e3-530dcd0fb250", "date_done": "2015-04-19T15:28:12.679Z", "traceback": "Traceback (most recent call last):\n  File \"/opt/local/Library/Frameworks/Python.framework/Versions/2.7/lib/python2.7/site-packages/celery/app/trace.py\", line 240, in trace_task\n    R = retval = fun(*args, **kwargs)\n  File \"/opt/local/Library/Frameworks/Python.framework/Versions/2.7/lib/python2.7/site-packages/celery/app/trace.py\", line 438, in __protected_call__\n    return self.run(*args, **kwargs)\n  File \"/Users/kunato/final_project/server/app/tasks.py\", line 25, in process\n    tracking.process(video,dataRelation)\n  File \"/Users/kunato/final_project/server/app/tracking.py\", line 140, in process\n    time = startdate + datetime.timedelta(seconds=(frame_no/VIDEO_FPS))\nTypeError: coercing to Unicode: need string or buffer, datetime.timedelta found\n", "meta": "eJxrYKotZIzgYGBgSM7IzEkpSs2LLdYDADylBhk=", "result": "gAJjZXhjZXB0aW9ucwpUeXBlRXJyb3IKcQFVRGNvZXJjaW5nIHRvIFVuaWNvZGU6IG5lZWQgc3RyaW5nIG9yIGJ1ZmZlciwgZGF0ZXRpbWUudGltZWRlbHRhIGZvdW5kcQKFcQNScQQu", "hidden": false}, "model": "djcelery.taskmeta", "pk": 42}, {"fields": {"status": "SUCCESS", "task_id": "e980c745-1ec9-446d-b41c-4cfa3b5af066", "date_done": "2015-04-19T15:30:21.992Z", "traceback": null, "meta": "eJxrYKotZIzgYGBgSM7IzEkpSs2LLdYDADylBhk=", "result": null, "hidden": false}, "model": "djcelery.taskmeta", "pk": 43}, {"fields": {"status": "FAILURE", "task_id": "24999b5b-a406-4580-a295-8c0205de0c76", "date_done": "2015-04-19T15:30:07.498Z", "traceback": "Traceback (most recent call last):\n  File \"/opt/local/Library/Frameworks/Python.framework/Versions/2.7/lib/python2.7/site-packages/celery/app/trace.py\", line 240, in trace_task\n    R = retval = fun(*args, **kwargs)\n  File \"/opt/local/Library/Frameworks/Python.framework/Versions/2.7/lib/python2.7/site-packages/celery/app/trace.py\", line 438, in __protected_call__\n    return self.run(*args, **kwargs)\n  File \"/Users/kunato/final_project/server/app/tasks.py\", line 25, in process\n    tracking.process(video,dataRelation)\n  File \"/Users/kunato/final_project/server/app/tracking.py\", line 101, in process\n    startdate = dateutil.parser.parse(video.start_time)\n  File \"/opt/local/Library/Frameworks/Python.framework/Versions/2.7/lib/python2.7/site-packages/dateutil/parser.py\", line 748, in parse\n    return DEFAULTPARSER.parse(timestr, **kwargs)\n  File \"/opt/local/Library/Frameworks/Python.framework/Versions/2.7/lib/python2.7/site-packages/dateutil/parser.py\", line 310, in parse\n    res, skipped_tokens = self._parse(timestr, **kwargs)\n  File \"/opt/local/Library/Frameworks/Python.framework/Versions/2.7/lib/python2.7/site-packages/dateutil/parser.py\", line 366, in _parse\n    l = _timelex.split(timestr)\n  File \"/opt/local/Library/Frameworks/Python.framework/Versions/2.7/lib/python2.7/site-packages/dateutil/parser.py\", line 150, in split\n    return list(cls(s))\n  File \"/opt/local/Library/Frameworks/Python.framework/Versions/2.7/lib/python2.7/site-packages/dateutil/parser.py\", line 147, in next\n    return self.__next__()  # Python 2.x support\n  File \"/opt/local/Library/Frameworks/Python.framework/Versions/2.7/lib/python2.7/site-packages/dateutil/parser.py\", line 141, in __next__\n    token = self.get_token()\n  File \"/opt/local/Library/Frameworks/Python.framework/Versions/2.7/lib/python2.7/site-packages/dateutil/parser.py\", line 72, in get_token\n    nextchar = self.instream.read(1)\nAttributeError: 'datetime.datetime' object has no attribute 'read'\n", "meta": "eJxrYKotZIzgYGBgSM7IzEkpSs2LLdYDADylBhk=", "result": "gAJjZXhjZXB0aW9ucwpBdHRyaWJ1dGVFcnJvcgpxAVUyJ2RhdGV0aW1lLmRhdGV0aW1lJyBvYmplY3QgaGFzIG5vIGF0dHJpYnV0ZSAncmVhZCdxAoVxA1JxBC4=", "hidden": false}, "model": "djcelery.taskmeta", "pk": 44}, {"fields": {"status": "SUCCESS", "task_id": "0d3a79da-e333-487b-8ce2-6d09704b5148", "date_done": "2015-04-19T15:31:07.635Z", "traceback": null, "meta": "eJxrYKotZIzgYGBgSM7IzEkpSs2LLdYDADylBhk=", "result": null, "hidden": false}, "model": "djcelery.taskmeta", "pk": 45}, {"fields": {"status": "FAILURE", "task_id": "b7e3da9a-7cfe-47d1-9b39-c9f938263686", "date_done": "2015-04-19T15:31:42.632Z", "traceback": "Traceback (most recent call last):\n  File \"/opt/local/Library/Frameworks/Python.framework/Versions/2.7/lib/python2.7/site-packages/celery/app/trace.py\", line 240, in trace_task\n    R = retval = fun(*args, **kwargs)\n  File \"/opt/local/Library/Frameworks/Python.framework/Versions/2.7/lib/python2.7/site-packages/celery/app/trace.py\", line 438, in __protected_call__\n    return self.run(*args, **kwargs)\n  File \"/Users/kunato/final_project/server/app/tasks.py\", line 25, in process\n    tracking.process(video,dataRelation)\n  File \"/Users/kunato/final_project/server/app/tracking.py\", line 101, in process\n    startdate = dateutil.parser.parse(video.start_time)\n  File \"/opt/local/Library/Frameworks/Python.framework/Versions/2.7/lib/python2.7/site-packages/dateutil/parser.py\", line 748, in parse\n    return DEFAULTPARSER.parse(timestr, **kwargs)\n  File \"/opt/local/Library/Frameworks/Python.framework/Versions/2.7/lib/python2.7/site-packages/dateutil/parser.py\", line 310, in parse\n    res, skipped_tokens = self._parse(timestr, **kwargs)\n  File \"/opt/local/Library/Frameworks/Python.framework/Versions/2.7/lib/python2.7/site-packages/dateutil/parser.py\", line 366, in _parse\n    l = _timelex.split(timestr)\n  File \"/opt/local/Library/Frameworks/Python.framework/Versions/2.7/lib/python2.7/site-packages/dateutil/parser.py\", line 150, in split\n    return list(cls(s))\n  File \"/opt/local/Library/Frameworks/Python.framework/Versions/2.7/lib/python2.7/site-packages/dateutil/parser.py\", line 147, in next\n    return self.__next__()  # Python 2.x support\n  File \"/opt/local/Library/Frameworks/Python.framework/Versions/2.7/lib/python2.7/site-packages/dateutil/parser.py\", line 141, in __next__\n    token = self.get_token()\n  File \"/opt/local/Library/Frameworks/Python.framework/Versions/2.7/lib/python2.7/site-packages/dateutil/parser.py\", line 72, in get_token\n    nextchar = self.instream.read(1)\nAttributeError: 'datetime.datetime' object has no attribute 'read'\n", "meta": "eJxrYKotZIzgYGBgSM7IzEkpSs2LLdYDADylBhk=", "result": "gAJjZXhjZXB0aW9ucwpBdHRyaWJ1dGVFcnJvcgpxAVUyJ2RhdGV0aW1lLmRhdGV0aW1lJyBvYmplY3QgaGFzIG5vIGF0dHJpYnV0ZSAncmVhZCdxAoVxA1JxBC4=", "hidden": false}, "model": "djcelery.taskmeta", "pk": 46}, {"fields": {"status": "SUCCESS", "task_id": "f6305017-2f4d-4845-9a3c-db33ff0d54e0", "date_done": "2015-04-19T15:34:59.710Z", "traceback": null, "meta": "eJxrYKotZIzgYGBgSM7IzEkpSs2LLdYDADylBhk=", "result": null, "hidden": false}, "model": "djcelery.taskmeta", "pk": 47}, {"fields": {"status": "SUCCESS", "task_id": "b92b2d84-54fb-450d-ae6b-468772459260", "date_done": "2015-04-19T15:35:09.683Z", "traceback": null, "meta": "eJxrYKotZIzgYGBgSM7IzEkpSs2LLdYDADylBhk=", "result": null, "hidden": false}, "model": "djcelery.taskmeta", "pk": 48}, {"fields": {"status": "SUCCESS", "task_id": "d3df3015-45f2-4014-96fb-44ef3cfe92ab", "date_done": "2015-04-19T15:37:18.216Z", "traceback": null, "meta": "eJxrYKotZIzgYGBgSM7IzEkpSs2LLdYDADylBhk=", "result": null, "hidden": false}, "model": "djcelery.taskmeta", "pk": 49}, {"fields": {"status": "SUCCESS", "task_id": "24f7c2e4-da31-48cc-96ec-bed76b0dc6cc", "date_done": "2015-04-20T06:39:45.298Z", "traceback": null, "meta": "eJxrYKotZIzgYGBgSM7IzEkpSs2LLdYDADylBhk=", "result": null, "hidden": false}, "model": "djcelery.taskmeta", "pk": 50}, {"fields": {"status": "SUCCESS", "task_id": "ff4d21d0-5e1c-4b9f-86b5-5e99d81e14a2", "date_done": "2015-04-20T06:39:45.267Z", "traceback": null, "meta": "eJxrYKotZIzgYGBgSM7IzEkpSs2LLdYDADylBhk=", "result": null, "hidden": false}, "model": "djcelery.taskmeta", "pk": 51}, {"fields": {"status": "SUCCESS", "task_id": "28245e6f-a763-4015-aaf0-44b6b294fd89", "date_done": "2015-04-20T06:45:02.074Z", "traceback": null, "meta": "eJxrYKotZIzgYGBgSM7IzEkpSs2LLdYDADylBhk=", "result": null, "hidden": false}, "model": "djcelery.taskmeta", "pk": 52}, {"fields": {"status": "SUCCESS", "task_id": "fdd3dfeb-67c0-4f1a-b55c-dc01a7602900", "date_done": "2015-04-20T06:48:58.593Z", "traceback": null, "meta": "eJxrYKotZIzgYGBgSM7IzEkpSs2LLdYDADylBhk=", "result": null, "hidden": false}, "model": "djcelery.taskmeta", "pk": 53}, {"fields": {"status": "SUCCESS", "task_id": "59944b67-0803-405b-bb55-4ea5d7a1b227", "date_done": "2015-04-29T02:47:59.476Z", "traceback": null, "meta": "eJxrYKotZIzgYGBgSM7IzEkpSs2LLdYDADylBhk=", "result": null, "hidden": false}, "model": "djcelery.taskmeta", "pk": 54}, {"fields": {"status": "SUCCESS", "task_id": "49120e81-37b8-4171-a76e-cf0fa46fad40", "date_done": "2015-04-29T02:49:36.537Z", "traceback": null, "meta": "eJxrYKotZIzgYGBgSM7IzEkpSs2LLdYDADylBhk=", "result": null, "hidden": false}, "model": "djcelery.taskmeta", "pk": 55}, {"fields": {"status": "SUCCESS", "task_id": "f151ebd8-c090-4325-b09a-efa9e3df94d6", "date_done": "2015-04-29T02:48:54.653Z", "traceback": null, "meta": "eJxrYKotZIzgYGBgSM7IzEkpSs2LLdYDADylBhk=", "result": null, "hidden": false}, "model": "djcelery.taskmeta", "pk": 56}, {"fields": {"status": "SUCCESS", "task_id": "3efd40ad-c38f-4896-a1dd-406a8b18d852", "date_done": "2015-04-29T02:51:11.729Z", "traceback": null, "meta": "eJxrYKotZIzgYGBgSM7IzEkpSs2LLdYDADylBhk=", "result": null, "hidden": false}, "model": "djcelery.taskmeta", "pk": 57}, {"fields": {"status": "SUCCESS", "task_id": "14514d6b-0425-49c7-a91e-bd427479519c", "date_done": "2015-04-29T03:35:06.773Z", "traceback": null, "meta": "eJxrYKotZIzgYGBgSM7IzEkpSs2LLdYDADylBhk=", "result": null, "hidden": false}, "model": "djcelery.taskmeta", "pk": 58}, {"fields": {"status": "SUCCESS", "task_id": "ea377533-3e0c-4f12-85fc-9e8b26f728e8", "date_done": "2015-04-29T03:35:23.243Z", "traceback": null, "meta": "eJxrYKotZIzgYGBgSM7IzEkpSs2LLdYDADylBhk=", "result": null, "hidden": false}, "model": "djcelery.taskmeta", "pk": 59}, {"fields": {"name": "celery"}, "model": "kombu_transport_django.queue", "pk": 1}, {"fields": {"name": "celery@Kunats-MacBook-Pro.local.celery.pidbox"}, "model": "kombu_transport_django.queue", "pk": 2}, {"fields": {"queue": 1, "visible": false, "sent_at": "2015-04-09T17:04:00.791Z", "payload": "{\"body\": \"gAJ9cQEoVQdleHBpcmVzcQJOVQN1dGNxA4hVBGFyZ3NxBF1xBVUFY2hvcmRxBk5VCWNhbGxiYWNrc3EHTlUIZXJyYmFja3NxCE5VB3Rhc2tzZXRxCU5VAmlkcQpVJGFhM2YzOWE2LWJlMDgtNGEyMi1iNzA4LTBkNjhjMzEzODdiNHELVQdyZXRyaWVzcQxLAFUEdGFza3ENVRFhcHAudGFza3MucHJvY2Vzc3EOVQl0aW1lbGltaXRxD05OhlUDZXRhcRBOVQZrd2FyZ3NxEX1xElUFdmlkZW9xE2NkamFuZ28uZGIubW9kZWxzLmJhc2UKbW9kZWxfdW5waWNrbGUKcRRVA2FwcHEVVQVWaWRlb3EWhl1jZGphbmdvLmRiLm1vZGVscy5iYXNlCnNpbXBsZV9jbGFzc19mYWN0b3J5CnEXh1JxGH1xGShVBG5hbWVxGlUAVQN1cmxxG1g2AAAAL1VzZXJzL2t1bmF0by9maW5hbF9wcm9qZWN0L3NlcnZlci9zdGF0aWMvdmlkZW8vMTcubXA0cRxVCnN0YXJ0X3RpbWVxHVgYAAAAMjAxNS0wNC0xMFQwMTowMDowMC4wMDBacR5VBl9zdGF0ZXEfY2RqYW5nby5kYi5tb2RlbHMuYmFzZQpNb2RlbFN0YXRlCnEgKYFxIX1xIihVBmFkZGluZ3EjiVUCZGJxJFUHZGVmYXVsdHEldWJVCWNhbWVyYV9pZEsHVQ1fY2FtZXJhX2NhY2hlaBRoFVUGQ2FtZXJhcSaGXWgXh1JxJ31xKChoGlgAAAAAaBtYAAAAAGgfaCApgXEpfXEqKGgjiWgkaCV1YlUGaGVpZ2h0cStN4AFVBXdpZHRocSxNVgNoCksHdWJVBHR5cGVxLUsBaApLEXVic3Uu\", \"headers\": {}, \"content-type\": \"application/x-python-serialize\", \"properties\": {\"body_encoding\": \"base64\", \"correlation_id\": \"aa3f39a6-be08-4a22-b708-0d68c31387b4\", \"reply_to\": \"0ca84d22-6af0-3b21-84c4-62b2de70ec2e\", \"delivery_info\": {\"priority\": 0, \"routing_key\": \"celery\", \"exchange\": \"celery\"}, \"delivery_mode\": 2, \"delivery_tag\": \"1953f7ed-984b-4ed7-9b10-68762b7a3c94\"}, \"content-encoding\": \"binary\"}"}, "model": "kombu_transport_django.message", "pk": 17}, {"fields": {"queue": 1, "visible": false, "sent_at": "2015-04-09T17:04:19.717Z", "payload": "{\"body\": \"gAJ9cQEoVQdleHBpcmVzcQJOVQN1dGNxA4hVBGFyZ3NxBF1xBVUFY2hvcmRxBk5VCWNhbGxiYWNrc3EHTlUIZXJyYmFja3NxCE5VB3Rhc2tzZXRxCU5VAmlkcQpVJDBmMWJmYzU1LWRkZGUtNGZlYS1hN2ZlLWUyM2U1OTliYzI1M3ELVQdyZXRyaWVzcQxLAFUEdGFza3ENVRFhcHAudGFza3MucHJvY2Vzc3EOVQl0aW1lbGltaXRxD05OhlUDZXRhcRBOVQZrd2FyZ3NxEX1xElUFdmlkZW9xE2NkamFuZ28uZGIubW9kZWxzLmJhc2UKbW9kZWxfdW5waWNrbGUKcRRVA2FwcHEVVQVWaWRlb3EWhl1jZGphbmdvLmRiLm1vZGVscy5iYXNlCnNpbXBsZV9jbGFzc19mYWN0b3J5CnEXh1JxGH1xGShVBG5hbWVxGlUAVQN1cmxxG1g2AAAAL1VzZXJzL2t1bmF0by9maW5hbF9wcm9qZWN0L3NlcnZlci9zdGF0aWMvdmlkZW8vMTgubXA0cRxVCnN0YXJ0X3RpbWVxHVgYAAAAMjAxNS0wNC0xMFQwMTowMDowMC4wMDBacR5VBl9zdGF0ZXEfY2RqYW5nby5kYi5tb2RlbHMuYmFzZQpNb2RlbFN0YXRlCnEgKYFxIX1xIihVBmFkZGluZ3EjiVUCZGJxJFUHZGVmYXVsdHEldWJVCWNhbWVyYV9pZEsGVQ1fY2FtZXJhX2NhY2hlaBRoFVUGQ2FtZXJhcSaGXWgXh1JxJ31xKChoGlgAAAAAaBtYEwAAAC9zdGF0aWMvaW1nLzE2LmpwZWdoH2ggKYFxKX1xKihoI4loJGgldWJVBmhlaWdodHErTeABVQV3aWR0aHEsTVYDaApLBnViVQR0eXBlcS1LAWgKSxJ1YnN1Lg==\", \"headers\": {}, \"content-type\": \"application/x-python-serialize\", \"properties\": {\"body_encoding\": \"base64\", \"correlation_id\": \"0f1bfc55-ddde-4fea-a7fe-e23e599bc253\", \"reply_to\": \"0ca84d22-6af0-3b21-84c4-62b2de70ec2e\", \"delivery_info\": {\"priority\": 0, \"routing_key\": \"celery\", \"exchange\": \"celery\"}, \"delivery_mode\": 2, \"delivery_tag\": \"f28f984b-883b-496f-b4a8-3cfffc81c80c\"}, \"content-encoding\": \"binary\"}"}, "model": "kombu_transport_django.message", "pk": 18}, {"fields": {"queue": 1, "visible": false, "sent_at": "2015-04-09T17:04:23.245Z", "payload": "{\"body\": \"gAJ9cQEoVQdleHBpcmVzcQJOVQN1dGNxA4hVBGFyZ3NxBF1xBVUFY2hvcmRxBk5VCWNhbGxiYWNrc3EHTlUIZXJyYmFja3NxCE5VB3Rhc2tzZXRxCU5VAmlkcQpVJGUzMTJhMGRkLTM5NzYtNGFlYy04MGNjLTcwOWM1ZWFlYjAwYXELVQdyZXRyaWVzcQxLAFUEdGFza3ENVRFhcHAudGFza3MucHJvY2Vzc3EOVQl0aW1lbGltaXRxD05OhlUDZXRhcRBOVQZrd2FyZ3NxEX1xElUFdmlkZW9xE2NkamFuZ28uZGIubW9kZWxzLmJhc2UKbW9kZWxfdW5waWNrbGUKcRRVA2FwcHEVVQVWaWRlb3EWhl1jZGphbmdvLmRiLm1vZGVscy5iYXNlCnNpbXBsZV9jbGFzc19mYWN0b3J5CnEXh1JxGH1xGShVBG5hbWVxGlUAVQN1cmxxG1g2AAAAL1VzZXJzL2t1bmF0by9maW5hbF9wcm9qZWN0L3NlcnZlci9zdGF0aWMvdmlkZW8vMTkubXA0cRxVCnN0YXJ0X3RpbWVxHVgYAAAAMjAxNS0wNC0xMFQwMTowMDowMC4wMDBacR5VBl9zdGF0ZXEfY2RqYW5nby5kYi5tb2RlbHMuYmFzZQpNb2RlbFN0YXRlCnEgKYFxIX1xIihVBmFkZGluZ3EjiVUCZGJxJFUHZGVmYXVsdHEldWJVCWNhbWVyYV9pZEsHVQ1fY2FtZXJhX2NhY2hlaBRoFVUGQ2FtZXJhcSaGXWgXh1JxJ31xKChoGlgAAAAAaBtYEwAAAC9zdGF0aWMvaW1nLzE3LmpwZWdoH2ggKYFxKX1xKihoI4loJGgldWJVBmhlaWdodHErTeABVQV3aWR0aHEsTVYDaApLB3ViVQR0eXBlcS1LAWgKSxN1YnN1Lg==\", \"headers\": {}, \"content-type\": \"application/x-python-serialize\", \"properties\": {\"body_encoding\": \"base64\", \"correlation_id\": \"e312a0dd-3976-4aec-80cc-709c5eaeb00a\", \"reply_to\": \"0ca84d22-6af0-3b21-84c4-62b2de70ec2e\", \"delivery_info\": {\"priority\": 0, \"routing_key\": \"celery\", \"exchange\": \"celery\"}, \"delivery_mode\": 2, \"delivery_tag\": \"fb9ff8bc-24a9-4e78-ad41-e8f366a16eb9\"}, \"content-encoding\": \"binary\"}"}, "model": "kombu_transport_django.message", "pk": 19}, {"fields": {"queue": 1, "visible": false, "sent_at": "2015-04-09T17:08:29.291Z", "payload": "{\"body\": \"gAJ9cQEoVQdleHBpcmVzcQJOVQN1dGNxA4hVBGFyZ3NxBF1xBVUFY2hvcmRxBk5VCWNhbGxiYWNrc3EHTlUIZXJyYmFja3NxCE5VB3Rhc2tzZXRxCU5VAmlkcQpVJDdiOGY1OTcyLTNiODgtNDNlZC05MjExLTdlOTA1Y2ZkYzdmY3ELVQdyZXRyaWVzcQxLAFUEdGFza3ENVRFhcHAudGFza3MucHJvY2Vzc3EOVQl0aW1lbGltaXRxD05OhlUDZXRhcRBOVQZrd2FyZ3NxEX1xElUFdmlkZW9xE2NkamFuZ28uZGIubW9kZWxzLmJhc2UKbW9kZWxfdW5waWNrbGUKcRRVA2FwcHEVVQVWaWRlb3EWhl1jZGphbmdvLmRiLm1vZGVscy5iYXNlCnNpbXBsZV9jbGFzc19mYWN0b3J5CnEXh1JxGH1xGShVBG5hbWVxGlUAVQN1cmxxG1g2AAAAL1VzZXJzL2t1bmF0by9maW5hbF9wcm9qZWN0L3NlcnZlci9zdGF0aWMvdmlkZW8vMjAubXA0cRxVCnN0YXJ0X3RpbWVxHVgYAAAAMjAxNS0wNC0wOVQwMTowMDowMC4wMDBacR5VBl9zdGF0ZXEfY2RqYW5nby5kYi5tb2RlbHMuYmFzZQpNb2RlbFN0YXRlCnEgKYFxIX1xIihVBmFkZGluZ3EjiVUCZGJxJFUHZGVmYXVsdHEldWJVCWNhbWVyYV9pZEsGVQ1fY2FtZXJhX2NhY2hlaBRoFVUGQ2FtZXJhcSaGXWgXh1JxJ31xKChoGlgAAAAAaBtYEwAAAC9zdGF0aWMvaW1nLzE2LmpwZWdoH2ggKYFxKX1xKihoI4loJGgldWJVBmhlaWdodHErTeABVQV3aWR0aHEsTVYDaApLBnViVQR0eXBlcS1LAWgKSxR1YnN1Lg==\", \"headers\": {}, \"content-type\": \"application/x-python-serialize\", \"properties\": {\"body_encoding\": \"base64\", \"correlation_id\": \"7b8f5972-3b88-43ed-9211-7e905cfdc7fc\", \"reply_to\": \"0ca84d22-6af0-3b21-84c4-62b2de70ec2e\", \"delivery_info\": {\"priority\": 0, \"routing_key\": \"celery\", \"exchange\": \"celery\"}, \"delivery_mode\": 2, \"delivery_tag\": \"2e874ccd-8f07-4d51-9d05-e06b564c9f97\"}, \"content-encoding\": \"binary\"}"}, "model": "kombu_transport_django.message", "pk": 20}, {"fields": {"queue": 1, "visible": false, "sent_at": "2015-04-09T17:08:32.875Z", "payload": "{\"body\": \"gAJ9cQEoVQdleHBpcmVzcQJOVQN1dGNxA4hVBGFyZ3NxBF1xBVUFY2hvcmRxBk5VCWNhbGxiYWNrc3EHTlUIZXJyYmFja3NxCE5VB3Rhc2tzZXRxCU5VAmlkcQpVJDE0OTJiY2Q0LTAwMmYtNDUxZi04YTI1LTNlNTZmYTMxODRhZHELVQdyZXRyaWVzcQxLAFUEdGFza3ENVRFhcHAudGFza3MucHJvY2Vzc3EOVQl0aW1lbGltaXRxD05OhlUDZXRhcRBOVQZrd2FyZ3NxEX1xElUFdmlkZW9xE2NkamFuZ28uZGIubW9kZWxzLmJhc2UKbW9kZWxfdW5waWNrbGUKcRRVA2FwcHEVVQVWaWRlb3EWhl1jZGphbmdvLmRiLm1vZGVscy5iYXNlCnNpbXBsZV9jbGFzc19mYWN0b3J5CnEXh1JxGH1xGShVBG5hbWVxGlUAVQN1cmxxG1g2AAAAL1VzZXJzL2t1bmF0by9maW5hbF9wcm9qZWN0L3NlcnZlci9zdGF0aWMvdmlkZW8vMjEubXA0cRxVCnN0YXJ0X3RpbWVxHVgYAAAAMjAxNS0wNC0wOVQwMTowMDowMC4wMDBacR5VBl9zdGF0ZXEfY2RqYW5nby5kYi5tb2RlbHMuYmFzZQpNb2RlbFN0YXRlCnEgKYFxIX1xIihVBmFkZGluZ3EjiVUCZGJxJFUHZGVmYXVsdHEldWJVCWNhbWVyYV9pZEsHVQ1fY2FtZXJhX2NhY2hlaBRoFVUGQ2FtZXJhcSaGXWgXh1JxJ31xKChoGlgAAAAAaBtYEwAAAC9zdGF0aWMvaW1nLzE3LmpwZWdoH2ggKYFxKX1xKihoI4loJGgldWJVBmhlaWdodHErTeABVQV3aWR0aHEsTVYDaApLB3ViVQR0eXBlcS1LAWgKSxV1YnN1Lg==\", \"headers\": {}, \"content-type\": \"application/x-python-serialize\", \"properties\": {\"body_encoding\": \"base64\", \"correlation_id\": \"1492bcd4-002f-451f-8a25-3e56fa3184ad\", \"reply_to\": \"0ca84d22-6af0-3b21-84c4-62b2de70ec2e\", \"delivery_info\": {\"priority\": 0, \"routing_key\": \"celery\", \"exchange\": \"celery\"}, \"delivery_mode\": 2, \"delivery_tag\": \"72c39081-b996-4c9b-b9fe-f2bda9dd1d0b\"}, \"content-encoding\": \"binary\"}"}, "model": "kombu_transport_django.message", "pk": 21}, {"fields": {"queue": 1, "visible": false, "sent_at": "2015-04-09T18:17:55.774Z", "payload": "{\"body\": \"gAJ9cQEoVQdleHBpcmVzcQJOVQN1dGNxA4hVBGFyZ3NxBF1xBVUFY2hvcmRxBk5VCWNhbGxiYWNrc3EHTlUIZXJyYmFja3NxCE5VB3Rhc2tzZXRxCU5VAmlkcQpVJDY4N2Y0NWQ4LTQ4NjItNGYyMy04MzEwLWY0YWFlYWFkMDgwNHELVQdyZXRyaWVzcQxLAFUEdGFza3ENVRFhcHAudGFza3MucHJvY2Vzc3EOVQl0aW1lbGltaXRxD05OhlUDZXRhcRBOVQZrd2FyZ3NxEX1xElUFdmlkZW9xE2NkamFuZ28uZGIubW9kZWxzLmJhc2UKbW9kZWxfdW5waWNrbGUKcRRVA2FwcHEVVQVWaWRlb3EWhl1jZGphbmdvLmRiLm1vZGVscy5iYXNlCnNpbXBsZV9jbGFzc19mYWN0b3J5CnEXh1JxGH1xGShVBG5hbWVxGlUAVQN1cmxxG1g2AAAAL1VzZXJzL2t1bmF0by9maW5hbF9wcm9qZWN0L3NlcnZlci9zdGF0aWMvdmlkZW8vMjIubXA0cRxVCnN0YXJ0X3RpbWVxHVgYAAAAMjAxNS0wNC0wOVQwMTowMDowMC4wMDBacR5VBl9zdGF0ZXEfY2RqYW5nby5kYi5tb2RlbHMuYmFzZQpNb2RlbFN0YXRlCnEgKYFxIX1xIihVBmFkZGluZ3EjiVUCZGJxJFUHZGVmYXVsdHEldWJVCWNhbWVyYV9pZEsBVQ1fY2FtZXJhX2NhY2hlaBRoFVUGQ2FtZXJhcSaGXWgXh1JxJ31xKChoGlgCAAAAYzFoG1gSAAAAL3N0YXRpYy9pbWcvMS5qcGVnaB9oICmBcSl9cSooaCOJaCRoJXViVQZoZWlnaHRxK03gAVUFd2lkdGhxLE1WA2gKSwF1YlUEdHlwZXEtSwFoCksWdWJzdS4=\", \"headers\": {}, \"content-type\": \"application/x-python-serialize\", \"properties\": {\"body_encoding\": \"base64\", \"correlation_id\": \"687f45d8-4862-4f23-8310-f4aaeaad0804\", \"reply_to\": \"0ca84d22-6af0-3b21-84c4-62b2de70ec2e\", \"delivery_info\": {\"priority\": 0, \"routing_key\": \"celery\", \"exchange\": \"celery\"}, \"delivery_mode\": 2, \"delivery_tag\": \"661eec98-17b9-4003-a3b6-e31b455f1b7b\"}, \"content-encoding\": \"binary\"}"}, "model": "kombu_transport_django.message", "pk": 22}, {"fields": {"queue": 1, "visible": false, "sent_at": "2015-04-09T18:22:52.506Z", "payload": "{\"body\": \"gAJ9cQEoVQdleHBpcmVzcQJOVQN1dGNxA4hVBGFyZ3NxBF1xBVUFY2hvcmRxBk5VCWNhbGxiYWNrc3EHTlUIZXJyYmFja3NxCE5VB3Rhc2tzZXRxCU5VAmlkcQpVJDgyNGUyZmI0LWM4ZjEtNDZhMS1iNzBiLTRhYWZlMWRmMGI5NHELVQdyZXRyaWVzcQxLAFUEdGFza3ENVRFhcHAudGFza3MucHJvY2Vzc3EOVQl0aW1lbGltaXRxD05OhlUDZXRhcRBOVQZrd2FyZ3NxEX1xElUFdmlkZW9xE2NkamFuZ28uZGIubW9kZWxzLmJhc2UKbW9kZWxfdW5waWNrbGUKcRRVA2FwcHEVVQVWaWRlb3EWhl1jZGphbmdvLmRiLm1vZGVscy5iYXNlCnNpbXBsZV9jbGFzc19mYWN0b3J5CnEXh1JxGH1xGShVBG5hbWVxGlUAVQN1cmxxG1g2AAAAL1VzZXJzL2t1bmF0by9maW5hbF9wcm9qZWN0L3NlcnZlci9zdGF0aWMvdmlkZW8vMjMubXA0cRxVCnN0YXJ0X3RpbWVxHVgYAAAAMjAxNS0wNC0xMFQwMTowMDowMC4wMDBacR5VBl9zdGF0ZXEfY2RqYW5nby5kYi5tb2RlbHMuYmFzZQpNb2RlbFN0YXRlCnEgKYFxIX1xIihVBmFkZGluZ3EjiVUCZGJxJFUHZGVmYXVsdHEldWJVCWNhbWVyYV9pZEsBVQ1fY2FtZXJhX2NhY2hlaBRoFVUGQ2FtZXJhcSaGXWgXh1JxJ31xKChoGlgCAAAAYzFoG1gSAAAAL3N0YXRpYy9pbWcvMS5qcGVnaB9oICmBcSl9cSooaCOJaCRoJXViVQZoZWlnaHRxK03gAVUFd2lkdGhxLE1WA2gKSwF1YlUEdHlwZXEtSwFoCksXdWJzdS4=\", \"headers\": {}, \"content-type\": \"application/x-python-serialize\", \"properties\": {\"body_encoding\": \"base64\", \"correlation_id\": \"824e2fb4-c8f1-46a1-b70b-4aafe1df0b94\", \"reply_to\": \"0ca84d22-6af0-3b21-84c4-62b2de70ec2e\", \"delivery_info\": {\"priority\": 0, \"routing_key\": \"celery\", \"exchange\": \"celery\"}, \"delivery_mode\": 2, \"delivery_tag\": \"48761c6e-7005-4ca0-8b1c-4996074662eb\"}, \"content-encoding\": \"binary\"}"}, "model": "kombu_transport_django.message", "pk": 23}, {"fields": {"queue": 1, "visible": false, "sent_at": "2015-04-19T14:09:32.183Z", "payload": "{\"body\": \"gAJ9cQEoVQdleHBpcmVzcQJOVQN1dGNxA4hVBGFyZ3NxBF1xBVUFY2hvcmRxBk5VCWNhbGxiYWNrc3EHTlUIZXJyYmFja3NxCE5VB3Rhc2tzZXRxCU5VAmlkcQpVJGVjYTljN2ZjLTQ0NGQtNDRkYi05MmEwLTQ5Mjg4OGIzMjZlMnELVQdyZXRyaWVzcQxLAFUEdGFza3ENVRFhcHAudGFza3MucHJvY2Vzc3EOVQl0aW1lbGltaXRxD05OhlUDZXRhcRBOVQZrd2FyZ3NxEX1xElUFdmlkZW9xE2NkamFuZ28uZGIubW9kZWxzLmJhc2UKbW9kZWxfdW5waWNrbGUKcRRVA2FwcHEVVQVWaWRlb3EWhl1jZGphbmdvLmRiLm1vZGVscy5iYXNlCnNpbXBsZV9jbGFzc19mYWN0b3J5CnEXh1JxGH1xGShVBG5hbWVxGlUAVQN1cmxxG1g2AAAAL1VzZXJzL2t1bmF0by9maW5hbF9wcm9qZWN0L3NlcnZlci9zdGF0aWMvdmlkZW8vMjQubXA0cRxVCnN0YXJ0X3RpbWVxHVgYAAAAMjAwNS0xMC0zMVQxODowMTowMC4wMDBacR5VBl9zdGF0ZXEfY2RqYW5nby5kYi5tb2RlbHMuYmFzZQpNb2RlbFN0YXRlCnEgKYFxIX1xIihVBmFkZGluZ3EjiVUCZGJxJFUHZGVmYXVsdHEldWJVCmFkZGVkX3RpbWVxJmNkYXRldGltZQpkYXRldGltZQpxJ1UKB98EExUJHwsM24VScShVCWNhbWVyYV9pZEsBVQ1fY2FtZXJhX2NhY2hlaBRoFVUGQ2FtZXJhcSmGXWgXh1JxKn1xKyhoGlgCAAAAYzFoG1gSAAAAL3N0YXRpYy9pbWcvMS5qcGVnaB9oICmBcSx9cS0oaCOJaCRoJXViVQZoZWlnaHRxLk3gAVUFd2lkdGhxL01WA2gKSwF1YlUEdHlwZXEwSwFoCksYVQt0cmFja2luZ19pZHExTnVic3Uu\", \"headers\": {}, \"content-type\": \"application/x-python-serialize\", \"properties\": {\"body_encoding\": \"base64\", \"correlation_id\": \"eca9c7fc-444d-44db-92a0-492888b326e2\", \"reply_to\": \"793be70b-2d02-3c28-ae47-b7b0382f535c\", \"delivery_info\": {\"priority\": 0, \"routing_key\": \"celery\", \"exchange\": \"celery\"}, \"delivery_mode\": 2, \"delivery_tag\": \"c45b23e3-7da0-430c-8d5c-6240936a1c71\"}, \"content-encoding\": \"binary\"}"}, "model": "kombu_transport_django.message", "pk": 24}, {"fields": {"queue": 1, "visible": false, "sent_at": "2015-04-19T14:13:31.464Z", "payload": "{\"body\": \"gAJ9cQEoVQdleHBpcmVzcQJOVQN1dGNxA4hVBGFyZ3NxBF1xBVUFY2hvcmRxBk5VCWNhbGxiYWNrc3EHTlUIZXJyYmFja3NxCE5VB3Rhc2tzZXRxCU5VAmlkcQpVJGFhMzBkNDQwLTNiYjMtNDljOS04MDBkLWU5OGE5Mjg4NzFiM3ELVQdyZXRyaWVzcQxLAFUEdGFza3ENVRFhcHAudGFza3MucHJvY2Vzc3EOVQl0aW1lbGltaXRxD05OhlUDZXRhcRBOVQZrd2FyZ3NxEX1xElUFdmlkZW9xE2NkamFuZ28uZGIubW9kZWxzLmJhc2UKbW9kZWxfdW5waWNrbGUKcRRVA2FwcHEVVQVWaWRlb3EWhl1jZGphbmdvLmRiLm1vZGVscy5iYXNlCnNpbXBsZV9jbGFzc19mYWN0b3J5CnEXh1JxGH1xGShVBG5hbWVxGlUAVQN1cmxxG1g2AAAAL1VzZXJzL2t1bmF0by9maW5hbF9wcm9qZWN0L3NlcnZlci9zdGF0aWMvdmlkZW8vMjUubXA0cRxVCnN0YXJ0X3RpbWVxHVgYAAAAMjAwNC0xMi0zMVQxODowMTowMC4wMDBacR5VBl9zdGF0ZXEfY2RqYW5nby5kYi5tb2RlbHMuYmFzZQpNb2RlbFN0YXRlCnEgKYFxIX1xIihVBmFkZGluZ3EjiVUCZGJxJFUHZGVmYXVsdHEldWJVCmFkZGVkX3RpbWVxJmNkYXRldGltZQpkYXRldGltZQpxJ1UKB98EExUNHwCq5IVScShVCWNhbWVyYV9pZEsBVQ1fY2FtZXJhX2NhY2hlaBRoFVUGQ2FtZXJhcSmGXWgXh1JxKn1xKyhoGlgCAAAAYzFoG1gSAAAAL3N0YXRpYy9pbWcvMS5qcGVnaB9oICmBcSx9cS0oaCOJaCRoJXViVQZoZWlnaHRxLk3gAVUFd2lkdGhxL01WA2gKSwF1YlUEdHlwZXEwSwFoCksZVQt0cmFja2luZ19pZHExTnVic3Uu\", \"headers\": {}, \"content-type\": \"application/x-python-serialize\", \"properties\": {\"body_encoding\": \"base64\", \"correlation_id\": \"aa30d440-3bb3-49c9-800d-e98a928871b3\", \"reply_to\": \"533f0bf2-1f2e-3a1a-9acf-d39b1f00b5d7\", \"delivery_info\": {\"priority\": 0, \"routing_key\": \"celery\", \"exchange\": \"celery\"}, \"delivery_mode\": 2, \"delivery_tag\": \"e7ea5b7c-33c5-4879-a88e-f4ce00b6116e\"}, \"content-encoding\": \"binary\"}"}, "model": "kombu_transport_django.message", "pk": 25}, {"fields": {"queue": 1, "visible": false, "sent_at": "2015-04-19T14:22:28.139Z", "payload": "{\"body\": \"gAJ9cQEoVQdleHBpcmVzcQJOVQN1dGNxA4hVBGFyZ3NxBF1xBVUFY2hvcmRxBk5VCWNhbGxiYWNrc3EHTlUIZXJyYmFja3NxCE5VB3Rhc2tzZXRxCU5VAmlkcQpVJDM3NThkMDcyLTI5YTItNDRmZC1iYTkzLTY3MDQ4ZTkxZTJhMnELVQdyZXRyaWVzcQxLAFUEdGFza3ENVRFhcHAudGFza3MucHJvY2Vzc3EOVQl0aW1lbGltaXRxD05OhlUDZXRhcRBOVQZrd2FyZ3NxEX1xElUFdmlkZW9xE2NkamFuZ28uZGIubW9kZWxzLmJhc2UKbW9kZWxfdW5waWNrbGUKcRRVA2FwcHEVVQVWaWRlb3EWhl1jZGphbmdvLmRiLm1vZGVscy5iYXNlCnNpbXBsZV9jbGFzc19mYWN0b3J5CnEXh1JxGH1xGShVBG5hbWVxGlUAVQN1cmxxG1g2AAAAL1VzZXJzL2t1bmF0by9maW5hbF9wcm9qZWN0L3NlcnZlci9zdGF0aWMvdmlkZW8vMjYubXA0cRxVCnN0YXJ0X3RpbWVxHVgYAAAAMjAwMC0xMi0zMVQxODowMTowMC4wMDBacR5VBl9zdGF0ZXEfY2RqYW5nby5kYi5tb2RlbHMuYmFzZQpNb2RlbFN0YXRlCnEgKYFxIX1xIihVBmFkZGluZ3EjiVUCZGJxJFUHZGVmYXVsdHEldWJVCmFkZGVkX3RpbWVxJmNkYXRldGltZQpkYXRldGltZQpxJ1UKB98EExUWGwsbHYVScShVCWNhbWVyYV9pZEsBVQ1fY2FtZXJhX2NhY2hlaBRoFVUGQ2FtZXJhcSmGXWgXh1JxKn1xKyhoGlgCAAAAYzFoG1gSAAAAL3N0YXRpYy9pbWcvMS5qcGVnaB9oICmBcSx9cS0oaCOJaCRoJXViVQZoZWlnaHRxLk3gAVUFd2lkdGhxL01WA2gKSwF1YlUEdHlwZXEwSwFoCksaVQt0cmFja2luZ19pZHExTnVic3Uu\", \"headers\": {}, \"content-type\": \"application/x-python-serialize\", \"properties\": {\"body_encoding\": \"base64\", \"correlation_id\": \"3758d072-29a2-44fd-ba93-67048e91e2a2\", \"reply_to\": \"0fb116b0-8b78-336b-ac77-e6a2e4b5e2e0\", \"delivery_info\": {\"priority\": 0, \"routing_key\": \"celery\", \"exchange\": \"celery\"}, \"delivery_mode\": 2, \"delivery_tag\": \"8d65ba04-62e1-4b64-882c-44e3723b216d\"}, \"content-encoding\": \"binary\"}"}, "model": "kombu_transport_django.message", "pk": 26}, {"fields": {"queue": 1, "visible": false, "sent_at": "2015-04-19T14:29:15.448Z", "payload": "{\"body\": \"gAJ9cQEoVQdleHBpcmVzcQJOVQN1dGNxA4hVBGFyZ3NxBF1xBVUFY2hvcmRxBk5VCWNhbGxiYWNrc3EHTlUIZXJyYmFja3NxCE5VB3Rhc2tzZXRxCU5VAmlkcQpVJDIwMmIzOTYxLTliMjMtNDFkNS04YzkyLWZiZjI4ZGU5ODFlZHELVQdyZXRyaWVzcQxLAFUEdGFza3ENVRFhcHAudGFza3MucHJvY2Vzc3EOVQl0aW1lbGltaXRxD05OhlUDZXRhcRBOVQZrd2FyZ3NxEX1xElUFdmlkZW9xE2NkamFuZ28uZGIubW9kZWxzLmJhc2UKbW9kZWxfdW5waWNrbGUKcRRVA2FwcHEVVQVWaWRlb3EWhl1jZGphbmdvLmRiLm1vZGVscy5iYXNlCnNpbXBsZV9jbGFzc19mYWN0b3J5CnEXh1JxGH1xGShVBG5hbWVxGlUAVQN1cmxxG1g2AAAAL1VzZXJzL2t1bmF0by9maW5hbF9wcm9qZWN0L3NlcnZlci9zdGF0aWMvdmlkZW8vMjcubXA0cRxVCnN0YXJ0X3RpbWVxHVgYAAAAMjAwNC0xMi0zMVQxODowMTowMC4wMDBacR5VBl9zdGF0ZXEfY2RqYW5nby5kYi5tb2RlbHMuYmFzZQpNb2RlbFN0YXRlCnEgKYFxIX1xIihVBmFkZGluZ3EjiVUCZGJxJFUHZGVmYXVsdHEldWJVCmFkZGVkX3RpbWVxJmNkYXRldGltZQpkYXRldGltZQpxJ1UKB98EExUdDwB7hoVScShVCWNhbWVyYV9pZEsJVQ1fY2FtZXJhX2NhY2hlcSloFGgVVQZDYW1lcmFxKoZdaBeHUnErfXEsKGgaWAgAAABDYW1lcmEgOWgbWAAAAABoH2ggKYFxLX1xLihoI4loJGgldWJVBmhlaWdodHEvTeABVQV3aWR0aHEwTVYDaApLCXViVQR0eXBlcTFLAWgKSxtVC3RyYWNraW5nX2lkcTJOdWJzdS4=\", \"headers\": {}, \"content-type\": \"application/x-python-serialize\", \"properties\": {\"body_encoding\": \"base64\", \"correlation_id\": \"202b3961-9b23-41d5-8c92-fbf28de981ed\", \"reply_to\": \"0fb116b0-8b78-336b-ac77-e6a2e4b5e2e0\", \"delivery_info\": {\"priority\": 0, \"routing_key\": \"celery\", \"exchange\": \"celery\"}, \"delivery_mode\": 2, \"delivery_tag\": \"d4ead054-2907-42a7-976e-d40e568f6626\"}, \"content-encoding\": \"binary\"}"}, "model": "kombu_transport_django.message", "pk": 27}, {"fields": {"queue": 1, "visible": false, "sent_at": "2015-04-19T14:43:51.640Z", "payload": "{\"body\": \"gAJ9cQEoVQdleHBpcmVzcQJOVQN1dGNxA4hVBGFyZ3NxBF1xBVUFY2hvcmRxBk5VCWNhbGxiYWNrc3EHTlUIZXJyYmFja3NxCE5VB3Rhc2tzZXRxCU5VAmlkcQpVJDdjMTBlYzNmLTJlYjEtNDMxOC05NGU3LTZiNDQ4YTYwYWM2Y3ELVQdyZXRyaWVzcQxLAFUEdGFza3ENVRFhcHAudGFza3MucHJvY2Vzc3EOVQl0aW1lbGltaXRxD05OhlUDZXRhcRBOVQZrd2FyZ3NxEX1xElUFdmlkZW9xE2NkamFuZ28uZGIubW9kZWxzLmJhc2UKbW9kZWxfdW5waWNrbGUKcRRVA2FwcHEVVQVWaWRlb3EWhl1jZGphbmdvLmRiLm1vZGVscy5iYXNlCnNpbXBsZV9jbGFzc19mYWN0b3J5CnEXh1JxGH1xGShVBG5hbWVxGlgAAAAAVQN1cmxxG1g2AAAAL1VzZXJzL2t1bmF0by9maW5hbF9wcm9qZWN0L3NlcnZlci9zdGF0aWMvdmlkZW8vMjcubXA0VQpzdGFydF90aW1lcRxjZGF0ZXRpbWUKZGF0ZXRpbWUKcR1VCgfUDB8SAQAAAABjcHl0egpfVVRDCnEeKVJxH4ZScSBVBl9zdGF0ZXEhY2RqYW5nby5kYi5tb2RlbHMuYmFzZQpNb2RlbFN0YXRlCnEiKYFxI31xJChVBmFkZGluZ3EliVUCZGJxJlUHZGVmYXVsdHEndWJVCWNhbWVyYV9pZEsJVQphZGRlZF90aW1lcShoHVUKB98EEw4dDwB7hmgfhlJxKVUEdHlwZXEqSwFoCksbVQt0cmFja2luZ19pZHErTnVic3Uu\", \"headers\": {}, \"content-type\": \"application/x-python-serialize\", \"properties\": {\"body_encoding\": \"base64\", \"correlation_id\": \"7c10ec3f-2eb1-4318-94e7-6b448a60ac6c\", \"reply_to\": \"5fd2940f-324e-3a2d-a8eb-1011c619c992\", \"delivery_info\": {\"priority\": 0, \"routing_key\": \"celery\", \"exchange\": \"celery\"}, \"delivery_mode\": 2, \"delivery_tag\": \"b5fc5d39-0842-49b5-bfb8-a610d1758f06\"}, \"content-encoding\": \"binary\"}"}, "model": "kombu_transport_django.message", "pk": 28}, {"fields": {"queue": 1, "visible": false, "sent_at": "2015-04-19T14:45:42.820Z", "payload": "{\"body\": \"gAJ9cQEoVQdleHBpcmVzcQJOVQN1dGNxA4hVBGFyZ3NxBF1xBVUFY2hvcmRxBk5VCWNhbGxiYWNrc3EHTlUIZXJyYmFja3NxCE5VB3Rhc2tzZXRxCU5VAmlkcQpVJDJjNmY4M2FhLTkyMTEtNGFiOC1hZmQ2LTA4YWVkYTQ4ZTY5NXELVQdyZXRyaWVzcQxLAFUEdGFza3ENVRFhcHAudGFza3MucHJvY2Vzc3EOVQl0aW1lbGltaXRxD05OhlUDZXRhcRBOVQZrd2FyZ3NxEX1xElUFdmlkZW9xE2NkamFuZ28uZGIubW9kZWxzLmJhc2UKbW9kZWxfdW5waWNrbGUKcRRVA2FwcHEVVQVWaWRlb3EWhl1jZGphbmdvLmRiLm1vZGVscy5iYXNlCnNpbXBsZV9jbGFzc19mYWN0b3J5CnEXh1JxGH1xGShVBG5hbWVxGlUAVQN1cmxxG1g2AAAAL1VzZXJzL2t1bmF0by9maW5hbF9wcm9qZWN0L3NlcnZlci9zdGF0aWMvdmlkZW8vMjgubXA0cRxVCnN0YXJ0X3RpbWVxHVgYAAAAMjAwNC0xMi0zMVQxODowMTowMC4wMDBacR5VBl9zdGF0ZXEfY2RqYW5nby5kYi5tb2RlbHMuYmFzZQpNb2RlbFN0YXRlCnEgKYFxIX1xIihVBmFkZGluZ3EjiVUCZGJxJFUHZGVmYXVsdHEldWJVCmFkZGVkX3RpbWVxJmNkYXRldGltZQpkYXRldGltZQpxJ1UKB98EExUtKgbmUoVScShVCWNhbWVyYV9pZEsIVQ1fY2FtZXJhX2NhY2hlaBRoFVUGQ2FtZXJhcSmGXWgXh1JxKn1xKyhoGlgEAAAAdGVzdGgbWAAAAABoH2ggKYFxLH1xLShoI4loJGgldWJVBmhlaWdodHEuTeABVQV3aWR0aHEvTVYDaApLCHViVQR0eXBlcTBLAWgKSxxVC3RyYWNraW5nX2lkcTFOdWJzdS4=\", \"headers\": {}, \"content-type\": \"application/x-python-serialize\", \"properties\": {\"body_encoding\": \"base64\", \"correlation_id\": \"2c6f83aa-9211-4ab8-afd6-08aeda48e695\", \"reply_to\": \"7def5b64-371b-3fe9-bfba-571aec27c212\", \"delivery_info\": {\"priority\": 0, \"routing_key\": \"celery\", \"exchange\": \"celery\"}, \"delivery_mode\": 2, \"delivery_tag\": \"36db9bfb-73a7-4786-94e4-59655603c8ad\"}, \"content-encoding\": \"binary\"}"}, "model": "kombu_transport_django.message", "pk": 29}, {"fields": {"queue": 1, "visible": false, "sent_at": "2015-04-19T14:46:17.919Z", "payload": "{\"body\": \"gAJ9cQEoVQdleHBpcmVzcQJOVQN1dGNxA4hVBGFyZ3NxBF1xBVUFY2hvcmRxBk5VCWNhbGxiYWNrc3EHTlUIZXJyYmFja3NxCE5VB3Rhc2tzZXRxCU5VAmlkcQpVJDQ1ZmFhYzVjLWZjNDMtNGU3NC1iMGIzLTE2MDM1YmNiNzY5ZHELVQdyZXRyaWVzcQxLAFUEdGFza3ENVRFhcHAudGFza3MucHJvY2Vzc3EOVQl0aW1lbGltaXRxD05OhlUDZXRhcRBOVQZrd2FyZ3NxEX1xElUFdmlkZW9xE2NkamFuZ28uZGIubW9kZWxzLmJhc2UKbW9kZWxfdW5waWNrbGUKcRRVA2FwcHEVVQVWaWRlb3EWhl1jZGphbmdvLmRiLm1vZGVscy5iYXNlCnNpbXBsZV9jbGFzc19mYWN0b3J5CnEXh1JxGH1xGShVBG5hbWVxGlUAVQN1cmxxG1g2AAAAL1VzZXJzL2t1bmF0by9maW5hbF9wcm9qZWN0L3NlcnZlci9zdGF0aWMvdmlkZW8vMjkubXA0cRxVCnN0YXJ0X3RpbWVxHVgYAAAAMjIyMi0wMS0wMVQwNDowMTowMC4wMDBacR5VBl9zdGF0ZXEfY2RqYW5nby5kYi5tb2RlbHMuYmFzZQpNb2RlbFN0YXRlCnEgKYFxIX1xIihVBmFkZGluZ3EjiVUCZGJxJFUHZGVmYXVsdHEldWJVCmFkZGVkX3RpbWVxJmNkYXRldGltZQpkYXRldGltZQpxJ1UKB98EExUuEQfzv4VScShVCWNhbWVyYV9pZEsKVQ1fY2FtZXJhX2NhY2hlaBRoFVUGQ2FtZXJhcSmGXWgXh1JxKn1xKyhoGlgEAAAAdGVzdGgbWAAAAABoH2ggKYFxLH1xLShoI4loJGgldWJVBmhlaWdodHEuS3tVBXdpZHRocS9Le2gKSwp1YlUEdHlwZXEwSwFoCksdVQt0cmFja2luZ19pZHExTnVic3Uu\", \"headers\": {}, \"content-type\": \"application/x-python-serialize\", \"properties\": {\"body_encoding\": \"base64\", \"correlation_id\": \"45faac5c-fc43-4e74-b0b3-16035bcb769d\", \"reply_to\": \"7def5b64-371b-3fe9-bfba-571aec27c212\", \"delivery_info\": {\"priority\": 0, \"routing_key\": \"celery\", \"exchange\": \"celery\"}, \"delivery_mode\": 2, \"delivery_tag\": \"6f54a2cb-30b9-4f8e-8a67-e3e5296e9d6c\"}, \"content-encoding\": \"binary\"}"}, "model": "kombu_transport_django.message", "pk": 30}, {"fields": {"queue": 1, "visible": false, "sent_at": "2015-04-19T14:51:47.154Z", "payload": "{\"body\": \"gAJ9cQEoVQdleHBpcmVzcQJOVQN1dGNxA4hVBGFyZ3NxBF1xBVUFY2hvcmRxBk5VCWNhbGxiYWNrc3EHTlUIZXJyYmFja3NxCE5VB3Rhc2tzZXRxCU5VAmlkcQpVJDFkMGMyZjY2LTk0NGUtNDZiNS05NjYwLWNlZWFhMzRmMTUzZXELVQdyZXRyaWVzcQxLAFUEdGFza3ENVRFhcHAudGFza3MucHJvY2Vzc3EOVQl0aW1lbGltaXRxD05OhlUDZXRhcRBOVQZrd2FyZ3NxEX1xElUFdmlkZW9xE2NkamFuZ28uZGIubW9kZWxzLmJhc2UKbW9kZWxfdW5waWNrbGUKcRRVA2FwcHEVVQVWaWRlb3EWhl1jZGphbmdvLmRiLm1vZGVscy5iYXNlCnNpbXBsZV9jbGFzc19mYWN0b3J5CnEXh1JxGH1xGShVBG5hbWVxGlgAAAAAVQN1cmxxG1g2AAAAL1VzZXJzL2t1bmF0by9maW5hbF9wcm9qZWN0L3NlcnZlci9zdGF0aWMvdmlkZW8vMjkubXA0VQpzdGFydF90aW1lcRxjZGF0ZXRpbWUKZGF0ZXRpbWUKcR1VCgiuAQEEAQAAAABjcHl0egpfVVRDCnEeKVJxH4ZScSBVBl9zdGF0ZXEhY2RqYW5nby5kYi5tb2RlbHMuYmFzZQpNb2RlbFN0YXRlCnEiKYFxI31xJChVBmFkZGluZ3EliVUCZGJxJlUHZGVmYXVsdHEndWJVCWNhbWVyYV9pZEsKVQphZGRlZF90aW1lcShoHVUKB98EEw4uEQfzv2gfhlJxKVUEdHlwZXEqSwFoCksdVQt0cmFja2luZ19pZHErTnVic3Uu\", \"headers\": {}, \"content-type\": \"application/x-python-serialize\", \"properties\": {\"body_encoding\": \"base64\", \"correlation_id\": \"1d0c2f66-944e-46b5-9660-ceeaa34f153e\", \"reply_to\": \"874e4526-f6fd-35de-a1ac-121f030e377e\", \"delivery_info\": {\"priority\": 0, \"routing_key\": \"celery\", \"exchange\": \"celery\"}, \"delivery_mode\": 2, \"delivery_tag\": \"d72c5dbe-8975-4969-bdd1-16ac6847f0db\"}, \"content-encoding\": \"binary\"}"}, "model": "kombu_transport_django.message", "pk": 31}, {"fields": {"queue": 1, "visible": false, "sent_at": "2015-04-19T14:53:19.346Z", "payload": "{\"body\": \"gAJ9cQEoVQdleHBpcmVzcQJOVQN1dGNxA4hVBGFyZ3NxBF1xBVUFY2hvcmRxBk5VCWNhbGxiYWNrc3EHTlUIZXJyYmFja3NxCE5VB3Rhc2tzZXRxCU5VAmlkcQpVJDRiZjNiYjVkLWRmZTQtNDAyZi1iMzdlLTc1ZWYxMmRjOTE3YnELVQdyZXRyaWVzcQxLAFUEdGFza3ENVRFhcHAudGFza3MucHJvY2Vzc3EOVQl0aW1lbGltaXRxD05OhlUDZXRhcRBOVQZrd2FyZ3NxEX1xElUFdmlkZW9xE2NkamFuZ28uZGIubW9kZWxzLmJhc2UKbW9kZWxfdW5waWNrbGUKcRRVA2FwcHEVVQVWaWRlb3EWhl1jZGphbmdvLmRiLm1vZGVscy5iYXNlCnNpbXBsZV9jbGFzc19mYWN0b3J5CnEXh1JxGH1xGShVBG5hbWVxGlgAAAAAVQN1cmxxG1g2AAAAL1VzZXJzL2t1bmF0by9maW5hbF9wcm9qZWN0L3NlcnZlci9zdGF0aWMvdmlkZW8vMjgubXA0VQpzdGFydF90aW1lcRxjZGF0ZXRpbWUKZGF0ZXRpbWUKcR1VCgfUDB8SAQAAAABjcHl0egpfVVRDCnEeKVJxH4ZScSBVBl9zdGF0ZXEhY2RqYW5nby5kYi5tb2RlbHMuYmFzZQpNb2RlbFN0YXRlCnEiKYFxI31xJChVBmFkZGluZ3EliVUCZGJxJlUHZGVmYXVsdHEndWJVCWNhbWVyYV9pZEsIVQphZGRlZF90aW1lcShoHVUKB98EEw4tKgbmUmgfhlJxKVUEdHlwZXEqSwFoCkscVQt0cmFja2luZ19pZHErTnVic3Uu\", \"headers\": {}, \"content-type\": \"application/x-python-serialize\", \"properties\": {\"body_encoding\": \"base64\", \"correlation_id\": \"4bf3bb5d-dfe4-402f-b37e-75ef12dc917b\", \"reply_to\": \"94bc1a1a-8f6d-3ca5-888b-93c2c534a627\", \"delivery_info\": {\"priority\": 0, \"routing_key\": \"celery\", \"exchange\": \"celery\"}, \"delivery_mode\": 2, \"delivery_tag\": \"18c1f0aa-912c-43e6-8cb2-8e013b7f4176\"}, \"content-encoding\": \"binary\"}"}, "model": "kombu_transport_django.message", "pk": 32}, {"fields": {"queue": 1, "visible": false, "sent_at": "2015-04-19T14:54:26.334Z", "payload": "{\"body\": \"gAJ9cQEoVQdleHBpcmVzcQJOVQN1dGNxA4hVBGFyZ3NxBF1xBVUFY2hvcmRxBk5VCWNhbGxiYWNrc3EHTlUIZXJyYmFja3NxCE5VB3Rhc2tzZXRxCU5VAmlkcQpVJGFhMTgyZWNjLTAwZmItNGQ2OC05YjQzLWI0MGViMTZhYTFhMHELVQdyZXRyaWVzcQxLAFUEdGFza3ENVRFhcHAudGFza3MucHJvY2Vzc3EOVQl0aW1lbGltaXRxD05OhlUDZXRhcRBOVQZrd2FyZ3NxEX1xElUFdmlkZW9xE2NkamFuZ28uZGIubW9kZWxzLmJhc2UKbW9kZWxfdW5waWNrbGUKcRRVA2FwcHEVVQVWaWRlb3EWhl1jZGphbmdvLmRiLm1vZGVscy5iYXNlCnNpbXBsZV9jbGFzc19mYWN0b3J5CnEXh1JxGH1xGShVBG5hbWVxGlUAVQN1cmxxG1g2AAAAL1VzZXJzL2t1bmF0by9maW5hbF9wcm9qZWN0L3NlcnZlci9zdGF0aWMvdmlkZW8vMzAubXA0cRxVCnN0YXJ0X3RpbWVxHVgYAAAAMTIyMS0xMi0zMVQxODowMTowMC4wMDBacR5VBl9zdGF0ZXEfY2RqYW5nby5kYi5tb2RlbHMuYmFzZQpNb2RlbFN0YXRlCnEgKYFxIX1xIihVBmFkZGluZ3EjiVUCZGJxJFUHZGVmYXVsdHEldWJVCmFkZGVkX3RpbWVxJmNkYXRldGltZQpkYXRldGltZQpxJ1UKB98EExU2GQ40QYVScShVCWNhbWVyYV9pZEsLVQ1fY2FtZXJhX2NhY2hlaBRoFVUGQ2FtZXJhcSmGXWgXh1JxKn1xKyhoGlgCAAAAMTFoG1gAAAAAaB9oICmBcSx9cS0oaCOJaCRoJXViVQZoZWlnaHRxLk1NAVUFd2lkdGhxL0txaApLC3ViVQR0eXBlcTBLAWgKSx5VC3RyYWNraW5nX2lkcTFOdWJzdS4=\", \"headers\": {}, \"content-type\": \"application/x-python-serialize\", \"properties\": {\"body_encoding\": \"base64\", \"correlation_id\": \"aa182ecc-00fb-4d68-9b43-b40eb16aa1a0\", \"reply_to\": \"f2efde61-0c40-3861-86bc-99fe13d52026\", \"delivery_info\": {\"priority\": 0, \"routing_key\": \"celery\", \"exchange\": \"celery\"}, \"delivery_mode\": 2, \"delivery_tag\": \"aabba4d1-26fc-4c94-9291-10dfdd7a67fe\"}, \"content-encoding\": \"binary\"}"}, "model": "kombu_transport_django.message", "pk": 33}, {"fields": {"queue": 1, "visible": false, "sent_at": "2015-04-19T14:55:13.473Z", "payload": "{\"body\": \"gAJ9cQEoVQdleHBpcmVzcQJOVQN1dGNxA4hVBGFyZ3NxBF1xBVUFY2hvcmRxBk5VCWNhbGxiYWNrc3EHTlUIZXJyYmFja3NxCE5VB3Rhc2tzZXRxCU5VAmlkcQpVJDI4OGE3NGNjLWMwNDgtNDIxMS05NGE2LWY0ZmY1YWY0M2QxZHELVQdyZXRyaWVzcQxLAFUEdGFza3ENVRFhcHAudGFza3MucHJvY2Vzc3EOVQl0aW1lbGltaXRxD05OhlUDZXRhcRBOVQZrd2FyZ3NxEX1xElUFdmlkZW9xE2NkamFuZ28uZGIubW9kZWxzLmJhc2UKbW9kZWxfdW5waWNrbGUKcRRVA2FwcHEVVQVWaWRlb3EWhl1jZGphbmdvLmRiLm1vZGVscy5iYXNlCnNpbXBsZV9jbGFzc19mYWN0b3J5CnEXh1JxGH1xGShVBG5hbWVxGlgAAAAAVQN1cmxxG1g2AAAAL1VzZXJzL2t1bmF0by9maW5hbF9wcm9qZWN0L3NlcnZlci9zdGF0aWMvdmlkZW8vMzAubXA0VQpzdGFydF90aW1lcRxjZGF0ZXRpbWUKZGF0ZXRpbWUKcR1VCgTFDB8SAQAAAABjcHl0egpfVVRDCnEeKVJxH4ZScSBVBl9zdGF0ZXEhY2RqYW5nby5kYi5tb2RlbHMuYmFzZQpNb2RlbFN0YXRlCnEiKYFxI31xJChVBmFkZGluZ3EliVUCZGJxJlUHZGVmYXVsdHEndWJVCWNhbWVyYV9pZEsLVQphZGRlZF90aW1lcShoHVUKB98EEw42GQ40QWgfhlJxKVUEdHlwZXEqSwFoCkseVQt0cmFja2luZ19pZHErTnVic3Uu\", \"headers\": {}, \"content-type\": \"application/x-python-serialize\", \"properties\": {\"body_encoding\": \"base64\", \"correlation_id\": \"288a74cc-c048-4211-94a6-f4ff5af43d1d\", \"reply_to\": \"f2efde61-0c40-3861-86bc-99fe13d52026\", \"delivery_info\": {\"priority\": 0, \"routing_key\": \"celery\", \"exchange\": \"celery\"}, \"delivery_mode\": 2, \"delivery_tag\": \"d57c52a1-991d-4eb3-a32b-05965edc504b\"}, \"content-encoding\": \"binary\"}"}, "model": "kombu_transport_django.message", "pk": 34}, {"fields": {"queue": 1, "visible": false, "sent_at": "2015-04-19T14:56:24.709Z", "payload": "{\"body\": \"gAJ9cQEoVQdleHBpcmVzcQJOVQN1dGNxA4hVBGFyZ3NxBF1xBVUFY2hvcmRxBk5VCWNhbGxiYWNrc3EHTlUIZXJyYmFja3NxCE5VB3Rhc2tzZXRxCU5VAmlkcQpVJDJiODYyNmRiLWRjMTUtNDlhYi1iMDQ2LTkyM2Y4YWQ5MWI0Y3ELVQdyZXRyaWVzcQxLAFUEdGFza3ENVRFhcHAudGFza3MucHJvY2Vzc3EOVQl0aW1lbGltaXRxD05OhlUDZXRhcRBOVQZrd2FyZ3NxEX1xElUFdmlkZW9xE2NkamFuZ28uZGIubW9kZWxzLmJhc2UKbW9kZWxfdW5waWNrbGUKcRRVA2FwcHEVVQVWaWRlb3EWhl1jZGphbmdvLmRiLm1vZGVscy5iYXNlCnNpbXBsZV9jbGFzc19mYWN0b3J5CnEXh1JxGH1xGShVBG5hbWVxGlUAVQN1cmxxG1g2AAAAL1VzZXJzL2t1bmF0by9maW5hbF9wcm9qZWN0L3NlcnZlci9zdGF0aWMvdmlkZW8vMzEubXA0cRxVCnN0YXJ0X3RpbWVxHVgYAAAAMjIyMS0xMi0zMVQxODowMTowMC4wMDBacR5VBl9zdGF0ZXEfY2RqYW5nby5kYi5tb2RlbHMuYmFzZQpNb2RlbFN0YXRlCnEgKYFxIX1xIihVBmFkZGluZ3EjiVUCZGJxJFUHZGVmYXVsdHEldWJVCmFkZGVkX3RpbWVxJmNkYXRldGltZQpkYXRldGltZQpxJ1UKB98EExU4GAU7L4VScShVCWNhbWVyYV9pZEsMVQ1fY2FtZXJhX2NhY2hlcSloFGgVVQZDYW1lcmFxKoZdaBeHUnErfXEsKGgaWAIAAAAxMmgbWAAAAABoH2ggKYFxLX1xLihoI4loJGgldWJVBmhlaWdodHEvS3tVBXdpZHRocTBLe2gKSwx1YlUEdHlwZXExSwFoCksfVQt0cmFja2luZ19pZHEyTnVic3Uu\", \"headers\": {}, \"content-type\": \"application/x-python-serialize\", \"properties\": {\"body_encoding\": \"base64\", \"correlation_id\": \"2b8626db-dc15-49ab-b046-923f8ad91b4c\", \"reply_to\": \"f2efde61-0c40-3861-86bc-99fe13d52026\", \"delivery_info\": {\"priority\": 0, \"routing_key\": \"celery\", \"exchange\": \"celery\"}, \"delivery_mode\": 2, \"delivery_tag\": \"5da30d8a-137a-43df-8c16-834e204739ce\"}, \"content-encoding\": \"binary\"}"}, "model": "kombu_transport_django.message", "pk": 35}, {"fields": {"queue": 1, "visible": false, "sent_at": "2015-04-19T14:56:31.418Z", "payload": "{\"body\": \"gAJ9cQEoVQdleHBpcmVzcQJOVQN1dGNxA4hVBGFyZ3NxBF1xBVUFY2hvcmRxBk5VCWNhbGxiYWNrc3EHTlUIZXJyYmFja3NxCE5VB3Rhc2tzZXRxCU5VAmlkcQpVJGNhODk1YzExLWY0ZGEtNGI0NS1iNGJkLTZhNDU5MzIzYzEzZnELVQdyZXRyaWVzcQxLAFUEdGFza3ENVRFhcHAudGFza3MucHJvY2Vzc3EOVQl0aW1lbGltaXRxD05OhlUDZXRhcRBOVQZrd2FyZ3NxEX1xElUFdmlkZW9xE2NkamFuZ28uZGIubW9kZWxzLmJhc2UKbW9kZWxfdW5waWNrbGUKcRRVA2FwcHEVVQVWaWRlb3EWhl1jZGphbmdvLmRiLm1vZGVscy5iYXNlCnNpbXBsZV9jbGFzc19mYWN0b3J5CnEXh1JxGH1xGShVBG5hbWVxGlgAAAAAVQN1cmxxG1g2AAAAL1VzZXJzL2t1bmF0by9maW5hbF9wcm9qZWN0L3NlcnZlci9zdGF0aWMvdmlkZW8vMzEubXA0VQpzdGFydF90aW1lcRxjZGF0ZXRpbWUKZGF0ZXRpbWUKcR1VCgitDB8SAQAAAABjcHl0egpfVVRDCnEeKVJxH4ZScSBVBl9zdGF0ZXEhY2RqYW5nby5kYi5tb2RlbHMuYmFzZQpNb2RlbFN0YXRlCnEiKYFxI31xJChVBmFkZGluZ3EliVUCZGJxJlUHZGVmYXVsdHEndWJVCWNhbWVyYV9pZEsMVQphZGRlZF90aW1lcShoHVUKB98EEw44GAU7L2gfhlJxKVUEdHlwZXEqSwFoCksfVQt0cmFja2luZ19pZHErTnVic3Uu\", \"headers\": {}, \"content-type\": \"application/x-python-serialize\", \"properties\": {\"body_encoding\": \"base64\", \"correlation_id\": \"ca895c11-f4da-4b45-b4bd-6a459323c13f\", \"reply_to\": \"f2efde61-0c40-3861-86bc-99fe13d52026\", \"delivery_info\": {\"priority\": 0, \"routing_key\": \"celery\", \"exchange\": \"celery\"}, \"delivery_mode\": 2, \"delivery_tag\": \"753d8547-c0dd-4ca8-b9b7-a544483ff6bd\"}, \"content-encoding\": \"binary\"}"}, "model": "kombu_transport_django.message", "pk": 36}, {"fields": {"queue": 1, "visible": false, "sent_at": "2015-04-19T15:11:18.048Z", "payload": "{\"body\": \"gAJ9cQEoVQdleHBpcmVzcQJOVQN1dGNxA4hVBGFyZ3NxBF1xBVUFY2hvcmRxBk5VCWNhbGxiYWNrc3EHTlUIZXJyYmFja3NxCE5VB3Rhc2tzZXRxCU5VAmlkcQpVJGI5ZjYyYzkxLWExMTAtNGUzYi1iOTNkLWExZjkzMWQ4ZjkzYXELVQdyZXRyaWVzcQxLAFUEdGFza3ENVRFhcHAudGFza3MucHJvY2Vzc3EOVQl0aW1lbGltaXRxD05OhlUDZXRhcRBOVQZrd2FyZ3NxEX1xElUFdmlkZW9xE2NkamFuZ28uZGIubW9kZWxzLmJhc2UKbW9kZWxfdW5waWNrbGUKcRRVA2FwcHEVVQVWaWRlb3EWhl1jZGphbmdvLmRiLm1vZGVscy5iYXNlCnNpbXBsZV9jbGFzc19mYWN0b3J5CnEXh1JxGH1xGShVBG5hbWVxGlUAVQN1cmxxG1g2AAAAL1VzZXJzL2t1bmF0by9maW5hbF9wcm9qZWN0L3NlcnZlci9zdGF0aWMvdmlkZW8vMzIubXA0cRxVCnN0YXJ0X3RpbWVxHVgYAAAAMjAwNC0xMi0zMVQxODowMTowMC4wMDBacR5VBl9zdGF0ZXEfY2RqYW5nby5kYi5tb2RlbHMuYmFzZQpNb2RlbFN0YXRlCnEgKYFxIX1xIihVBmFkZGluZ3EjiVUCZGJxJFUHZGVmYXVsdHEldWJVCmFkZGVkX3RpbWVxJmNkYXRldGltZQpkYXRldGltZQpxJ1UKB98EExYLEQmQE4VScShVCWNhbWVyYV9pZEsBVQ1fY2FtZXJhX2NhY2hlcSloFGgVVQZDYW1lcmFxKoZdaBeHUnErfXEsKGgaWAIAAABjMWgbWBIAAAAvc3RhdGljL2ltZy8xLmpwZWdoH2ggKYFxLX1xLihoI4loJGgldWJVBmhlaWdodHEvTeABVQV3aWR0aHEwTVYDaApLAXViVQR0eXBlcTFLAWgKSyBVC3RyYWNraW5nX2lkcTJOdWJzdS4=\", \"headers\": {}, \"content-type\": \"application/x-python-serialize\", \"properties\": {\"body_encoding\": \"base64\", \"correlation_id\": \"b9f62c91-a110-4e3b-b93d-a1f931d8f93a\", \"reply_to\": \"bff43c29-970b-3593-8ca9-8813864dc4c3\", \"delivery_info\": {\"priority\": 0, \"routing_key\": \"celery\", \"exchange\": \"celery\"}, \"delivery_mode\": 2, \"delivery_tag\": \"13ee2b9f-1ff0-4c1b-a14a-9f2e21c9eb54\"}, \"content-encoding\": \"binary\"}"}, "model": "kombu_transport_django.message", "pk": 37}, {"fields": {"queue": 1, "visible": false, "sent_at": "2015-04-19T15:17:22.583Z", "payload": "{\"body\": \"gAJ9cQEoVQdleHBpcmVzcQJOVQN1dGNxA4hVBGFyZ3NxBF1xBVUFY2hvcmRxBk5VCWNhbGxiYWNrc3EHTlUIZXJyYmFja3NxCE5VB3Rhc2tzZXRxCU5VAmlkcQpVJDNlZDhkYmQxLWI3ZTItNDZhYS04NWRlLTYwN2U4MzQ1ODAzZXELVQdyZXRyaWVzcQxLAFUEdGFza3ENVRFhcHAudGFza3MucHJvY2Vzc3EOVQl0aW1lbGltaXRxD05OhlUDZXRhcRBOVQZrd2FyZ3NxEX1xElUFdmlkZW9xE2NkamFuZ28uZGIubW9kZWxzLmJhc2UKbW9kZWxfdW5waWNrbGUKcRRVA2FwcHEVVQVWaWRlb3EWhl1jZGphbmdvLmRiLm1vZGVscy5iYXNlCnNpbXBsZV9jbGFzc19mYWN0b3J5CnEXh1JxGH1xGShVBG5hbWVxGlUAVQN1cmxxG1g2AAAAL1VzZXJzL2t1bmF0by9maW5hbF9wcm9qZWN0L3NlcnZlci9zdGF0aWMvdmlkZW8vMzMubXA0cRxVCnN0YXJ0X3RpbWVxHVgYAAAAMjIyMS0xMi0zMVQxODowMTowMC4wMDBacR5VBl9zdGF0ZXEfY2RqYW5nby5kYi5tb2RlbHMuYmFzZQpNb2RlbFN0YXRlCnEgKYFxIX1xIihVBmFkZGluZ3EjiVUCZGJxJFUHZGVmYXVsdHEldWJVCmFkZGVkX3RpbWVxJmNkYXRldGltZQpkYXRldGltZQpxJ1UKB98EExYRFgOAsYVScShVCWNhbWVyYV9pZEsNVQ1fY2FtZXJhX2NhY2hlcSloFGgVVQZDYW1lcmFxKoZdaBeHUnErfXEsKGgaWAIAAAAxMWgbWAAAAABoH2ggKYFxLX1xLihoI4loJGgldWJVBmhlaWdodHEvS29VBXdpZHRocTBLb2gKSw11YlUEdHlwZXExSwFoCkshVQt0cmFja2luZ19pZHEyTnVic3Uu\", \"headers\": {}, \"content-type\": \"application/x-python-serialize\", \"properties\": {\"body_encoding\": \"base64\", \"correlation_id\": \"3ed8dbd1-b7e2-46aa-85de-607e8345803e\", \"reply_to\": \"bff43c29-970b-3593-8ca9-8813864dc4c3\", \"delivery_info\": {\"priority\": 0, \"routing_key\": \"celery\", \"exchange\": \"celery\"}, \"delivery_mode\": 2, \"delivery_tag\": \"4d3975ac-400e-4828-a0df-f27f7c10e7d5\"}, \"content-encoding\": \"binary\"}"}, "model": "kombu_transport_django.message", "pk": 38}, {"fields": {"queue": 1, "visible": false, "sent_at": "2015-04-19T15:18:41.248Z", "payload": "{\"body\": \"gAJ9cQEoVQdleHBpcmVzcQJOVQN1dGNxA4hVBGFyZ3NxBF1xBVUFY2hvcmRxBk5VCWNhbGxiYWNrc3EHTlUIZXJyYmFja3NxCE5VB3Rhc2tzZXRxCU5VAmlkcQpVJGQyYzdmYjhiLTc2NmEtNGQzZi1iZTYxLTQyODZjM2ZiNzE4Y3ELVQdyZXRyaWVzcQxLAFUEdGFza3ENVRFhcHAudGFza3MucHJvY2Vzc3EOVQl0aW1lbGltaXRxD05OhlUDZXRhcRBOVQZrd2FyZ3NxEX1xElUFdmlkZW9xE2NkamFuZ28uZGIubW9kZWxzLmJhc2UKbW9kZWxfdW5waWNrbGUKcRRVA2FwcHEVVQVWaWRlb3EWhl1jZGphbmdvLmRiLm1vZGVscy5iYXNlCnNpbXBsZV9jbGFzc19mYWN0b3J5CnEXh1JxGH1xGShVBG5hbWVxGlgAAAAAVQN1cmxxG1g2AAAAL1VzZXJzL2t1bmF0by9maW5hbF9wcm9qZWN0L3NlcnZlci9zdGF0aWMvdmlkZW8vMzMubXA0VQpzdGFydF90aW1lcRxjZGF0ZXRpbWUKZGF0ZXRpbWUKcR1VCgitDB8SAQAAAABjcHl0egpfVVRDCnEeKVJxH4ZScSBVBl9zdGF0ZXEhY2RqYW5nby5kYi5tb2RlbHMuYmFzZQpNb2RlbFN0YXRlCnEiKYFxI31xJChVBmFkZGluZ3EliVUCZGJxJlUHZGVmYXVsdHEndWJVCWNhbWVyYV9pZEsNVQphZGRlZF90aW1lcShoHVUKB98EEw8RFgOAsWgfhlJxKVUEdHlwZXEqSwFoCkshVQt0cmFja2luZ19pZHErTnVic3Uu\", \"headers\": {}, \"content-type\": \"application/x-python-serialize\", \"properties\": {\"body_encoding\": \"base64\", \"correlation_id\": \"d2c7fb8b-766a-4d3f-be61-4286c3fb718c\", \"reply_to\": \"bff43c29-970b-3593-8ca9-8813864dc4c3\", \"delivery_info\": {\"priority\": 0, \"routing_key\": \"celery\", \"exchange\": \"celery\"}, \"delivery_mode\": 2, \"delivery_tag\": \"60dc9fa4-60ae-4eb4-8e52-a4c61cefd0f4\"}, \"content-encoding\": \"binary\"}"}, "model": "kombu_transport_django.message", "pk": 39}, {"fields": {"queue": 1, "visible": false, "sent_at": "2015-04-19T15:23:33.230Z", "payload": "{\"body\": \"gAJ9cQEoVQdleHBpcmVzcQJOVQN1dGNxA4hVBGFyZ3NxBF1xBVUFY2hvcmRxBk5VCWNhbGxiYWNrc3EHTlUIZXJyYmFja3NxCE5VB3Rhc2tzZXRxCU5VAmlkcQpVJDg3YzI0YTljLTM0YmUtNDM4OC05NzA2LWRiZDliZGFkN2Y1YnELVQdyZXRyaWVzcQxLAFUEdGFza3ENVRFhcHAudGFza3MucHJvY2Vzc3EOVQl0aW1lbGltaXRxD05OhlUDZXRhcRBOVQZrd2FyZ3NxEX1xElUFdmlkZW9xE2NkamFuZ28uZGIubW9kZWxzLmJhc2UKbW9kZWxfdW5waWNrbGUKcRRVA2FwcHEVVQVWaWRlb3EWhl1jZGphbmdvLmRiLm1vZGVscy5iYXNlCnNpbXBsZV9jbGFzc19mYWN0b3J5CnEXh1JxGH1xGShVBG5hbWVxGlgBAAAAMVUDdXJscRtYNgAAAC9Vc2Vycy9rdW5hdG8vZmluYWxfcHJvamVjdC9zZXJ2ZXIvc3RhdGljL3ZpZGVvLzMzLm1wNFUKc3RhcnRfdGltZXEcY2RhdGV0aW1lCmRhdGV0aW1lCnEdVQoH3wQSEgEAAAAAY3B5dHoKX1VUQwpxHilScR+GUnEgVQZfc3RhdGVxIWNkamFuZ28uZGIubW9kZWxzLmJhc2UKTW9kZWxTdGF0ZQpxIimBcSN9cSQoVQZhZGRpbmdxJYlVAmRicSZVB2RlZmF1bHRxJ3ViVQljYW1lcmFfaWRxKEsNVQphZGRlZF90aW1lcSloHVUKB98EEw8RFgAAAGgfhlJxKlUEdHlwZXErSwFoCkshVQt0cmFja2luZ19pZHEsWCQAAABkMmM3ZmI4Yi03NjZhLTRkM2YtYmU2MS00Mjg2YzNmYjcxOGN1YnN1Lg==\", \"headers\": {}, \"content-type\": \"application/x-python-serialize\", \"properties\": {\"body_encoding\": \"base64\", \"correlation_id\": \"87c24a9c-34be-4388-9706-dbd9bdad7f5b\", \"reply_to\": \"bff43c29-970b-3593-8ca9-8813864dc4c3\", \"delivery_info\": {\"priority\": 0, \"routing_key\": \"celery\", \"exchange\": \"celery\"}, \"delivery_mode\": 2, \"delivery_tag\": \"6fd44886-2e8f-4bdd-9107-4cb194e18a9e\"}, \"content-encoding\": \"binary\"}"}, "model": "kombu_transport_django.message", "pk": 40}, {"fields": {"queue": 1, "visible": false, "sent_at": "2015-04-19T15:26:09.069Z", "payload": "{\"body\": \"gAJ9cQEoVQdleHBpcmVzcQJOVQN1dGNxA4hVBGFyZ3NxBF1xBVUFY2hvcmRxBk5VCWNhbGxiYWNrc3EHTlUIZXJyYmFja3NxCE5VB3Rhc2tzZXRxCU5VAmlkcQpVJDNiOTcyYjg5LThiZGYtNGQxYi04OWZhLTczN2FhYTZjYjA1M3ELVQdyZXRyaWVzcQxLAFUEdGFza3ENVRFhcHAudGFza3MucHJvY2Vzc3EOVQl0aW1lbGltaXRxD05OhlUDZXRhcRBOVQZrd2FyZ3NxEX1xElUFdmlkZW9xE2NkamFuZ28uZGIubW9kZWxzLmJhc2UKbW9kZWxfdW5waWNrbGUKcRRVA2FwcHEVVQVWaWRlb3EWhl1jZGphbmdvLmRiLm1vZGVscy5iYXNlCnNpbXBsZV9jbGFzc19mYWN0b3J5CnEXh1JxGH1xGShVBG5hbWVxGlgBAAAAMVUDdXJscRtYNgAAAC9Vc2Vycy9rdW5hdG8vZmluYWxfcHJvamVjdC9zZXJ2ZXIvc3RhdGljL3ZpZGVvLzMzLm1wNFUKc3RhcnRfdGltZXEcY2RhdGV0aW1lCmRhdGV0aW1lCnEdVQoH3wQSEgEAAAAAY3B5dHoKX1VUQwpxHilScR+GUnEgVQZfc3RhdGVxIWNkamFuZ28uZGIubW9kZWxzLmJhc2UKTW9kZWxTdGF0ZQpxIimBcSN9cSQoVQZhZGRpbmdxJYlVAmRicSZVB2RlZmF1bHRxJ3ViVQljYW1lcmFfaWRxKEsNVQphZGRlZF90aW1lcSloHVUKB98EEw8RFgAAAGgfhlJxKlUEdHlwZXErSwFoCkshVQt0cmFja2luZ19pZHEsWCQAAAA4N2MyNGE5Yy0zNGJlLTQzODgtOTcwNi1kYmQ5YmRhZDdmNWJ1YnN1Lg==\", \"headers\": {}, \"content-type\": \"application/x-python-serialize\", \"properties\": {\"body_encoding\": \"base64\", \"correlation_id\": \"3b972b89-8bdf-4d1b-89fa-737aaa6cb053\", \"reply_to\": \"d6059f12-5725-36d5-ad81-9c30e7ca831a\", \"delivery_info\": {\"priority\": 0, \"routing_key\": \"celery\", \"exchange\": \"celery\"}, \"delivery_mode\": 2, \"delivery_tag\": \"77fa4fce-9f24-44d2-9d8c-0ddf77cf18c3\"}, \"content-encoding\": \"binary\"}"}, "model": "kombu_transport_django.message", "pk": 41}, {"fields": {"queue": 1, "visible": false, "sent_at": "2015-04-19T15:28:12.462Z", "payload": "{\"body\": \"gAJ9cQEoVQdleHBpcmVzcQJOVQN1dGNxA4hVBGFyZ3NxBF1xBVUFY2hvcmRxBk5VCWNhbGxiYWNrc3EHTlUIZXJyYmFja3NxCE5VB3Rhc2tzZXRxCU5VAmlkcQpVJDJiZjQwNjljLTY0OTAtNGUyNi1hM2UzLTUzMGRjZDBmYjI1MHELVQdyZXRyaWVzcQxLAFUEdGFza3ENVRFhcHAudGFza3MucHJvY2Vzc3EOVQl0aW1lbGltaXRxD05OhlUDZXRhcRBOVQZrd2FyZ3NxEX1xElUFdmlkZW9xE2NkamFuZ28uZGIubW9kZWxzLmJhc2UKbW9kZWxfdW5waWNrbGUKcRRVA2FwcHEVVQVWaWRlb3EWhl1jZGphbmdvLmRiLm1vZGVscy5iYXNlCnNpbXBsZV9jbGFzc19mYWN0b3J5CnEXh1JxGH1xGShVBG5hbWVxGlUAVQN1cmxxG1g2AAAAL1VzZXJzL2t1bmF0by9maW5hbF9wcm9qZWN0L3NlcnZlci9zdGF0aWMvdmlkZW8vMzQubXA0cRxVCnN0YXJ0X3RpbWVxHVgYAAAAMjAwNC0xMi0zMVQxODowMTowMC4wMDBacR5VBl9zdGF0ZXEfY2RqYW5nby5kYi5tb2RlbHMuYmFzZQpNb2RlbFN0YXRlCnEgKYFxIX1xIihVBmFkZGluZ3EjiVUCZGJxJFUHZGVmYXVsdHEldWJVCmFkZGVkX3RpbWVxJmNkYXRldGltZQpkYXRldGltZQpxJ1UKB98EExYcDADErIVScShVCWNhbWVyYV9pZEsBVQ1fY2FtZXJhX2NhY2hlcSloFGgVVQZDYW1lcmFxKoZdaBeHUnErfXEsKGgaWAIAAABjMWgbWBIAAAAvc3RhdGljL2ltZy8xLmpwZWdoH2ggKYFxLX1xLihoI4loJGgldWJVBmhlaWdodHEvTeABVQV3aWR0aHEwTVYDaApLAXViVQR0eXBlcTFLAWgKSyJVC3RyYWNraW5nX2lkcTJOdWJzdS4=\", \"headers\": {}, \"content-type\": \"application/x-python-serialize\", \"properties\": {\"body_encoding\": \"base64\", \"correlation_id\": \"2bf4069c-6490-4e26-a3e3-530dcd0fb250\", \"reply_to\": \"4c64fb23-fbbc-3a16-85b0-e2034403e7ef\", \"delivery_info\": {\"priority\": 0, \"routing_key\": \"celery\", \"exchange\": \"celery\"}, \"delivery_mode\": 2, \"delivery_tag\": \"992a13b2-ea12-4649-b816-83a6fad27622\"}, \"content-encoding\": \"binary\"}"}, "model": "kombu_transport_django.message", "pk": 42}, {"fields": {"queue": 1, "visible": false, "sent_at": "2015-04-19T15:29:14.470Z", "payload": "{\"body\": \"gAJ9cQEoVQdleHBpcmVzcQJOVQN1dGNxA4hVBGFyZ3NxBF1xBVUFY2hvcmRxBk5VCWNhbGxiYWNrc3EHTlUIZXJyYmFja3NxCE5VB3Rhc2tzZXRxCU5VAmlkcQpVJGU5ODBjNzQ1LTFlYzktNDQ2ZC1iNDFjLTRjZmEzYjVhZjA2NnELVQdyZXRyaWVzcQxLAFUEdGFza3ENVRFhcHAudGFza3MucHJvY2Vzc3EOVQl0aW1lbGltaXRxD05OhlUDZXRhcRBOVQZrd2FyZ3NxEX1xElUFdmlkZW9xE2NkamFuZ28uZGIubW9kZWxzLmJhc2UKbW9kZWxfdW5waWNrbGUKcRRVA2FwcHEVVQVWaWRlb3EWhl1jZGphbmdvLmRiLm1vZGVscy5iYXNlCnNpbXBsZV9jbGFzc19mYWN0b3J5CnEXh1JxGH1xGShVBG5hbWVxGlUAVQN1cmxxG1g2AAAAL1VzZXJzL2t1bmF0by9maW5hbF9wcm9qZWN0L3NlcnZlci9zdGF0aWMvdmlkZW8vMzUubXA0cRxVCnN0YXJ0X3RpbWVxHVgYAAAAMjAwNC0xMi0zMVQxODowMTowMC4wMDBacR5VBl9zdGF0ZXEfY2RqYW5nby5kYi5tb2RlbHMuYmFzZQpNb2RlbFN0YXRlCnEgKYFxIX1xIihVBmFkZGluZ3EjiVUCZGJxJFUHZGVmYXVsdHEldWJVCmFkZGVkX3RpbWVxJmNkYXRldGltZQpkYXRldGltZQpxJ1UKB98EExYdDgEfPYVScShVCWNhbWVyYV9pZEsBVQ1fY2FtZXJhX2NhY2hlaBRoFVUGQ2FtZXJhcSmGXWgXh1JxKn1xKyhoGlgCAAAAYzFoG1gSAAAAL3N0YXRpYy9pbWcvMS5qcGVnaB9oICmBcSx9cS0oaCOJaCRoJXViVQZoZWlnaHRxLk3gAVUFd2lkdGhxL01WA2gKSwF1YlUEdHlwZXEwSwFoCksjVQt0cmFja2luZ19pZHExTnVic3Uu\", \"headers\": {}, \"content-type\": \"application/x-python-serialize\", \"properties\": {\"body_encoding\": \"base64\", \"correlation_id\": \"e980c745-1ec9-446d-b41c-4cfa3b5af066\", \"reply_to\": \"67641791-f93d-38e3-b84c-982a6be2da41\", \"delivery_info\": {\"priority\": 0, \"routing_key\": \"celery\", \"exchange\": \"celery\"}, \"delivery_mode\": 2, \"delivery_tag\": \"de038df1-bd61-44b3-868d-d949435a8a6c\"}, \"content-encoding\": \"binary\"}"}, "model": "kombu_transport_django.message", "pk": 43}, {"fields": {"queue": 1, "visible": false, "sent_at": "2015-04-19T15:30:04.281Z", "payload": "{\"body\": \"gAJ9cQEoVQdleHBpcmVzcQJOVQN1dGNxA4hVBGFyZ3NxBF1xBVUFY2hvcmRxBk5VCWNhbGxiYWNrc3EHTlUIZXJyYmFja3NxCE5VB3Rhc2tzZXRxCU5VAmlkcQpVJDI0OTk5YjViLWE0MDYtNDU4MC1hMjk1LThjMDIwNWRlMGM3NnELVQdyZXRyaWVzcQxLAFUEdGFza3ENVRFhcHAudGFza3MucHJvY2Vzc3EOVQl0aW1lbGltaXRxD05OhlUDZXRhcRBOVQZrd2FyZ3NxEX1xElUFdmlkZW9xE2NkamFuZ28uZGIubW9kZWxzLmJhc2UKbW9kZWxfdW5waWNrbGUKcRRVA2FwcHEVVQVWaWRlb3EWhl1jZGphbmdvLmRiLm1vZGVscy5iYXNlCnNpbXBsZV9jbGFzc19mYWN0b3J5CnEXh1JxGH1xGShVBG5hbWVxGlgBAAAAMVUDdXJscRtYNgAAAC9Vc2Vycy9rdW5hdG8vZmluYWxfcHJvamVjdC9zZXJ2ZXIvc3RhdGljL3ZpZGVvLzMzLm1wNFUKc3RhcnRfdGltZXEcY2RhdGV0aW1lCmRhdGV0aW1lCnEdVQoH3wQSEgEAAAAAY3B5dHoKX1VUQwpxHilScR+GUnEgVQZfc3RhdGVxIWNkamFuZ28uZGIubW9kZWxzLmJhc2UKTW9kZWxTdGF0ZQpxIimBcSN9cSQoVQZhZGRpbmdxJYlVAmRicSZVB2RlZmF1bHRxJ3ViVQljYW1lcmFfaWRLDVUKYWRkZWRfdGltZXEoaB1VCgffBBMPERYAAABoH4ZScSlVBHR5cGVxKksBaApLIVULdHJhY2tpbmdfaWRxK1gkAAAAM2I5NzJiODktOGJkZi00ZDFiLTg5ZmEtNzM3YWFhNmNiMDUzdWJzdS4=\", \"headers\": {}, \"content-type\": \"application/x-python-serialize\", \"properties\": {\"body_encoding\": \"base64\", \"correlation_id\": \"24999b5b-a406-4580-a295-8c0205de0c76\", \"reply_to\": \"67641791-f93d-38e3-b84c-982a6be2da41\", \"delivery_info\": {\"priority\": 0, \"routing_key\": \"celery\", \"exchange\": \"celery\"}, \"delivery_mode\": 2, \"delivery_tag\": \"b8963740-4d46-4266-a516-285098ed8921\"}, \"content-encoding\": \"binary\"}"}, "model": "kombu_transport_django.message", "pk": 44}, {"fields": {"queue": 1, "visible": false, "sent_at": "2015-04-19T15:31:03.754Z", "payload": "{\"body\": \"gAJ9cQEoVQdleHBpcmVzcQJOVQN1dGNxA4hVBGFyZ3NxBF1xBVUFY2hvcmRxBk5VCWNhbGxiYWNrc3EHTlUIZXJyYmFja3NxCE5VB3Rhc2tzZXRxCU5VAmlkcQpVJDBkM2E3OWRhLWUzMzMtNDg3Yi04Y2UyLTZkMDk3MDRiNTE0OHELVQdyZXRyaWVzcQxLAFUEdGFza3ENVRFhcHAudGFza3MucHJvY2Vzc3EOVQl0aW1lbGltaXRxD05OhlUDZXRhcRBOVQZrd2FyZ3NxEX1xElUFdmlkZW9xE2NkamFuZ28uZGIubW9kZWxzLmJhc2UKbW9kZWxfdW5waWNrbGUKcRRVA2FwcHEVVQVWaWRlb3EWhl1jZGphbmdvLmRiLm1vZGVscy5iYXNlCnNpbXBsZV9jbGFzc19mYWN0b3J5CnEXh1JxGH1xGShVBG5hbWVxGlUAVQN1cmxxG1g2AAAAL1VzZXJzL2t1bmF0by9maW5hbF9wcm9qZWN0L3NlcnZlci9zdGF0aWMvdmlkZW8vMzYubXA0cRxVCnN0YXJ0X3RpbWVxHVgYAAAAMjAwNC0xMi0zMVQxODowMTowMC4wMDBacR5VBl9zdGF0ZXEfY2RqYW5nby5kYi5tb2RlbHMuYmFzZQpNb2RlbFN0YXRlCnEgKYFxIX1xIihVBmFkZGluZ3EjiVUCZGJxJFUHZGVmYXVsdHEldWJVCmFkZGVkX3RpbWVxJmNkYXRldGltZQpkYXRldGltZQpxJ1UKB98EExYfAwVFvYVScShVCWNhbWVyYV9pZEsOVQ1fY2FtZXJhX2NhY2hlcSloFGgVVQZDYW1lcmFxKoZdaBeHUnErfXEsKGgaWAMAAAAxMjNoG1gAAAAAaB9oICmBcS19cS4oaCOJaCRoJXViVQZoZWlnaHRxL01NAVUFd2lkdGhxME1NAWgKSw51YlUEdHlwZXExSwFoCkskVQt0cmFja2luZ19pZHEyTnVic3Uu\", \"headers\": {}, \"content-type\": \"application/x-python-serialize\", \"properties\": {\"body_encoding\": \"base64\", \"correlation_id\": \"0d3a79da-e333-487b-8ce2-6d09704b5148\", \"reply_to\": \"67641791-f93d-38e3-b84c-982a6be2da41\", \"delivery_info\": {\"priority\": 0, \"routing_key\": \"celery\", \"exchange\": \"celery\"}, \"delivery_mode\": 2, \"delivery_tag\": \"4f54480f-dbdf-4cde-90af-c9d581a2d2fd\"}, \"content-encoding\": \"binary\"}"}, "model": "kombu_transport_django.message", "pk": 45}, {"fields": {"queue": 1, "visible": false, "sent_at": "2015-04-19T15:31:42.169Z", "payload": "{\"body\": \"gAJ9cQEoVQdleHBpcmVzcQJOVQN1dGNxA4hVBGFyZ3NxBF1xBVUFY2hvcmRxBk5VCWNhbGxiYWNrc3EHTlUIZXJyYmFja3NxCE5VB3Rhc2tzZXRxCU5VAmlkcQpVJGI3ZTNkYTlhLTdjZmUtNDdkMS05YjM5LWM5ZjkzODI2MzY4NnELVQdyZXRyaWVzcQxLAFUEdGFza3ENVRFhcHAudGFza3MucHJvY2Vzc3EOVQl0aW1lbGltaXRxD05OhlUDZXRhcRBOVQZrd2FyZ3NxEX1xElUFdmlkZW9xE2NkamFuZ28uZGIubW9kZWxzLmJhc2UKbW9kZWxfdW5waWNrbGUKcRRVA2FwcHEVVQVWaWRlb3EWhl1jZGphbmdvLmRiLm1vZGVscy5iYXNlCnNpbXBsZV9jbGFzc19mYWN0b3J5CnEXh1JxGH1xGShVBG5hbWVxGlgAAAAAVQN1cmxxG1g2AAAAL1VzZXJzL2t1bmF0by9maW5hbF9wcm9qZWN0L3NlcnZlci9zdGF0aWMvdmlkZW8vMzYubXA0VQpzdGFydF90aW1lcRxjZGF0ZXRpbWUKZGF0ZXRpbWUKcR1VCgfUDB8SAQAAAABjcHl0egpfVVRDCnEeKVJxH4ZScSBVBl9zdGF0ZXEhY2RqYW5nby5kYi5tb2RlbHMuYmFzZQpNb2RlbFN0YXRlCnEiKYFxI31xJChVBmFkZGluZ3EliVUCZGJxJlUHZGVmYXVsdHEndWJVCWNhbWVyYV9pZEsOVQphZGRlZF90aW1lcShoHVUKB98EEw8fAwVFvWgfhlJxKVUEdHlwZXEqSwFoCkskVQt0cmFja2luZ19pZHErTnVic3Uu\", \"headers\": {}, \"content-type\": \"application/x-python-serialize\", \"properties\": {\"body_encoding\": \"base64\", \"correlation_id\": \"b7e3da9a-7cfe-47d1-9b39-c9f938263686\", \"reply_to\": \"67641791-f93d-38e3-b84c-982a6be2da41\", \"delivery_info\": {\"priority\": 0, \"routing_key\": \"celery\", \"exchange\": \"celery\"}, \"delivery_mode\": 2, \"delivery_tag\": \"c30e8535-082b-4d70-b448-94dc8058f22c\"}, \"content-encoding\": \"binary\"}"}, "model": "kombu_transport_django.message", "pk": 46}, {"fields": {"queue": 1, "visible": false, "sent_at": "2015-04-19T15:33:50.448Z", "payload": "{\"body\": \"gAJ9cQEoVQdleHBpcmVzcQJOVQN1dGNxA4hVBGFyZ3NxBF1xBVUFY2hvcmRxBk5VCWNhbGxiYWNrc3EHTlUIZXJyYmFja3NxCE5VB3Rhc2tzZXRxCU5VAmlkcQpVJGY2MzA1MDE3LTJmNGQtNDg0NS05YTNjLWRiMzNmZjBkNTRlMHELVQdyZXRyaWVzcQxLAFUEdGFza3ENVRFhcHAudGFza3MucHJvY2Vzc3EOVQl0aW1lbGltaXRxD05OhlUDZXRhcRBOVQZrd2FyZ3NxEX1xElUFdmlkZW9xE2NkamFuZ28uZGIubW9kZWxzLmJhc2UKbW9kZWxfdW5waWNrbGUKcRRVA2FwcHEVVQVWaWRlb3EWhl1jZGphbmdvLmRiLm1vZGVscy5iYXNlCnNpbXBsZV9jbGFzc19mYWN0b3J5CnEXh1JxGH1xGShVBG5hbWVxGlUAVQN1cmxxG1g2AAAAL1VzZXJzL2t1bmF0by9maW5hbF9wcm9qZWN0L3NlcnZlci9zdGF0aWMvdmlkZW8vMzcubXA0cRxVCnN0YXJ0X3RpbWVxHWNkYXRldGltZQpkYXRldGltZQpxHlUKB9QMHxIBAAAAAGNkYXRldXRpbC50egp0enV0YwpxHymBcSB9cSFihlJxIlUGX3N0YXRlcSNjZGphbmdvLmRiLm1vZGVscy5iYXNlCk1vZGVsU3RhdGUKcSQpgXElfXEmKFUGYWRkaW5ncSeJVQJkYnEoVQdkZWZhdWx0cSl1YlUKYWRkZWRfdGltZXEqaB5VCgffBBMWITIAABaFUnErVQljYW1lcmFfaWRLAVUNX2NhbWVyYV9jYWNoZWgUaBVVBkNhbWVyYXEshl1oF4dScS19cS4oaBpYAgAAAGMxaBtYEgAAAC9zdGF0aWMvaW1nLzEuanBlZ2gjaCQpgXEvfXEwKGgniWgoaCl1YlUGaGVpZ2h0cTFN4AFVBXdpZHRocTJNVgNoCksBdWJVBHR5cGVxM0sBaApLJVULdHJhY2tpbmdfaWRxNE51YnN1Lg==\", \"headers\": {}, \"content-type\": \"application/x-python-serialize\", \"properties\": {\"body_encoding\": \"base64\", \"correlation_id\": \"f6305017-2f4d-4845-9a3c-db33ff0d54e0\", \"reply_to\": \"80171fe1-4033-3519-85f5-2d14beb367a9\", \"delivery_info\": {\"priority\": 0, \"routing_key\": \"celery\", \"exchange\": \"celery\"}, \"delivery_mode\": 2, \"delivery_tag\": \"e47a9f21-32ec-43b6-9697-f307c326cd74\"}, \"content-encoding\": \"binary\"}"}, "model": "kombu_transport_django.message", "pk": 47}, {"fields": {"queue": 1, "visible": false, "sent_at": "2015-04-19T15:35:09.160Z", "payload": "{\"body\": \"gAJ9cQEoVQdleHBpcmVzcQJOVQN1dGNxA4hVBGFyZ3NxBF1xBVUFY2hvcmRxBk5VCWNhbGxiYWNrc3EHTlUIZXJyYmFja3NxCE5VB3Rhc2tzZXRxCU5VAmlkcQpVJGI5MmIyZDg0LTU0ZmItNDUwZC1hZTZiLTQ2ODc3MjQ1OTI2MHELVQdyZXRyaWVzcQxLAFUEdGFza3ENVRFhcHAudGFza3MucHJvY2Vzc3EOVQl0aW1lbGltaXRxD05OhlUDZXRhcRBOVQZrd2FyZ3NxEX1xElUFdmlkZW9xE2NkamFuZ28uZGIubW9kZWxzLmJhc2UKbW9kZWxfdW5waWNrbGUKcRRVA2FwcHEVVQVWaWRlb3EWhl1jZGphbmdvLmRiLm1vZGVscy5iYXNlCnNpbXBsZV9jbGFzc19mYWN0b3J5CnEXh1JxGH1xGShVBG5hbWVxGlUAVQN1cmxxG1g2AAAAL1VzZXJzL2t1bmF0by9maW5hbF9wcm9qZWN0L3NlcnZlci9zdGF0aWMvdmlkZW8vMzgubXA0cRxVCnN0YXJ0X3RpbWVxHWNkYXRldGltZQpkYXRldGltZQpxHlUKB9QMHxIBAAAAAGNkYXRldXRpbC50egp0enV0YwpxHymBcSB9cSFihlJxIlUGX3N0YXRlcSNjZGphbmdvLmRiLm1vZGVscy5iYXNlCk1vZGVsU3RhdGUKcSQpgXElfXEmKFUGYWRkaW5ncSeJVQJkYnEoVQdkZWZhdWx0cSl1YlUKYWRkZWRfdGltZXEqaB5VCgffBBMWIwgLzj2FUnErVQljYW1lcmFfaWRLD1UNX2NhbWVyYV9jYWNoZXEsaBRoFVUGQ2FtZXJhcS2GXWgXh1JxLn1xLyhoGlgDAAAAMTIzaBtYAAAAAGgjaCQpgXEwfXExKGgniWgoaCl1YlUGaGVpZ2h0cTJLe1UFd2lkdGhxM0t7aApLD3ViVQR0eXBlcTRLAWgKSyZVC3RyYWNraW5nX2lkcTVOdWJzdS4=\", \"headers\": {}, \"content-type\": \"application/x-python-serialize\", \"properties\": {\"body_encoding\": \"base64\", \"correlation_id\": \"b92b2d84-54fb-450d-ae6b-468772459260\", \"reply_to\": \"80171fe1-4033-3519-85f5-2d14beb367a9\", \"delivery_info\": {\"priority\": 0, \"routing_key\": \"celery\", \"exchange\": \"celery\"}, \"delivery_mode\": 2, \"delivery_tag\": \"12adf0fd-3044-4f7a-a0ff-18f4ca30d5bf\"}, \"content-encoding\": \"binary\"}"}, "model": "kombu_transport_django.message", "pk": 48}, {"fields": {"queue": 1, "visible": false, "sent_at": "2015-04-19T15:35:52.106Z", "payload": "{\"body\": \"gAJ9cQEoVQdleHBpcmVzcQJOVQN1dGNxA4hVBGFyZ3NxBF1xBVUFY2hvcmRxBk5VCWNhbGxiYWNrc3EHTlUIZXJyYmFja3NxCE5VB3Rhc2tzZXRxCU5VAmlkcQpVJGQzZGYzMDE1LTQ1ZjItNDAxNC05NmZiLTQ0ZWYzY2ZlOTJhYnELVQdyZXRyaWVzcQxLAFUEdGFza3ENVRFhcHAudGFza3MucHJvY2Vzc3EOVQl0aW1lbGltaXRxD05OhlUDZXRhcRBOVQZrd2FyZ3NxEX1xElUFdmlkZW9xE2NkamFuZ28uZGIubW9kZWxzLmJhc2UKbW9kZWxfdW5waWNrbGUKcRRVA2FwcHEVVQVWaWRlb3EWhl1jZGphbmdvLmRiLm1vZGVscy5iYXNlCnNpbXBsZV9jbGFzc19mYWN0b3J5CnEXh1JxGH1xGShVBG5hbWVxGlgAAAAAVQN1cmxxG1g2AAAAL1VzZXJzL2t1bmF0by9maW5hbF9wcm9qZWN0L3NlcnZlci9zdGF0aWMvdmlkZW8vMzgubXA0VQpzdGFydF90aW1lcRxjZGF0ZXRpbWUKZGF0ZXRpbWUKcR1VCgfUDB8SAQAAAABjcHl0egpfVVRDCnEeKVJxH4ZScSBVBl9zdGF0ZXEhY2RqYW5nby5kYi5tb2RlbHMuYmFzZQpNb2RlbFN0YXRlCnEiKYFxI31xJChVBmFkZGluZ3EliVUCZGJxJlUHZGVmYXVsdHEndWJVCWNhbWVyYV9pZEsPVQphZGRlZF90aW1lcShoHVUKB98EEw8jCAvOPWgfhlJxKVUEdHlwZXEqSwFoCksmVQt0cmFja2luZ19pZHErTnVic3Uu\", \"headers\": {}, \"content-type\": \"application/x-python-serialize\", \"properties\": {\"body_encoding\": \"base64\", \"correlation_id\": \"d3df3015-45f2-4014-96fb-44ef3cfe92ab\", \"reply_to\": \"80171fe1-4033-3519-85f5-2d14beb367a9\", \"delivery_info\": {\"priority\": 0, \"routing_key\": \"celery\", \"exchange\": \"celery\"}, \"delivery_mode\": 2, \"delivery_tag\": \"ec178fc6-67f4-4e53-92d1-9d7c2ff7cd17\"}, \"content-encoding\": \"binary\"}"}, "model": "kombu_transport_django.message", "pk": 49}, {"fields": {"queue": 1, "visible": false, "sent_at": "2015-04-20T06:38:02.781Z", "payload": "{\"body\": \"gAJ9cQEoVQdleHBpcmVzcQJOVQN1dGNxA4hVBGFyZ3NxBF1xBVUFY2hvcmRxBk5VCWNhbGxiYWNrc3EHTlUIZXJyYmFja3NxCE5VB3Rhc2tzZXRxCU5VAmlkcQpVJDI0ZjdjMmU0LWRhMzEtNDhjYy05NmVjLWJlZDc2YjBkYzZjY3ELVQdyZXRyaWVzcQxLAFUEdGFza3ENVRFhcHAudGFza3MucHJvY2Vzc3EOVQl0aW1lbGltaXRxD05OhlUDZXRhcRBOVQZrd2FyZ3NxEX1xElUFdmlkZW9xE2NkamFuZ28uZGIubW9kZWxzLmJhc2UKbW9kZWxfdW5waWNrbGUKcRRVA2FwcHEVVQVWaWRlb3EWhl1jZGphbmdvLmRiLm1vZGVscy5iYXNlCnNpbXBsZV9jbGFzc19mYWN0b3J5CnEXh1JxGH1xGShVBG5hbWVxGlUAVQN1cmxxG1g2AAAAL1VzZXJzL2t1bmF0by9maW5hbF9wcm9qZWN0L3NlcnZlci9zdGF0aWMvdmlkZW8vMzkubXA0cRxVCnN0YXJ0X3RpbWVxHWNkYXRldGltZQpkYXRldGltZQpxHlUKB98EFAYAAAAAAGNkYXRldXRpbC50egp0enV0YwpxHymBcSB9cSFihlJxIlUGX3N0YXRlcSNjZGphbmdvLmRiLm1vZGVscy5iYXNlCk1vZGVsU3RhdGUKcSQpgXElfXEmKFUGYWRkaW5ncSeJVQJkYnEoVQdkZWZhdWx0cSl1YlUKYWRkZWRfdGltZXEqaB5VCgffBBQNJgEEmweFUnErVQljYW1lcmFfaWRLAVUNX2NhbWVyYV9jYWNoZXEsaBRoFVUGQ2FtZXJhcS2GXWgXh1JxLn1xLyhoGlgCAAAAYzFoG1gSAAAAL3N0YXRpYy9pbWcvMS5qcGVnaCNoJCmBcTB9cTEoaCeJaChoKXViVQZoZWlnaHRxMk3gAVUFd2lkdGhxM01WA2gKSwF1YlUEdHlwZXE0SwFoCksnVQt0cmFja2luZ19pZHE1TnVic3Uu\", \"headers\": {}, \"content-type\": \"application/x-python-serialize\", \"properties\": {\"body_encoding\": \"base64\", \"correlation_id\": \"24f7c2e4-da31-48cc-96ec-bed76b0dc6cc\", \"reply_to\": \"cfb67ba4-6968-32f0-9c95-5d8118590699\", \"delivery_info\": {\"priority\": 0, \"routing_key\": \"celery\", \"exchange\": \"celery\"}, \"delivery_mode\": 2, \"delivery_tag\": \"8dfb3dd6-30bc-40e2-bbfd-ffc9030d4aa1\"}, \"content-encoding\": \"binary\"}"}, "model": "kombu_transport_django.message", "pk": 50}, {"fields": {"queue": 1, "visible": false, "sent_at": "2015-04-20T06:38:17.029Z", "payload": "{\"body\": \"gAJ9cQEoVQdleHBpcmVzcQJOVQN1dGNxA4hVBGFyZ3NxBF1xBVUFY2hvcmRxBk5VCWNhbGxiYWNrc3EHTlUIZXJyYmFja3NxCE5VB3Rhc2tzZXRxCU5VAmlkcQpVJGZmNGQyMWQwLTVlMWMtNGI5Zi04NmI1LTVlOTlkODFlMTRhMnELVQdyZXRyaWVzcQxLAFUEdGFza3ENVRFhcHAudGFza3MucHJvY2Vzc3EOVQl0aW1lbGltaXRxD05OhlUDZXRhcRBOVQZrd2FyZ3NxEX1xElUFdmlkZW9xE2NkamFuZ28uZGIubW9kZWxzLmJhc2UKbW9kZWxfdW5waWNrbGUKcRRVA2FwcHEVVQVWaWRlb3EWhl1jZGphbmdvLmRiLm1vZGVscy5iYXNlCnNpbXBsZV9jbGFzc19mYWN0b3J5CnEXh1JxGH1xGShVBG5hbWVxGlUAVQN1cmxxG1g2AAAAL1VzZXJzL2t1bmF0by9maW5hbF9wcm9qZWN0L3NlcnZlci9zdGF0aWMvdmlkZW8vNDAubXA0cRxVCnN0YXJ0X3RpbWVxHWNkYXRldGltZQpkYXRldGltZQpxHlUKB98EFAYAAAAAAGNkYXRldXRpbC50egp0enV0YwpxHymBcSB9cSFihlJxIlUGX3N0YXRlcSNjZGphbmdvLmRiLm1vZGVscy5iYXNlCk1vZGVsU3RhdGUKcSQpgXElfXEmKFUGYWRkaW5ncSeJVQJkYnEoVQdkZWZhdWx0cSl1YlUKYWRkZWRfdGltZXEqaB5VCgffBBQNJhAJsqCFUnErVQljYW1lcmFfaWRLAlUNX2NhbWVyYV9jYWNoZXEsaBRoFVUGQ2FtZXJhcS2GXWgXh1JxLn1xLyhoGlgCAAAAYzJoG1gSAAAAL3N0YXRpYy9pbWcvMi5qcGVnaCNoJCmBcTB9cTEoaCeJaChoKXViVQZoZWlnaHRxMk3gAVUFd2lkdGhxM01WA2gKSwJ1YlUEdHlwZXE0SwFoCksoVQt0cmFja2luZ19pZHE1TnVic3Uu\", \"headers\": {}, \"content-type\": \"application/x-python-serialize\", \"properties\": {\"body_encoding\": \"base64\", \"correlation_id\": \"ff4d21d0-5e1c-4b9f-86b5-5e99d81e14a2\", \"reply_to\": \"cfb67ba4-6968-32f0-9c95-5d8118590699\", \"delivery_info\": {\"priority\": 0, \"routing_key\": \"celery\", \"exchange\": \"celery\"}, \"delivery_mode\": 2, \"delivery_tag\": \"0c4beed9-d3ad-4a6d-9e67-fefb4c5d6842\"}, \"content-encoding\": \"binary\"}"}, "model": "kombu_transport_django.message", "pk": 51}, {"fields": {"queue": 1, "visible": false, "sent_at": "2015-04-20T06:43:57.318Z", "payload": "{\"body\": \"gAJ9cQEoVQdleHBpcmVzcQJOVQN1dGNxA4hVBGFyZ3NxBF1xBVUFY2hvcmRxBk5VCWNhbGxiYWNrc3EHTlUIZXJyYmFja3NxCE5VB3Rhc2tzZXRxCU5VAmlkcQpVJDI4MjQ1ZTZmLWE3NjMtNDAxNS1hYWYwLTQ0YjZiMjk0ZmQ4OXELVQdyZXRyaWVzcQxLAFUEdGFza3ENVRFhcHAudGFza3MucHJvY2Vzc3EOVQl0aW1lbGltaXRxD05OhlUDZXRhcRBOVQZrd2FyZ3NxEX1xElUFdmlkZW9xE2NkamFuZ28uZGIubW9kZWxzLmJhc2UKbW9kZWxfdW5waWNrbGUKcRRVA2FwcHEVVQVWaWRlb3EWhl1jZGphbmdvLmRiLm1vZGVscy5iYXNlCnNpbXBsZV9jbGFzc19mYWN0b3J5CnEXh1JxGH1xGShVBG5hbWVxGlUAVQN1cmxxG1g2AAAAL1VzZXJzL2t1bmF0by9maW5hbF9wcm9qZWN0L3NlcnZlci9zdGF0aWMvdmlkZW8vNDEubXA0cRxVCnN0YXJ0X3RpbWVxHWNkYXRldGltZQpkYXRldGltZQpxHlUKB98EFAYAAAAAAGNkYXRldXRpbC50egp0enV0YwpxHymBcSB9cSFihlJxIlUGX3N0YXRlcSNjZGphbmdvLmRiLm1vZGVscy5iYXNlCk1vZGVsU3RhdGUKcSQpgXElfXEmKFUGYWRkaW5ncSeJVQJkYnEoVQdkZWZhdWx0cSl1YlUKYWRkZWRfdGltZXEqaB5VCgffBBQNKzgL+LmFUnErVQljYW1lcmFfaWRLA1UNX2NhbWVyYV9jYWNoZXEsaBRoFVUGQ2FtZXJhcS2GXWgXh1JxLn1xLyhoGlgCAAAAYzNoG1gSAAAAL3N0YXRpYy9pbWcvOS5qcGVnaCNoJCmBcTB9cTEoaCeJaChoKXViVQZoZWlnaHRxMk3gAVUFd2lkdGhxM01WA2gKSwN1YlUEdHlwZXE0SwFoCkspVQt0cmFja2luZ19pZHE1TnVic3Uu\", \"headers\": {}, \"content-type\": \"application/x-python-serialize\", \"properties\": {\"body_encoding\": \"base64\", \"correlation_id\": \"28245e6f-a763-4015-aaf0-44b6b294fd89\", \"reply_to\": \"cfb67ba4-6968-32f0-9c95-5d8118590699\", \"delivery_info\": {\"priority\": 0, \"routing_key\": \"celery\", \"exchange\": \"celery\"}, \"delivery_mode\": 2, \"delivery_tag\": \"1819ee10-08d9-4a3c-a075-2de1c0348e7b\"}, \"content-encoding\": \"binary\"}"}, "model": "kombu_transport_django.message", "pk": 52}, {"fields": {"queue": 1, "visible": false, "sent_at": "2015-04-20T06:47:49.754Z", "payload": "{\"body\": \"gAJ9cQEoVQdleHBpcmVzcQJOVQN1dGNxA4hVBGFyZ3NxBF1xBVUFY2hvcmRxBk5VCWNhbGxiYWNrc3EHTlUIZXJyYmFja3NxCE5VB3Rhc2tzZXRxCU5VAmlkcQpVJGZkZDNkZmViLTY3YzAtNGYxYS1iNTVjLWRjMDFhNzYwMjkwMHELVQdyZXRyaWVzcQxLAFUEdGFza3ENVRFhcHAudGFza3MucHJvY2Vzc3EOVQl0aW1lbGltaXRxD05OhlUDZXRhcRBOVQZrd2FyZ3NxEX1xElUFdmlkZW9xE2NkamFuZ28uZGIubW9kZWxzLmJhc2UKbW9kZWxfdW5waWNrbGUKcRRVA2FwcHEVVQVWaWRlb3EWhl1jZGphbmdvLmRiLm1vZGVscy5iYXNlCnNpbXBsZV9jbGFzc19mYWN0b3J5CnEXh1JxGH1xGShVBG5hbWVxGlUAVQN1cmxxG1g2AAAAL1VzZXJzL2t1bmF0by9maW5hbF9wcm9qZWN0L3NlcnZlci9zdGF0aWMvdmlkZW8vNDIubXA0cRxVCnN0YXJ0X3RpbWVxHWNkYXRldGltZQpkYXRldGltZQpxHlUKB98EFAYAAAAAAGNkYXRldXRpbC50egp0enV0YwpxHymBcSB9cSFihlJxIlUGX3N0YXRlcSNjZGphbmdvLmRiLm1vZGVscy5iYXNlCk1vZGVsU3RhdGUKcSQpgXElfXEmKFUGYWRkaW5ncSeJVQJkYnEoVQdkZWZhdWx0cSl1YlUKYWRkZWRfdGltZXEqaB5VCgffBBQNLzEFoIaFUnErVQljYW1lcmFfaWRLA1UNX2NhbWVyYV9jYWNoZXEsaBRoFVUGQ2FtZXJhcS2GXWgXh1JxLn1xLyhoGlgCAAAAYzNoG1gSAAAAL3N0YXRpYy9pbWcvOS5qcGVnaCNoJCmBcTB9cTEoaCeJaChoKXViVQZoZWlnaHRxMk3gAVUFd2lkdGhxM01WA2gKSwN1YlUEdHlwZXE0SwFoCksqVQt0cmFja2luZ19pZHE1TnVic3Uu\", \"headers\": {}, \"content-type\": \"application/x-python-serialize\", \"properties\": {\"body_encoding\": \"base64\", \"correlation_id\": \"fdd3dfeb-67c0-4f1a-b55c-dc01a7602900\", \"reply_to\": \"cfb67ba4-6968-32f0-9c95-5d8118590699\", \"delivery_info\": {\"priority\": 0, \"routing_key\": \"celery\", \"exchange\": \"celery\"}, \"delivery_mode\": 2, \"delivery_tag\": \"8a15c220-6593-461b-9e9d-43616368abb3\"}, \"content-encoding\": \"binary\"}"}, "model": "kombu_transport_django.message", "pk": 53}, {"fields": {"queue": 1, "visible": false, "sent_at": "2015-04-29T02:47:56.254Z", "payload": "{\"body\": \"gAJ9cQEoVQdleHBpcmVzcQJOVQN1dGNxA4hVBGFyZ3NxBF1xBVUFY2hvcmRxBk5VCWNhbGxiYWNrc3EHTlUIZXJyYmFja3NxCE5VB3Rhc2tzZXRxCU5VAmlkcQpVJDU5OTQ0YjY3LTA4MDMtNDA1Yi1iYjU1LTRlYTVkN2ExYjIyN3ELVQdyZXRyaWVzcQxLAFUEdGFza3ENVRFhcHAudGFza3MucHJvY2Vzc3EOVQl0aW1lbGltaXRxD05OhlUDZXRhcRBOVQZrd2FyZ3NxEX1xElUFdmlkZW9xE2NkamFuZ28uZGIubW9kZWxzLmJhc2UKbW9kZWxfdW5waWNrbGUKcRRVA2FwcHEVVQVWaWRlb3EWhl1jZGphbmdvLmRiLm1vZGVscy5iYXNlCnNpbXBsZV9jbGFzc19mYWN0b3J5CnEXh1JxGH1xGShVBG5hbWVxGlUAVQN1cmxxG1g2AAAAL1VzZXJzL2t1bmF0by9maW5hbF9wcm9qZWN0L3NlcnZlci9zdGF0aWMvdmlkZW8vNDMubXA0cRxVCnN0YXJ0X3RpbWVxHWNkYXRldGltZQpkYXRldGltZQpxHlUKB9ABAQIAAAAAAGNkYXRldXRpbC50egp0enV0YwpxHymBcSB9cSFihlJxIlUGX3N0YXRlcSNjZGphbmdvLmRiLm1vZGVscy5iYXNlCk1vZGVsU3RhdGUKcSQpgXElfXEmKFUGYWRkaW5ncSeJVQJkYnEoVQdkZWZhdWx0cSl1YlUKYWRkZWRfdGltZXEqaB5VCgffBB0JLzcLrV6FUnErVQljYW1lcmFfaWRLAVUNX2NhbWVyYV9jYWNoZXEsaBRoFVUGQ2FtZXJhcS2GXWgXh1JxLn1xLyhoGlgQAAAAQ2hhbmRyYXNhdGl0eWEgMWgbWAAAAABoI2gkKYFxMH1xMShoJ4loKGgpdWJVBmhlaWdodHEyTeABVQV3aWR0aHEzTVYDaApLAXViVQR0eXBlcTRLAWgKSytVC3RyYWNraW5nX2lkcTVOdWJzdS4=\", \"headers\": {}, \"content-type\": \"application/x-python-serialize\", \"properties\": {\"body_encoding\": \"base64\", \"correlation_id\": \"59944b67-0803-405b-bb55-4ea5d7a1b227\", \"reply_to\": \"4018f80a-afd3-3934-a05d-b8060ec0baff\", \"delivery_info\": {\"priority\": 0, \"routing_key\": \"celery\", \"exchange\": \"celery\"}, \"delivery_mode\": 2, \"delivery_tag\": \"ceebe139-dd37-4f9c-ab67-eafd5344f050\"}, \"content-encoding\": \"binary\"}"}, "model": "kombu_transport_django.message", "pk": 54}, {"fields": {"queue": 1, "visible": false, "sent_at": "2015-04-29T02:48:28.739Z", "payload": "{\"body\": \"gAJ9cQEoVQdleHBpcmVzcQJOVQN1dGNxA4hVBGFyZ3NxBF1xBVUFY2hvcmRxBk5VCWNhbGxiYWNrc3EHTlUIZXJyYmFja3NxCE5VB3Rhc2tzZXRxCU5VAmlkcQpVJDQ5MTIwZTgxLTM3YjgtNDE3MS1hNzZlLWNmMGZhNDZmYWQ0MHELVQdyZXRyaWVzcQxLAFUEdGFza3ENVRFhcHAudGFza3MucHJvY2Vzc3EOVQl0aW1lbGltaXRxD05OhlUDZXRhcRBOVQZrd2FyZ3NxEX1xElUFdmlkZW9xE2NkamFuZ28uZGIubW9kZWxzLmJhc2UKbW9kZWxfdW5waWNrbGUKcRRVA2FwcHEVVQVWaWRlb3EWhl1jZGphbmdvLmRiLm1vZGVscy5iYXNlCnNpbXBsZV9jbGFzc19mYWN0b3J5CnEXh1JxGH1xGShVBG5hbWVxGlgAAAAAVQN1cmxxG1g2AAAAL1VzZXJzL2t1bmF0by9maW5hbF9wcm9qZWN0L3NlcnZlci9zdGF0aWMvdmlkZW8vNDMubXA0VQpzdGFydF90aW1lcRxjZGF0ZXRpbWUKZGF0ZXRpbWUKcR1VCgfQAQECAAAAAABjcHl0egpfVVRDCnEeKVJxH4ZScSBVBl9zdGF0ZXEhY2RqYW5nby5kYi5tb2RlbHMuYmFzZQpNb2RlbFN0YXRlCnEiKYFxI31xJChVBmFkZGluZ3EliVUCZGJxJlUHZGVmYXVsdHEndWJVCWNhbWVyYV9pZEsBVQphZGRlZF90aW1lcShoHVUKB98EHQIvNwutXmgfhlJxKVUEdHlwZXEqSwFoCksrVQt0cmFja2luZ19pZHErTnVic3Uu\", \"headers\": {}, \"content-type\": \"application/x-python-serialize\", \"properties\": {\"body_encoding\": \"base64\", \"correlation_id\": \"49120e81-37b8-4171-a76e-cf0fa46fad40\", \"reply_to\": \"4018f80a-afd3-3934-a05d-b8060ec0baff\", \"delivery_info\": {\"priority\": 0, \"routing_key\": \"celery\", \"exchange\": \"celery\"}, \"delivery_mode\": 2, \"delivery_tag\": \"b0bef64d-93cd-41e0-b2e4-10f1ec9eaa25\"}, \"content-encoding\": \"binary\"}"}, "model": "kombu_transport_django.message", "pk": 55}, {"fields": {"queue": 1, "visible": false, "sent_at": "2015-04-29T02:48:51.657Z", "payload": "{\"body\": \"gAJ9cQEoVQdleHBpcmVzcQJOVQN1dGNxA4hVBGFyZ3NxBF1xBVUFY2hvcmRxBk5VCWNhbGxiYWNrc3EHTlUIZXJyYmFja3NxCE5VB3Rhc2tzZXRxCU5VAmlkcQpVJGYxNTFlYmQ4LWMwOTAtNDMyNS1iMDlhLWVmYTllM2RmOTRkNnELVQdyZXRyaWVzcQxLAFUEdGFza3ENVRFhcHAudGFza3MucHJvY2Vzc3EOVQl0aW1lbGltaXRxD05OhlUDZXRhcRBOVQZrd2FyZ3NxEX1xElUFdmlkZW9xE2NkamFuZ28uZGIubW9kZWxzLmJhc2UKbW9kZWxfdW5waWNrbGUKcRRVA2FwcHEVVQVWaWRlb3EWhl1jZGphbmdvLmRiLm1vZGVscy5iYXNlCnNpbXBsZV9jbGFzc19mYWN0b3J5CnEXh1JxGH1xGShVBG5hbWVxGlUAVQN1cmxxG1g2AAAAL1VzZXJzL2t1bmF0by9maW5hbF9wcm9qZWN0L3NlcnZlci9zdGF0aWMvdmlkZW8vNDQubXA0cRxVCnN0YXJ0X3RpbWVxHWNkYXRldGltZQpkYXRldGltZQpxHlUKB9ABAQIAAAAAAGNkYXRldXRpbC50egp0enV0YwpxHymBcSB9cSFihlJxIlUGX3N0YXRlcSNjZGphbmdvLmRiLm1vZGVscy5iYXNlCk1vZGVsU3RhdGUKcSQpgXElfXEmKFUGYWRkaW5ncSeJVQJkYnEoVQdkZWZhdWx0cSl1YlUKYWRkZWRfdGltZXEqaB5VCgffBB0JMDMBuW+FUnErVQljYW1lcmFfaWRLElUNX2NhbWVyYV9jYWNoZXEsaBRoFVUGQ2FtZXJhcS2GXWgXh1JxLn1xLyhoGlgQAAAAQ2h1Y2hhdCBLYW1waHUgMWgbWAAAAABoI2gkKYFxMH1xMShoJ4loKGgpdWJVBmhlaWdodHEyTeABVQV3aWR0aHEzTVYDaApLEnViVQR0eXBlcTRLAWgKSyxVC3RyYWNraW5nX2lkcTVOdWJzdS4=\", \"headers\": {}, \"content-type\": \"application/x-python-serialize\", \"properties\": {\"body_encoding\": \"base64\", \"correlation_id\": \"f151ebd8-c090-4325-b09a-efa9e3df94d6\", \"reply_to\": \"4018f80a-afd3-3934-a05d-b8060ec0baff\", \"delivery_info\": {\"priority\": 0, \"routing_key\": \"celery\", \"exchange\": \"celery\"}, \"delivery_mode\": 2, \"delivery_tag\": \"737429f2-9204-46ae-8d53-0e2f12145a86\"}, \"content-encoding\": \"binary\"}"}, "model": "kombu_transport_django.message", "pk": 56}, {"fields": {"queue": 1, "visible": false, "sent_at": "2015-04-29T02:49:54.725Z", "payload": "{\"body\": \"gAJ9cQEoVQdleHBpcmVzcQJOVQN1dGNxA4hVBGFyZ3NxBF1xBVUFY2hvcmRxBk5VCWNhbGxiYWNrc3EHTlUIZXJyYmFja3NxCE5VB3Rhc2tzZXRxCU5VAmlkcQpVJDNlZmQ0MGFkLWMzOGYtNDg5Ni1hMWRkLTQwNmE4YjE4ZDg1MnELVQdyZXRyaWVzcQxLAFUEdGFza3ENVRFhcHAudGFza3MucHJvY2Vzc3EOVQl0aW1lbGltaXRxD05OhlUDZXRhcRBOVQZrd2FyZ3NxEX1xElUFdmlkZW9xE2NkamFuZ28uZGIubW9kZWxzLmJhc2UKbW9kZWxfdW5waWNrbGUKcRRVA2FwcHEVVQVWaWRlb3EWhl1jZGphbmdvLmRiLm1vZGVscy5iYXNlCnNpbXBsZV9jbGFzc19mYWN0b3J5CnEXh1JxGH1xGShVBG5hbWVxGlgAAAAAVQN1cmxxG1g2AAAAL1VzZXJzL2t1bmF0by9maW5hbF9wcm9qZWN0L3NlcnZlci9zdGF0aWMvdmlkZW8vNDQubXA0VQpzdGFydF90aW1lcRxjZGF0ZXRpbWUKZGF0ZXRpbWUKcR1VCgfQAQECAAAAAABjcHl0egpfVVRDCnEeKVJxH4ZScSBVBl9zdGF0ZXEhY2RqYW5nby5kYi5tb2RlbHMuYmFzZQpNb2RlbFN0YXRlCnEiKYFxI31xJChVBmFkZGluZ3EliVUCZGJxJlUHZGVmYXVsdHEndWJVCWNhbWVyYV9pZEsSVQphZGRlZF90aW1lcShoHVUKB98EHQIwMwG5b2gfhlJxKVUEdHlwZXEqSwFoCkssVQt0cmFja2luZ19pZHErTnVic3Uu\", \"headers\": {}, \"content-type\": \"application/x-python-serialize\", \"properties\": {\"body_encoding\": \"base64\", \"correlation_id\": \"3efd40ad-c38f-4896-a1dd-406a8b18d852\", \"reply_to\": \"4018f80a-afd3-3934-a05d-b8060ec0baff\", \"delivery_info\": {\"priority\": 0, \"routing_key\": \"celery\", \"exchange\": \"celery\"}, \"delivery_mode\": 2, \"delivery_tag\": \"b2202545-e2d7-4668-af99-6c97d600ee6d\"}, \"content-encoding\": \"binary\"}"}, "model": "kombu_transport_django.message", "pk": 57}, {"fields": {"queue": 1, "visible": false, "sent_at": "2015-04-29T03:33:48.410Z", "payload": "{\"body\": \"gAJ9cQEoVQdleHBpcmVzcQJOVQN1dGNxA4hVBGFyZ3NxBF1xBVUFY2hvcmRxBk5VCWNhbGxiYWNrc3EHTlUIZXJyYmFja3NxCE5VB3Rhc2tzZXRxCU5VAmlkcQpVJDE0NTE0ZDZiLTA0MjUtNDljNy1hOTFlLWJkNDI3NDc5NTE5Y3ELVQdyZXRyaWVzcQxLAFUEdGFza3ENVRFhcHAudGFza3MucHJvY2Vzc3EOVQl0aW1lbGltaXRxD05OhlUDZXRhcRBOVQZrd2FyZ3NxEX1xElUFdmlkZW9xE2NkamFuZ28uZGIubW9kZWxzLmJhc2UKbW9kZWxfdW5waWNrbGUKcRRVA2FwcHEVVQVWaWRlb3EWhl1jZGphbmdvLmRiLm1vZGVscy5iYXNlCnNpbXBsZV9jbGFzc19mYWN0b3J5CnEXh1JxGH1xGShVBG5hbWVxGlUAVQN1cmxxG1g2AAAAL1VzZXJzL2t1bmF0by9maW5hbF9wcm9qZWN0L3NlcnZlci9zdGF0aWMvdmlkZW8vNDUubXA0cRxVCnN0YXJ0X3RpbWVxHWNkYXRldGltZQpkYXRldGltZQpxHlUKB9UBAQIAAAAAAGNkYXRldXRpbC50egp0enV0YwpxHymBcSB9cSFihlJxIlUGX3N0YXRlcSNjZGphbmdvLmRiLm1vZGVscy5iYXNlCk1vZGVsU3RhdGUKcSQpgXElfXEmKFUGYWRkaW5ncSeJVQJkYnEoVQdkZWZhdWx0cSl1YlUKYWRkZWRfdGltZXEqaB5VCgffBB0KITABLCuFUnErVQljYW1lcmFfaWRLAVUNX2NhbWVyYV9jYWNoZXEsaBRoFVUGQ2FtZXJhcS2GXWgXh1JxLn1xLyhoGlgQAAAAQ2hhbmRyYXNhdGl0eWEgMWgbWBMAAAAvc3RhdGljL2ltZy80My5qcGVnaCNoJCmBcTB9cTEoaCeJaChoKXViVQZoZWlnaHRxMk3gAVUFd2lkdGhxM01WA2gKSwF1YlUEdHlwZXE0SwFoCkstVQt0cmFja2luZ19pZHE1TnVic3Uu\", \"headers\": {}, \"content-type\": \"application/x-python-serialize\", \"properties\": {\"body_encoding\": \"base64\", \"correlation_id\": \"14514d6b-0425-49c7-a91e-bd427479519c\", \"reply_to\": \"4018f80a-afd3-3934-a05d-b8060ec0baff\", \"delivery_info\": {\"priority\": 0, \"routing_key\": \"celery\", \"exchange\": \"celery\"}, \"delivery_mode\": 2, \"delivery_tag\": \"4cf981c4-7603-41a9-96fa-7b35709a0748\"}, \"content-encoding\": \"binary\"}"}, "model": "kombu_transport_django.message", "pk": 58}, {"fields": {"queue": 1, "visible": false, "sent_at": "2015-04-29T03:34:06.454Z", "payload": "{\"body\": \"gAJ9cQEoVQdleHBpcmVzcQJOVQN1dGNxA4hVBGFyZ3NxBF1xBVUFY2hvcmRxBk5VCWNhbGxiYWNrc3EHTlUIZXJyYmFja3NxCE5VB3Rhc2tzZXRxCU5VAmlkcQpVJGVhMzc3NTMzLTNlMGMtNGYxMi04NWZjLTllOGIyNmY3MjhlOHELVQdyZXRyaWVzcQxLAFUEdGFza3ENVRFhcHAudGFza3MucHJvY2Vzc3EOVQl0aW1lbGltaXRxD05OhlUDZXRhcRBOVQZrd2FyZ3NxEX1xElUFdmlkZW9xE2NkamFuZ28uZGIubW9kZWxzLmJhc2UKbW9kZWxfdW5waWNrbGUKcRRVA2FwcHEVVQVWaWRlb3EWhl1jZGphbmdvLmRiLm1vZGVscy5iYXNlCnNpbXBsZV9jbGFzc19mYWN0b3J5CnEXh1JxGH1xGShVBG5hbWVxGlUAVQN1cmxxG1g2AAAAL1VzZXJzL2t1bmF0by9maW5hbF9wcm9qZWN0L3NlcnZlci9zdGF0aWMvdmlkZW8vNDYubXA0cRxVCnN0YXJ0X3RpbWVxHWNkYXRldGltZQpkYXRldGltZQpxHlUKB9UBAQIAAAAAAGNkYXRldXRpbC50egp0enV0YwpxHymBcSB9cSFihlJxIlUGX3N0YXRlcSNjZGphbmdvLmRiLm1vZGVscy5iYXNlCk1vZGVsU3RhdGUKcSQpgXElfXEmKFUGYWRkaW5ncSeJVQJkYnEoVQdkZWZhdWx0cSl1YlUKYWRkZWRfdGltZXEqaB5VCgffBB0KIgYA65+FUnErVQljYW1lcmFfaWRLElUNX2NhbWVyYV9jYWNoZXEsaBRoFVUGQ2FtZXJhcS2GXWgXh1JxLn1xLyhoGlgQAAAAQ2h1Y2hhdCBLYW1waHUgMWgbWBMAAAAvc3RhdGljL2ltZy80NC5qcGVnaCNoJCmBcTB9cTEoaCeJaChoKXViVQZoZWlnaHRxMk3gAVUFd2lkdGhxM01WA2gKSxJ1YlUEdHlwZXE0SwFoCksuVQt0cmFja2luZ19pZHE1TnVic3Uu\", \"headers\": {}, \"content-type\": \"application/x-python-serialize\", \"properties\": {\"body_encoding\": \"base64\", \"correlation_id\": \"ea377533-3e0c-4f12-85fc-9e8b26f728e8\", \"reply_to\": \"4018f80a-afd3-3934-a05d-b8060ec0baff\", \"delivery_info\": {\"priority\": 0, \"routing_key\": \"celery\", \"exchange\": \"celery\"}, \"delivery_mode\": 2, \"delivery_tag\": \"5d641de8-ab62-48b3-95f1-3e4541cb3ca7\"}, \"content-encoding\": \"binary\"}"}, "model": "kombu_transport_django.message", "pk": 59}, {"fields": {"model": "camera", "name": "camera", "app_label": "app"}, "model": "contenttypes.contenttype", "pk": 1}, {"fields": {"model": "video", "name": "video", "app_label": "app"}, "model": "contenttypes.contenttype", "pk": 2}, {"fields": {"model": "map", "name": "map", "app_label": "app"}, "model": "contenttypes.contenttype", "pk": 3}, {"fields": {"model": "mappoint", "name": "map point", "app_label": "app"}, "model": "contenttypes.contenttype", "pk": 4}, {"fields": {"model": "camerapoint", "name": "camera point", "app_label": "app"}, "model": "contenttypes.contenttype", "pk": 5}, {"fields": {"model": "datarelation", "name": "data relation", "app_label": "app"}, "model": "contenttypes.contenttype", "pk": 6}, {"fields": {"model": "videodata", "name": "video data", "app_label": "app"}, "model": "contenttypes.contenttype", "pk": 7}, {"fields": {"model": "traffic", "name": "traffic", "app_label": "app"}, "model": "contenttypes.contenttype", "pk": 8}, {"fields": {"model": "apiaccess", "name": "api access", "app_label": "tastypie"}, "model": "contenttypes.contenttype", "pk": 9}, {"fields": {"model": "apikey", "name": "api key", "app_label": "tastypie"}, "model": "contenttypes.contenttype", "pk": 10}, {"fields": {"model": "taskmeta", "name": "task state", "app_label": "djcelery"}, "model": "contenttypes.contenttype", "pk": 11}, {"fields": {"model": "tasksetmeta", "name": "saved group result", "app_label": "djcelery"}, "model": "contenttypes.contenttype", "pk": 12}, {"fields": {"model": "intervalschedule", "name": "interval", "app_label": "djcelery"}, "model": "contenttypes.contenttype", "pk": 13}, {"fields": {"model": "crontabschedule", "name": "crontab", "app_label": "djcelery"}, "model": "contenttypes.contenttype", "pk": 14}, {"fields": {"model": "periodictasks", "name": "periodic tasks", "app_label": "djcelery"}, "model": "contenttypes.contenttype", "pk": 15}, {"fields": {"model": "periodictask", "name": "periodic task", "app_label": "djcelery"}, "model": "contenttypes.contenttype", "pk": 16}, {"fields": {"model": "workerstate", "name": "worker", "app_label": "djcelery"}, "model": "contenttypes.contenttype", "pk": 17}, {"fields": {"model": "taskstate", "name": "task", "app_label": "djcelery"}, "model": "contenttypes.contenttype", "pk": 18}, {"fields": {"model": "queue", "name": "queue", "app_label": "kombu_transport_django"}, "model": "contenttypes.contenttype", "pk": 19}, {"fields": {"model": "message", "name": "message", "app_label": "kombu_transport_django"}, "model": "contenttypes.contenttype", "pk": 20}, {"fields": {"model": "logentry", "name": "log entry", "app_label": "admin"}, "model": "contenttypes.contenttype", "pk": 21}, {"fields": {"model": "permission", "name": "permission", "app_label": "auth"}, "model": "contenttypes.contenttype", "pk": 22}, {"fields": {"model": "group", "name": "group", "app_label": "auth"}, "model": "contenttypes.contenttype", "pk": 23}, {"fields": {"model": "user", "name": "user", "app_label": "auth"}, "model": "contenttypes.contenttype", "pk": 24}, {"fields": {"model": "contenttype", "name": "content type", "app_label": "contenttypes"}, "model": "contenttypes.contenttype", "pk": 25}, {"fields": {"model": "session", "name": "session", "app_label": "sessions"}, "model": "contenttypes.contenttype", "pk": 26}, {"fields": {"expire_date": "2015-05-12T13:32:22.793Z", "session_data": "N2U1MDVjMzk5ZGQzNGQxYmU3MTU4ODdlMTZiODQzODc0MmUzNzhiYzp7fQ=="}, "model": "sessions.session", "pk": "2jc11evam9bpmcovooxodwth96vdf774"}, {"fields": {"expire_date": "2015-05-13T02:57:34.134Z", "session_data": "MTA4NTYzYTU3ZGY3OGE2ODk4MDQ3YjY3Yzc5MjdmOGMyNDI0NGQ1ODp7Il9hdXRoX3VzZXJfaGFzaCI6ImZjNjBjODlhYzE4YmNlYmQ2ZjkwMjY4MzI3NjY1ODMwZWI3YzBlMDIiLCJfYXV0aF91c2VyX2JhY2tlbmQiOiJkamFuZ28uY29udHJpYi5hdXRoLmJhY2tlbmRzLk1vZGVsQmFja2VuZCIsIl9hdXRoX3VzZXJfaWQiOjF9"}, "model": "sessions.session", "pk": "2q0dyd1agpq0560xi0kdo6e2ttgcq2rz"}, {"fields": {"expire_date": "2015-05-08T09:37:13.122Z", "session_data": "MTA4NTYzYTU3ZGY3OGE2ODk4MDQ3YjY3Yzc5MjdmOGMyNDI0NGQ1ODp7Il9hdXRoX3VzZXJfaGFzaCI6ImZjNjBjODlhYzE4YmNlYmQ2ZjkwMjY4MzI3NjY1ODMwZWI3YzBlMDIiLCJfYXV0aF91c2VyX2JhY2tlbmQiOiJkamFuZ28uY29udHJpYi5hdXRoLmJhY2tlbmRzLk1vZGVsQmFja2VuZCIsIl9hdXRoX3VzZXJfaWQiOjF9"}, "model": "sessions.session", "pk": "5j6xdwm1xpudh2d6tu8rbzfj8cncobbz"}, {"fields": {"expire_date": "2015-05-13T05:03:52.811Z", "session_data": "N2U1MDVjMzk5ZGQzNGQxYmU3MTU4ODdlMTZiODQzODc0MmUzNzhiYzp7fQ=="}, "model": "sessions.session", "pk": "69paolyj9g1dgrhoe712l294wdrfiffe"}, {"fields": {"expire_date": "2015-05-03T12:53:05.330Z", "session_data": "MTA4NTYzYTU3ZGY3OGE2ODk4MDQ3YjY3Yzc5MjdmOGMyNDI0NGQ1ODp7Il9hdXRoX3VzZXJfaGFzaCI6ImZjNjBjODlhYzE4YmNlYmQ2ZjkwMjY4MzI3NjY1ODMwZWI3YzBlMDIiLCJfYXV0aF91c2VyX2JhY2tlbmQiOiJkamFuZ28uY29udHJpYi5hdXRoLmJhY2tlbmRzLk1vZGVsQmFja2VuZCIsIl9hdXRoX3VzZXJfaWQiOjF9"}, "model": "sessions.session", "pk": "95hhfhxtjig6vzz6tkd136mdas5ju4a7"}, {"fields": {"expire_date": "2015-04-22T09:12:26.366Z", "session_data": "MTA4NTYzYTU3ZGY3OGE2ODk4MDQ3YjY3Yzc5MjdmOGMyNDI0NGQ1ODp7Il9hdXRoX3VzZXJfaGFzaCI6ImZjNjBjODlhYzE4YmNlYmQ2ZjkwMjY4MzI3NjY1ODMwZWI3YzBlMDIiLCJfYXV0aF91c2VyX2JhY2tlbmQiOiJkamFuZ28uY29udHJpYi5hdXRoLmJhY2tlbmRzLk1vZGVsQmFja2VuZCIsIl9hdXRoX3VzZXJfaWQiOjF9"}, "model": "sessions.session", "pk": "fjivaytp1jyeo6azx89nqmtxr5gxh9oo"}, {"fields": {"expire_date": "2015-05-11T14:55:20.317Z", "session_data": "N2U1MDVjMzk5ZGQzNGQxYmU3MTU4ODdlMTZiODQzODc0MmUzNzhiYzp7fQ=="}, "model": "sessions.session", "pk": "g9l8n1v700sqw935jm2x5dobr7s3ug5b"}, {"fields": {"expire_date": "2015-05-12T13:33:27.272Z", "session_data": "MTA4NTYzYTU3ZGY3OGE2ODk4MDQ3YjY3Yzc5MjdmOGMyNDI0NGQ1ODp7Il9hdXRoX3VzZXJfaGFzaCI6ImZjNjBjODlhYzE4YmNlYmQ2ZjkwMjY4MzI3NjY1ODMwZWI3YzBlMDIiLCJfYXV0aF91c2VyX2JhY2tlbmQiOiJkamFuZ28uY29udHJpYi5hdXRoLmJhY2tlbmRzLk1vZGVsQmFja2VuZCIsIl9hdXRoX3VzZXJfaWQiOjF9"}, "model": "sessions.session", "pk": "mgncuh6mmg0ia364jg3i1op207y4mst3"}, {"fields": {"expire_date": "2015-05-11T14:55:20.944Z", "session_data": "N2U1MDVjMzk5ZGQzNGQxYmU3MTU4ODdlMTZiODQzODc0MmUzNzhiYzp7fQ=="}, "model": "sessions.session", "pk": "q554bwdvw9nl3o0n0gzx1exvwbnr9jv7"}, {"fields": {"expire_date": "2015-05-11T14:55:20.236Z", "session_data": "N2U1MDVjMzk5ZGQzNGQxYmU3MTU4ODdlMTZiODQzODc0MmUzNzhiYzp7fQ=="}, "model": "sessions.session", "pk": "qczr8gnb10qu6yeoky170v3q0c6ybjs5"}, {"fields": {"expire_date": "2015-05-08T09:55:02.341Z", "session_data": "MTA4NTYzYTU3ZGY3OGE2ODk4MDQ3YjY3Yzc5MjdmOGMyNDI0NGQ1ODp7Il9hdXRoX3VzZXJfaGFzaCI6ImZjNjBjODlhYzE4YmNlYmQ2ZjkwMjY4MzI3NjY1ODMwZWI3YzBlMDIiLCJfYXV0aF91c2VyX2JhY2tlbmQiOiJkamFuZ28uY29udHJpYi5hdXRoLmJhY2tlbmRzLk1vZGVsQmFja2VuZCIsIl9hdXRoX3VzZXJfaWQiOjF9"}, "model": "sessions.session", "pk": "qs3aea4ma8v2000aifw9pirvboif0yoq"}, {"fields": {"expire_date": "2015-05-11T14:55:20.567Z", "session_data": "N2U1MDVjMzk5ZGQzNGQxYmU3MTU4ODdlMTZiODQzODc0MmUzNzhiYzp7fQ=="}, "model": "sessions.session", "pk": "s9qmw3y285c6r1d9942o73yv08p7qgsx"}, {"fields": {"expire_date": "2015-05-13T05:03:52.639Z", "session_data": "N2U1MDVjMzk5ZGQzNGQxYmU3MTU4ODdlMTZiODQzODc0MmUzNzhiYzp7fQ=="}, "model": "sessions.session", "pk": "t1ltoe727q1iqzajxd2bw4mwsn01kkwr"}, {"fields": {"expire_date": "2015-05-03T16:21:51.991Z", "session_data": "MTA4NTYzYTU3ZGY3OGE2ODk4MDQ3YjY3Yzc5MjdmOGMyNDI0NGQ1ODp7Il9hdXRoX3VzZXJfaGFzaCI6ImZjNjBjODlhYzE4YmNlYmQ2ZjkwMjY4MzI3NjY1ODMwZWI3YzBlMDIiLCJfYXV0aF91c2VyX2JhY2tlbmQiOiJkamFuZ28uY29udHJpYi5hdXRoLmJhY2tlbmRzLk1vZGVsQmFja2VuZCIsIl9hdXRoX3VzZXJfaWQiOjF9"}, "model": "sessions.session", "pk": "zaw92lyyzb7cyv2p1y49s2rymac4maex"}, {"fields": {"codename": "add_camera", "name": "Can add camera", "content_type": 1}, "model": "auth.permission", "pk": 1}, {"fields": {"codename": "change_camera", "name": "Can change camera", "content_type": 1}, "model": "auth.permission", "pk": 2}, {"fields": {"codename": "delete_camera", "name": "Can delete camera", "content_type": 1}, "model": "auth.permission", "pk": 3}, {"fields": {"codename": "add_video", "name": "Can add video", "content_type": 2}, "model": "auth.permission", "pk": 4}, {"fields": {"codename": "change_video", "name": "Can change video", "content_type": 2}, "model": "auth.permission", "pk": 5}, {"fields": {"codename": "delete_video", "name": "Can delete video", "content_type": 2}, "model": "auth.permission", "pk": 6}, {"fields": {"codename": "add_map", "name": "Can add map", "content_type": 3}, "model": "auth.permission", "pk": 7}, {"fields": {"codename": "change_map", "name": "Can change map", "content_type": 3}, "model": "auth.permission", "pk": 8}, {"fields": {"codename": "delete_map", "name": "Can delete map", "content_type": 3}, "model": "auth.permission", "pk": 9}, {"fields": {"codename": "add_mappoint", "name": "Can add map point", "content_type": 4}, "model": "auth.permission", "pk": 10}, {"fields": {"codename": "change_mappoint", "name": "Can change map point", "content_type": 4}, "model": "auth.permission", "pk": 11}, {"fields": {"codename": "delete_mappoint", "name": "Can delete map point", "content_type": 4}, "model": "auth.permission", "pk": 12}, {"fields": {"codename": "add_camerapoint", "name": "Can add camera point", "content_type": 5}, "model": "auth.permission", "pk": 13}, {"fields": {"codename": "change_camerapoint", "name": "Can change camera point", "content_type": 5}, "model": "auth.permission", "pk": 14}, {"fields": {"codename": "delete_camerapoint", "name": "Can delete camera point", "content_type": 5}, "model": "auth.permission", "pk": 15}, {"fields": {"codename": "add_datarelation", "name": "Can add data relation", "content_type": 6}, "model": "auth.permission", "pk": 16}, {"fields": {"codename": "change_datarelation", "name": "Can change data relation", "content_type": 6}, "model": "auth.permission", "pk": 17}, {"fields": {"codename": "delete_datarelation", "name": "Can delete data relation", "content_type": 6}, "model": "auth.permission", "pk": 18}, {"fields": {"codename": "add_videodata", "name": "Can add video data", "content_type": 7}, "model": "auth.permission", "pk": 19}, {"fields": {"codename": "change_videodata", "name": "Can change video data", "content_type": 7}, "model": "auth.permission", "pk": 20}, {"fields": {"codename": "delete_videodata", "name": "Can delete video data", "content_type": 7}, "model": "auth.permission", "pk": 21}, {"fields": {"codename": "add_traffic", "name": "Can add traffic", "content_type": 8}, "model": "auth.permission", "pk": 22}, {"fields": {"codename": "change_traffic", "name": "Can change traffic", "content_type": 8}, "model": "auth.permission", "pk": 23}, {"fields": {"codename": "delete_traffic", "name": "Can delete traffic", "content_type": 8}, "model": "auth.permission", "pk": 24}, {"fields": {"codename": "add_apiaccess", "name": "Can add api access", "content_type": 9}, "model": "auth.permission", "pk": 25}, {"fields": {"codename": "change_apiaccess", "name": "Can change api access", "content_type": 9}, "model": "auth.permission", "pk": 26}, {"fields": {"codename": "delete_apiaccess", "name": "Can delete api access", "content_type": 9}, "model": "auth.permission", "pk": 27}, {"fields": {"codename": "add_apikey", "name": "Can add api key", "content_type": 10}, "model": "auth.permission", "pk": 28}, {"fields": {"codename": "change_apikey", "name": "Can change api key", "content_type": 10}, "model": "auth.permission", "pk": 29}, {"fields": {"codename": "delete_apikey", "name": "Can delete api key", "content_type": 10}, "model": "auth.permission", "pk": 30}, {"fields": {"codename": "add_taskmeta", "name": "Can add task state", "content_type": 11}, "model": "auth.permission", "pk": 31}, {"fields": {"codename": "change_taskmeta", "name": "Can change task state", "content_type": 11}, "model": "auth.permission", "pk": 32}, {"fields": {"codename": "delete_taskmeta", "name": "Can delete task state", "content_type": 11}, "model": "auth.permission", "pk": 33}, {"fields": {"codename": "add_tasksetmeta", "name": "Can add saved group result", "content_type": 12}, "model": "auth.permission", "pk": 34}, {"fields": {"codename": "change_tasksetmeta", "name": "Can change saved group result", "content_type": 12}, "model": "auth.permission", "pk": 35}, {"fields": {"codename": "delete_tasksetmeta", "name": "Can delete saved group result", "content_type": 12}, "model": "auth.permission", "pk": 36}, {"fields": {"codename": "add_intervalschedule", "name": "Can add interval", "content_type": 13}, "model": "auth.permission", "pk": 37}, {"fields": {"codename": "change_intervalschedule", "name": "Can change interval", "content_type": 13}, "model": "auth.permission", "pk": 38}, {"fields": {"codename": "delete_intervalschedule", "name": "Can delete interval", "content_type": 13}, "model": "auth.permission", "pk": 39}, {"fields": {"codename": "add_crontabschedule", "name": "Can add crontab", "content_type": 14}, "model": "auth.permission", "pk": 40}, {"fields": {"codename": "change_crontabschedule", "name": "Can change crontab", "content_type": 14}, "model": "auth.permission", "pk": 41}, {"fields": {"codename": "delete_crontabschedule", "name": "Can delete crontab", "content_type": 14}, "model": "auth.permission", "pk": 42}, {"fields": {"codename": "add_periodictasks", "name": "Can add periodic tasks", "content_type": 15}, "model": "auth.permission", "pk": 43}, {"fields": {"codename": "change_periodictasks", "name": "Can change periodic tasks", "content_type": 15}, "model": "auth.permission", "pk": 44}, {"fields": {"codename": "delete_periodictasks", "name": "Can delete periodic tasks", "content_type": 15}, "model": "auth.permission", "pk": 45}, {"fields": {"codename": "add_periodictask", "name": "Can add periodic task", "content_type": 16}, "model": "auth.permission", "pk": 46}, {"fields": {"codename": "change_periodictask", "name": "Can change periodic task", "content_type": 16}, "model": "auth.permission", "pk": 47}, {"fields": {"codename": "delete_periodictask", "name": "Can delete periodic task", "content_type": 16}, "model": "auth.permission", "pk": 48}, {"fields": {"codename": "add_workerstate", "name": "Can add worker", "content_type": 17}, "model": "auth.permission", "pk": 49}, {"fields": {"codename": "change_workerstate", "name": "Can change worker", "content_type": 17}, "model": "auth.permission", "pk": 50}, {"fields": {"codename": "delete_workerstate", "name": "Can delete worker", "content_type": 17}, "model": "auth.permission", "pk": 51}, {"fields": {"codename": "add_taskstate", "name": "Can add task", "content_type": 18}, "model": "auth.permission", "pk": 52}, {"fields": {"codename": "change_taskstate", "name": "Can change task", "content_type": 18}, "model": "auth.permission", "pk": 53}, {"fields": {"codename": "delete_taskstate", "name": "Can delete task", "content_type": 18}, "model": "auth.permission", "pk": 54}, {"fields": {"codename": "add_queue", "name": "Can add queue", "content_type": 19}, "model": "auth.permission", "pk": 55}, {"fields": {"codename": "change_queue", "name": "Can change queue", "content_type": 19}, "model": "auth.permission", "pk": 56}, {"fields": {"codename": "delete_queue", "name": "Can delete queue", "content_type": 19}, "model": "auth.permission", "pk": 57}, {"fields": {"codename": "add_message", "name": "Can add message", "content_type": 20}, "model": "auth.permission", "pk": 58}, {"fields": {"codename": "change_message", "name": "Can change message", "content_type": 20}, "model": "auth.permission", "pk": 59}, {"fields": {"codename": "delete_message", "name": "Can delete message", "content_type": 20}, "model": "auth.permission", "pk": 60}, {"fields": {"codename": "add_logentry", "name": "Can add log entry", "content_type": 21}, "model": "auth.permission", "pk": 61}, {"fields": {"codename": "change_logentry", "name": "Can change log entry", "content_type": 21}, "model": "auth.permission", "pk": 62}, {"fields": {"codename": "delete_logentry", "name": "Can delete log entry", "content_type": 21}, "model": "auth.permission", "pk": 63}, {"fields": {"codename": "add_permission", "name": "Can add permission", "content_type": 22}, "model": "auth.permission", "pk": 64}, {"fields": {"codename": "change_permission", "name": "Can change permission", "content_type": 22}, "model": "auth.permission", "pk": 65}, {"fields": {"codename": "delete_permission", "name": "Can delete permission", "content_type": 22}, "model": "auth.permission", "pk": 66}, {"fields": {"codename": "add_group", "name": "Can add group", "content_type": 23}, "model": "auth.permission", "pk": 67}, {"fields": {"codename": "change_group", "name": "Can change group", "content_type": 23}, "model": "auth.permission", "pk": 68}, {"fields": {"codename": "delete_group", "name": "Can delete group", "content_type": 23}, "model": "auth.permission", "pk": 69}, {"fields": {"codename": "add_user", "name": "Can add user", "content_type": 24}, "model": "auth.permission", "pk": 70}, {"fields": {"codename": "change_user", "name": "Can change user", "content_type": 24}, "model": "auth.permission", "pk": 71}, {"fields": {"codename": "delete_user", "name": "Can delete user", "content_type": 24}, "model": "auth.permission", "pk": 72}, {"fields": {"codename": "add_contenttype", "name": "Can add content type", "content_type": 25}, "model": "auth.permission", "pk": 73}, {"fields": {"codename": "change_contenttype", "name": "Can change content type", "content_type": 25}, "model": "auth.permission", "pk": 74}, {"fields": {"codename": "delete_contenttype", "name": "Can delete content type", "content_type": 25}, "model": "auth.permission", "pk": 75}, {"fields": {"codename": "add_session", "name": "Can add session", "content_type": 26}, "model": "auth.permission", "pk": 76}, {"fields": {"codename": "change_session", "name": "Can change session", "content_type": 26}, "model": "auth.permission", "pk": 77}, {"fields": {"codename": "delete_session", "name": "Can delete session", "content_type": 26}, "model": "auth.permission", "pk": 78}, {"fields": {"username": "admin", "first_name": "", "last_name": "", "is_active": true, "is_superuser": true, "is_staff": true, "last_login": "2015-04-28T13:33:27.139Z", "groups": [], "user_permissions": [], "password": "pbkdf2_sha256$15000$zUPcIhPVBY5z$d5VU92JUM82JT5RUDaRaMnNLnWqE1tzI5n5NemhWOI8=", "email": "admin@admin.com", "date_joined": "2015-03-30T12:34:38.288Z"}, "model": "auth.user", "pk": 1}, {"fields": {"action_flag": 3, "action_time": "2015-04-19T14:12:50.171Z", "object_repr": "ID : 24 CAMERA : 1 URL : /Users/kunato/final_project/server/static/video/24.mp4", "object_id": "24", "change_message": "", "user": 1, "content_type": 2}, "model": "admin.logentry", "pk": 1}, {"fields": {"action_flag": 3, "action_time": "2015-04-19T14:12:50.173Z", "object_repr": "ID : 23 CAMERA : 1 URL : /Users/kunato/final_project/server/static/video/23.mp4", "object_id": "23", "change_message": "", "user": 1, "content_type": 2}, "model": "admin.logentry", "pk": 2}, {"fields": {"action_flag": 3, "action_time": "2015-04-19T14:12:50.174Z", "object_repr": "ID : 22 CAMERA : 1 URL : /Users/kunato/final_project/server/static/video/22.mp4", "object_id": "22", "change_message": "", "user": 1, "content_type": 2}, "model": "admin.logentry", "pk": 3}, {"fields": {"action_flag": 3, "action_time": "2015-04-19T14:12:50.175Z", "object_repr": "ID : 21 CAMERA : 7 URL : /Users/kunato/final_project/server/static/video/21.mp4", "object_id": "21", "change_message": "", "user": 1, "content_type": 2}, "model": "admin.logentry", "pk": 4}, {"fields": {"action_flag": 3, "action_time": "2015-04-19T14:12:50.177Z", "object_repr": "ID : 20 CAMERA : 6 URL : /Users/kunato/final_project/server/static/video/20.mp4", "object_id": "20", "change_message": "", "user": 1, "content_type": 2}, "model": "admin.logentry", "pk": 5}, {"fields": {"action_flag": 3, "action_time": "2015-04-19T14:12:50.178Z", "object_repr": "ID : 19 CAMERA : 7 URL : /Users/kunato/final_project/server/static/video/19.mp4", "object_id": "19", "change_message": "", "user": 1, "content_type": 2}, "model": "admin.logentry", "pk": 6}, {"fields": {"action_flag": 3, "action_time": "2015-04-19T14:12:50.179Z", "object_repr": "ID : 18 CAMERA : 6 URL : /Users/kunato/final_project/server/static/video/18.mp4", "object_id": "18", "change_message": "", "user": 1, "content_type": 2}, "model": "admin.logentry", "pk": 7}, {"fields": {"action_flag": 3, "action_time": "2015-04-19T14:12:50.181Z", "object_repr": "ID : 17 CAMERA : 7 URL : /Users/kunato/final_project/server/static/video/17.mp4", "object_id": "17", "change_message": "", "user": 1, "content_type": 2}, "model": "admin.logentry", "pk": 8}, {"fields": {"action_flag": 3, "action_time": "2015-04-19T14:12:50.182Z", "object_repr": "ID : 16 CAMERA : 6 URL : /Users/kunato/final_project/server/static/video/16.mp4", "object_id": "16", "change_message": "", "user": 1, "content_type": 2}, "model": "admin.logentry", "pk": 9}, {"fields": {"action_flag": 3, "action_time": "2015-04-19T14:12:50.184Z", "object_repr": "ID : 15 CAMERA : 3 URL : /Users/kunato/final_project/server/static/video/15.mp4", "object_id": "15", "change_message": "", "user": 1, "content_type": 2}, "model": "admin.logentry", "pk": 10}, {"fields": {"action_flag": 3, "action_time": "2015-04-19T14:12:50.186Z", "object_repr": "ID : 14 CAMERA : 5 URL : /Users/kunato/final_project/server/static/video/14.mp4", "object_id": "14", "change_message": "", "user": 1, "content_type": 2}, "model": "admin.logentry", "pk": 11}, {"fields": {"action_flag": 3, "action_time": "2015-04-19T14:12:50.188Z", "object_repr": "ID : 13 CAMERA : 4 URL : /Users/kunato/final_project/server/static/video/13.mp4", "object_id": "13", "change_message": "", "user": 1, "content_type": 2}, "model": "admin.logentry", "pk": 12}, {"fields": {"action_flag": 3, "action_time": "2015-04-19T14:12:50.189Z", "object_repr": "ID : 12 CAMERA : 3 URL : /Users/kunato/final_project/server/static/video/12.mp4", "object_id": "12", "change_message": "", "user": 1, "content_type": 2}, "model": "admin.logentry", "pk": 13}, {"fields": {"action_flag": 3, "action_time": "2015-04-19T14:12:50.190Z", "object_repr": "ID : 11 CAMERA : 5 URL : /Users/kunato/final_project/server/static/video/11.mp4", "object_id": "11", "change_message": "", "user": 1, "content_type": 2}, "model": "admin.logentry", "pk": 14}, {"fields": {"action_flag": 3, "action_time": "2015-04-19T14:12:50.192Z", "object_repr": "ID : 10 CAMERA : 4 URL : /Users/kunato/final_project/server/static/video/10.mp4", "object_id": "10", "change_message": "", "user": 1, "content_type": 2}, "model": "admin.logentry", "pk": 15}, {"fields": {"action_flag": 3, "action_time": "2015-04-19T14:12:50.193Z", "object_repr": "ID : 9 CAMERA : 3 URL : /Users/kunato/final_project/server/static/video/9.mp4", "object_id": "9", "change_message": "", "user": 1, "content_type": 2}, "model": "admin.logentry", "pk": 16}, {"fields": {"action_flag": 3, "action_time": "2015-04-19T14:12:50.194Z", "object_repr": "ID : 8 CAMERA : 2 URL : /Users/kunato/final_project/server/static/video/8.mp4", "object_id": "8", "change_message": "", "user": 1, "content_type": 2}, "model": "admin.logentry", "pk": 17}, {"fields": {"action_flag": 3, "action_time": "2015-04-19T14:12:50.196Z", "object_repr": "ID : 7 CAMERA : 1 URL : /Users/kunato/final_project/server/static/video/7.mp4", "object_id": "7", "change_message": "", "user": 1, "content_type": 2}, "model": "admin.logentry", "pk": 18}, {"fields": {"action_flag": 3, "action_time": "2015-04-19T14:12:50.197Z", "object_repr": "ID : 6 CAMERA : 2 URL : /Users/kunato/final_project/server/static/video/6.mp4", "object_id": "6", "change_message": "", "user": 1, "content_type": 2}, "model": "admin.logentry", "pk": 19}, {"fields": {"action_flag": 3, "action_time": "2015-04-19T14:12:50.198Z", "object_repr": "ID : 5 CAMERA : 1 URL : /Users/kunato/final_project/server/static/video/5.mp4", "object_id": "5", "change_message": "", "user": 1, "content_type": 2}, "model": "admin.logentry", "pk": 20}, {"fields": {"action_flag": 3, "action_time": "2015-04-19T14:12:50.199Z", "object_repr": "ID : 4 CAMERA : 2 URL : /Users/kunato/final_project/server/static/video/4.mp4", "object_id": "4", "change_message": "", "user": 1, "content_type": 2}, "model": "admin.logentry", "pk": 21}, {"fields": {"action_flag": 3, "action_time": "2015-04-19T14:12:50.201Z", "object_repr": "ID : 3 CAMERA : 1 URL : /Users/kunato/final_project/server/static/video/3.mp4", "object_id": "3", "change_message": "", "user": 1, "content_type": 2}, "model": "admin.logentry", "pk": 22}, {"fields": {"action_flag": 3, "action_time": "2015-04-19T14:12:50.202Z", "object_repr": "ID : 2 CAMERA : 2 URL : /Users/kunato/final_project/server/static/video/2.mp4", "object_id": "2", "change_message": "", "user": 1, "content_type": 2}, "model": "admin.logentry", "pk": 23}, {"fields": {"action_flag": 3, "action_time": "2015-04-19T14:12:50.203Z", "object_repr": "ID : 1 CAMERA : 1 URL : /Users/kunato/final_project/server/static/video/1.mp4", "object_id": "1", "change_message": "", "user": 1, "content_type": 2}, "model": "admin.logentry", "pk": 24}, {"fields": {"action_flag": 3, "action_time": "2015-04-19T14:22:03.602Z", "object_repr": "ID : 25 CAMERA : 1 URL : /Users/kunato/final_project/server/static/video/25.mp4", "object_id": "25", "change_message": "", "user": 1, "content_type": 2}, "model": "admin.logentry", "pk": 25}, {"fields": {"action_flag": 3, "action_time": "2015-04-19T14:39:56.588Z", "object_repr": "ID : 26 CAMERA : 1 URL : /Users/kunato/final_project/server/static/video/26.mp4", "object_id": "26", "change_message": "", "user": 1, "content_type": 2}, "model": "admin.logentry", "pk": 26}, {"fields": {"action_flag": 3, "action_time": "2015-04-19T15:22:57.675Z", "object_repr": "ID : 32 CAMERA : 1 URL : /Users/kunato/final_project/server/static/video/32.mp4", "object_id": "32", "change_message": "", "user": 1, "content_type": 2}, "model": "admin.logentry", "pk": 27}, {"fields": {"action_flag": 3, "action_time": "2015-04-19T15:22:57.679Z", "object_repr": "ID : 31 CAMERA : 12 URL : /Users/kunato/final_project/server/static/video/31.mp4", "object_id": "31", "change_message": "", "user": 1, "content_type": 2}, "model": "admin.logentry", "pk": 28}, {"fields": {"action_flag": 3, "action_time": "2015-04-19T15:22:57.680Z", "object_repr": "ID : 30 CAMERA : 11 URL : /Users/kunato/final_project/server/static/video/30.mp4", "object_id": "30", "change_message": "", "user": 1, "content_type": 2}, "model": "admin.logentry", "pk": 29}, {"fields": {"action_flag": 3, "action_time": "2015-04-19T15:22:57.681Z", "object_repr": "ID : 29 CAMERA : 10 URL : /Users/kunato/final_project/server/static/video/29.mp4", "object_id": "29", "change_message": "", "user": 1, "content_type": 2}, "model": "admin.logentry", "pk": 30}, {"fields": {"action_flag": 3, "action_time": "2015-04-19T15:22:57.683Z", "object_repr": "ID : 28 CAMERA : 8 URL : /Users/kunato/final_project/server/static/video/28.mp4", "object_id": "28", "change_message": "", "user": 1, "content_type": 2}, "model": "admin.logentry", "pk": 31}, {"fields": {"action_flag": 3, "action_time": "2015-04-19T15:22:57.684Z", "object_repr": "ID : 27 CAMERA : 9 URL : /Users/kunato/final_project/server/static/video/27.mp4", "object_id": "27", "change_message": "", "user": 1, "content_type": 2}, "model": "admin.logentry", "pk": 32}, {"fields": {"action_flag": 2, "action_time": "2015-04-19T15:23:13.927Z", "object_repr": "ID : 33 CAMERA : 13 URL : /Users/kunato/final_project/server/static/video/33.mp4", "object_id": "33", "change_message": "Changed name, start_time and type.", "user": 1, "content_type": 2}, "model": "admin.logentry", "pk": 33}, {"fields": {"action_flag": 2, "action_time": "2015-04-19T15:25:57.698Z", "object_repr": "ID : 33 CAMERA : 13 URL : /Users/kunato/final_project/server/static/video/33.mp4", "object_id": "33", "change_message": "Changed type.", "user": 1, "content_type": 2}, "model": "admin.logentry", "pk": 34}, {"fields": {"action_flag": 3, "action_time": "2015-04-19T15:29:46.082Z", "object_repr": "ID : 34 CAMERA : 1 URL : /Users/kunato/final_project/server/static/video/34.mp4", "object_id": "34", "change_message": "", "user": 1, "content_type": 2}, "model": "admin.logentry", "pk": 35}, {"fields": {"action_flag": 2, "action_time": "2015-04-19T15:29:54.286Z", "object_repr": "ID : 33 CAMERA : 13 URL : /Users/kunato/final_project/server/static/video/33.mp4", "object_id": "33", "change_message": "Changed type.", "user": 1, "content_type": 2}, "model": "admin.logentry", "pk": 36}, {"fields": {"action_flag": 3, "action_time": "2015-04-19T15:30:39.132Z", "object_repr": "ID : 33 CAMERA : 13 URL : /Users/kunato/final_project/server/static/video/33.mp4", "object_id": "33", "change_message": "", "user": 1, "content_type": 2}, "model": "admin.logentry", "pk": 37}, {"fields": {"action_flag": 2, "action_time": "2015-04-20T08:13:41.004Z", "object_repr": " ID : 17 CameraPoint1 : [ID :38 MapPoint :23] CameraPoint2 : [ID :37 MapPoint :22] CAMERA : 3", "object_id": "17", "change_message": "Changed name, cameraPoint1 and cameraPoint2.", "user": 1, "content_type": 6}, "model": "admin.logentry", "pk": 38}, {"fields": {"action_flag": 3, "action_time": "2015-04-28T13:35:25.354Z", "object_repr": " ID : 36 CameraPoint1 : [ID :91 MapPoint :40] CameraPoint2 : [ID :92 MapPoint :41] CAMERA : 22", "object_id": "36", "change_message": "", "user": 1, "content_type": 6}, "model": "admin.logentry", "pk": 39}, {"fields": {"action_flag": 3, "action_time": "2015-04-28T13:35:25.421Z", "object_repr": " ID : 35 CameraPoint1 : [ID :89 MapPoint :38] CameraPoint2 : [ID :90 MapPoint :39] CAMERA : 21", "object_id": "35", "change_message": "", "user": 1, "content_type": 6}, "model": "admin.logentry", "pk": 40}, {"fields": {"action_flag": 3, "action_time": "2015-04-28T13:35:25.491Z", "object_repr": " ID : 34 CameraPoint1 : [ID :87 MapPoint :41] CameraPoint2 : [ID :88 MapPoint :38] CAMERA : 20", "object_id": "34", "change_message": "", "user": 1, "content_type": 6}, "model": "admin.logentry", "pk": 41}, {"fields": {"action_flag": 3, "action_time": "2015-04-28T13:35:25.579Z", "object_repr": " ID : 33 CameraPoint1 : [ID :85 MapPoint :39] CameraPoint2 : [ID :86 MapPoint :40] CAMERA : 19", "object_id": "33", "change_message": "", "user": 1, "content_type": 6}, "model": "admin.logentry", "pk": 42}, {"fields": {"action_flag": 3, "action_time": "2015-04-28T13:40:02.674Z", "object_repr": "41", "object_id": "41", "change_message": "", "user": 1, "content_type": 4}, "model": "admin.logentry", "pk": 43}, {"fields": {"action_flag": 3, "action_time": "2015-04-28T13:40:02.858Z", "object_repr": "40", "object_id": "40", "change_message": "", "user": 1, "content_type": 4}, "model": "admin.logentry", "pk": 44}, {"fields": {"action_flag": 3, "action_time": "2015-04-28T13:40:02.958Z", "object_repr": "39", "object_id": "39", "change_message": "", "user": 1, "content_type": 4}, "model": "admin.logentry", "pk": 45}, {"fields": {"action_flag": 3, "action_time": "2015-04-28T13:40:03.083Z", "object_repr": "38", "object_id": "38", "change_message": "", "user": 1, "content_type": 4}, "model": "admin.logentry", "pk": 46}, {"fields": {"action_flag": 3, "action_time": "2015-04-28T13:40:56.874Z", "object_repr": "37", "object_id": "37", "change_message": "", "user": 1, "content_type": 4}, "model": "admin.logentry", "pk": 47}, {"fields": {"action_flag": 3, "action_time": "2015-04-28T13:42:47.341Z", "object_repr": "22", "object_id": "22", "change_message": "", "user": 1, "content_type": 1}, "model": "admin.logentry", "pk": 48}, {"fields": {"action_flag": 3, "action_time": "2015-04-28T13:42:47.450Z", "object_repr": "21", "object_id": "21", "change_message": "", "user": 1, "content_type": 1}, "model": "admin.logentry", "pk": 49}, {"fields": {"action_flag": 3, "action_time": "2015-04-28T13:42:47.545Z", "object_repr": "20", "object_id": "20", "change_message": "", "user": 1, "content_type": 1}, "model": "admin.logentry", "pk": 50}, {"fields": {"action_flag": 3, "action_time": "2015-04-28T13:42:47.633Z", "object_repr": "19", "object_id": "19", "change_message": "", "user": 1, "content_type": 1}, "model": "admin.logentry", "pk": 51}, {"fields": {"action_flag": 2, "action_time": "2015-04-28T13:48:45.701Z", "object_repr": "1", "object_id": "1", "change_message": "Changed name.", "user": 1, "content_type": 1}, "model": "admin.logentry", "pk": 52}, {"fields": {"action_flag": 2, "action_time": "2015-04-28T13:51:05.862Z", "object_repr": "2", "object_id": "2", "change_message": "Changed name.", "user": 1, "content_type": 1}, "model": "admin.logentry", "pk": 53}, {"fields": {"action_flag": 2, "action_time": "2015-04-28T13:55:10.297Z", "object_repr": "3", "object_id": "3", "change_message": "Changed name.", "user": 1, "content_type": 1}, "model": "admin.logentry", "pk": 54}, {"fields": {"action_flag": 2, "action_time": "2015-04-28T13:56:24.002Z", "object_repr": "4", "object_id": "4", "change_message": "Changed name.", "user": 1, "content_type": 1}, "model": "admin.logentry", "pk": 55}, {"fields": {"action_flag": 2, "action_time": "2015-04-28T13:57:17.744Z", "object_repr": "5", "object_id": "5", "change_message": "Changed name.", "user": 1, "content_type": 1}, "model": "admin.logentry", "pk": 56}, {"fields": {"action_flag": 2, "action_time": "2015-04-28T13:59:41.068Z", "object_repr": "18", "object_id": "18", "change_message": "Changed url.", "user": 1, "content_type": 1}, "model": "admin.logentry", "pk": 57}, {"fields": {"action_flag": 2, "action_time": "2015-04-28T13:59:59.192Z", "object_repr": "17", "object_id": "17", "change_message": "Changed url.", "user": 1, "content_type": 1}, "model": "admin.logentry", "pk": 58}, {"fields": {"action_flag": 2, "action_time": "2015-04-28T14:00:06.459Z", "object_repr": "16", "object_id": "16", "change_message": "Changed url.", "user": 1, "content_type": 1}, "model": "admin.logentry", "pk": 59}, {"fields": {"action_flag": 2, "action_time": "2015-04-28T14:00:26.881Z", "object_repr": "1", "object_id": "1", "change_message": "Changed name.", "user": 1, "content_type": 1}, "model": "admin.logentry", "pk": 60}, {"fields": {"action_flag": 2, "action_time": "2015-04-28T14:00:51.282Z", "object_repr": "17", "object_id": "17", "change_message": "Changed name.", "user": 1, "content_type": 1}, "model": "admin.logentry", "pk": 61}, {"fields": {"action_flag": 2, "action_time": "2015-04-28T14:01:45.242Z", "object_repr": "6", "object_id": "6", "change_message": "Changed name.", "user": 1, "content_type": 1}, "model": "admin.logentry", "pk": 62}, {"fields": {"action_flag": 2, "action_time": "2015-04-28T14:02:42.762Z", "object_repr": "18", "object_id": "18", "change_message": "Changed name.", "user": 1, "content_type": 1}, "model": "admin.logentry", "pk": 63}, {"fields": {"action_flag": 2, "action_time": "2015-04-28T14:02:59.090Z", "object_repr": "3", "object_id": "3", "change_message": "Changed name.", "user": 1, "content_type": 1}, "model": "admin.logentry", "pk": 64}, {"fields": {"action_flag": 2, "action_time": "2015-04-28T14:03:16.013Z", "object_repr": "16", "object_id": "16", "change_message": "Changed name.", "user": 1, "content_type": 1}, "model": "admin.logentry", "pk": 65}, {"fields": {"action_flag": 2, "action_time": "2015-04-28T14:03:44.474Z", "object_repr": "11", "object_id": "11", "change_message": "Changed name.", "user": 1, "content_type": 1}, "model": "admin.logentry", "pk": 66}, {"fields": {"action_flag": 2, "action_time": "2015-04-28T14:04:05.721Z", "object_repr": "10", "object_id": "10", "change_message": "Changed name.", "user": 1, "content_type": 1}, "model": "admin.logentry", "pk": 67}, {"fields": {"action_flag": 2, "action_time": "2015-04-28T14:04:28.829Z", "object_repr": "15", "object_id": "15", "change_message": "Changed name.", "user": 1, "content_type": 1}, "model": "admin.logentry", "pk": 68}, {"fields": {"action_flag": 2, "action_time": "2015-04-28T14:04:46.328Z", "object_repr": "2", "object_id": "2", "change_message": "Changed name.", "user": 1, "content_type": 1}, "model": "admin.logentry", "pk": 69}, {"fields": {"action_flag": 2, "action_time": "2015-04-28T14:04:59.556Z", "object_repr": "14", "object_id": "14", "change_message": "Changed name.", "user": 1, "content_type": 1}, "model": "admin.logentry", "pk": 70}, {"fields": {"action_flag": 2, "action_time": "2015-04-28T14:06:14.710Z", "object_repr": "13", "object_id": "13", "change_message": "Changed name.", "user": 1, "content_type": 1}, "model": "admin.logentry", "pk": 71}, {"fields": {"action_flag": 2, "action_time": "2015-04-28T14:06:28.955Z", "object_repr": "12", "object_id": "12", "change_message": "Changed name.", "user": 1, "content_type": 1}, "model": "admin.logentry", "pk": 72}, {"fields": {"action_flag": 2, "action_time": "2015-04-28T14:06:53.579Z", "object_repr": "8", "object_id": "8", "change_message": "Changed name.", "user": 1, "content_type": 1}, "model": "admin.logentry", "pk": 73}, {"fields": {"action_flag": 2, "action_time": "2015-04-28T14:08:43.615Z", "object_repr": "7", "object_id": "7", "change_message": "Changed name.", "user": 1, "content_type": 1}, "model": "admin.logentry", "pk": 74}, {"fields": {"action_flag": 2, "action_time": "2015-04-28T14:09:41.607Z", "object_repr": "9", "object_id": "9", "change_message": "Changed name.", "user": 1, "content_type": 1}, "model": "admin.logentry", "pk": 75}, {"fields": {"action_flag": 2, "action_time": "2015-04-29T02:39:17.723Z", "object_repr": "18", "object_id": "18", "change_message": "Changed url.", "user": 1, "content_type": 1}, "model": "admin.logentry", "pk": 76}, {"fields": {"action_flag": 3, "action_time": "2015-04-29T02:41:38.887Z", "object_repr": "ID : 42 CAMERA : 3 URL : /Users/kunato/final_project/server/static/video/42.mp4", "object_id": "42", "change_message": "", "user": 1, "content_type": 2}, "model": "admin.logentry", "pk": 77}, {"fields": {"action_flag": 3, "action_time": "2015-04-29T02:41:38.890Z", "object_repr": "ID : 41 CAMERA : 3 URL : /Users/kunato/final_project/server/static/video/41.mp4", "object_id": "41", "change_message": "", "user": 1, "content_type": 2}, "model": "admin.logentry", "pk": 78}, {"fields": {"action_flag": 3, "action_time": "2015-04-29T02:41:38.891Z", "object_repr": "ID : 40 CAMERA : 2 URL : /Users/kunato/final_project/server/static/video/40.mp4", "object_id": "40", "change_message": "", "user": 1, "content_type": 2}, "model": "admin.logentry", "pk": 79}, {"fields": {"action_flag": 3, "action_time": "2015-04-29T02:41:38.893Z", "object_repr": "ID : 39 CAMERA : 1 URL : /Users/kunato/final_project/server/static/video/39.mp4", "object_id": "39", "change_message": "", "user": 1, "content_type": 2}, "model": "admin.logentry", "pk": 80}, {"fields": {"action_flag": 3, "action_time": "2015-04-29T02:41:38.894Z", "object_repr": "ID : 38 CAMERA : 15 URL : /Users/kunato/final_project/server/static/video/38.mp4", "object_id": "38", "change_message": "", "user": 1, "content_type": 2}, "model": "admin.logentry", "pk": 81}, {"fields": {"action_flag": 3, "action_time": "2015-04-29T02:41:38.895Z", "object_repr": "ID : 37 CAMERA : 1 URL : /Users/kunato/final_project/server/static/video/37.mp4", "object_id": "37", "change_message": "", "user": 1, "content_type": 2}, "model": "admin.logentry", "pk": 82}, {"fields": {"action_flag": 3, "action_time": "2015-04-29T02:41:38.896Z", "object_repr": "ID : 36 CAMERA : 14 URL : /Users/kunato/final_project/server/static/video/36.mp4", "object_id": "36", "change_message": "", "user": 1, "content_type": 2}, "model": "admin.logentry", "pk": 83}, {"fields": {"action_flag": 3, "action_time": "2015-04-29T02:41:38.898Z", "object_repr": "ID : 35 CAMERA : 1 URL : /Users/kunato/final_project/server/static/video/35.mp4", "object_id": "35", "change_message": "", "user": 1, "content_type": 2}, "model": "admin.logentry", "pk": 84}, {"fields": {"action_flag": 3, "action_time": "2015-04-29T03:43:48.571Z", "object_repr": "ID : 44 CAMERA : 18 URL : /Users/kunato/final_project/server/static/video/44.mp4", "object_id": "44", "change_message": "", "user": 1, "content_type": 2}, "model": "admin.logentry", "pk": 85}, {"fields": {"action_flag": 3, "action_time": "2015-04-29T03:43:48.576Z", "object_repr": "ID : 43 CAMERA : 1 URL : /Users/kunato/final_project/server/static/video/43.mp4", "object_id": "43", "change_message": "", "user": 1, "content_type": 2}, "model": "admin.logentry", "pk": 86}, {"fields": {"action_flag": 3, "action_time": "2015-04-29T03:43:48.578Z", "object_repr": "ID : 42 CAMERA : 3 URL : /Users/kunato/final_project/server/static/video/42.mp4", "object_id": "42", "change_message": "", "user": 1, "content_type": 2}, "model": "admin.logentry", "pk": 87}, {"fields": {"action_flag": 3, "action_time": "2015-04-29T03:43:48.580Z", "object_repr": "ID : 41 CAMERA : 3 URL : /Users/kunato/final_project/server/static/video/41.mp4", "object_id": "41", "change_message": "", "user": 1, "content_type": 2}, "model": "admin.logentry", "pk": 88}, {"fields": {"action_flag": 3, "action_time": "2015-04-29T03:43:48.581Z", "object_repr": "ID : 40 CAMERA : 2 URL : /Users/kunato/final_project/server/static/video/40.mp4", "object_id": "40", "change_message": "", "user": 1, "content_type": 2}, "model": "admin.logentry", "pk": 89}, {"fields": {"action_flag": 3, "action_time": "2015-04-29T03:43:48.583Z", "object_repr": "ID : 39 CAMERA : 1 URL : /Users/kunato/final_project/server/static/video/39.mp4", "object_id": "39", "change_message": "", "user": 1, "content_type": 2}, "model": "admin.logentry", "pk": 90}, {"fields": {"action_flag": 3, "action_time": "2015-04-29T03:43:48.584Z", "object_repr": "ID : 38 CAMERA : 15 URL : /Users/kunato/final_project/server/static/video/38.mp4", "object_id": "38", "change_message": "", "user": 1, "content_type": 2}, "model": "admin.logentry", "pk": 91}, {"fields": {"action_flag": 3, "action_time": "2015-04-29T03:43:48.586Z", "object_repr": "ID : 37 CAMERA : 1 URL : /Users/kunato/final_project/server/static/video/37.mp4", "object_id": "37", "change_message": "", "user": 1, "content_type": 2}, "model": "admin.logentry", "pk": 92}, {"fields": {"action_flag": 3, "action_time": "2015-04-29T03:43:48.587Z", "object_repr": "ID : 36 CAMERA : 14 URL : /Users/kunato/final_project/server/static/video/36.mp4", "object_id": "36", "change_message": "", "user": 1, "content_type": 2}, "model": "admin.logentry", "pk": 93}, {"fields": {"action_flag": 3, "action_time": "2015-04-29T03:43:48.589Z", "object_repr": "ID : 35 CAMERA : 1 URL : /Users/kunato/final_project/server/static/video/35.mp4", "object_id": "35", "change_message": "", "user": 1, "content_type": 2}, "model": "admin.logentry", "pk": 94}]