[{"fields": {"url": "/static/img/1.jpeg", "width": 854, "name": "c1", "height": 480}, "model": "app.camera", "pk": 1}, {"fields": {"url": "/static/img/2.jpeg", "width": 854, "name": "c2", "height": 480}, "model": "app.camera", "pk": 2}, {"fields": {"url": "/Users/kunato/final_project/server/static/video/1.mp4", "start_time": "2004-12-31T18:01:00Z", "camera": 1, "type": 1, "name": ""}, "model": "app.video", "pk": 1}, {"fields": {"url": "/Users/kunato/final_project/server/static/video/2.mp4", "start_time": "2004-12-31T18:01:00Z", "camera": 2, "type": 1, "name": ""}, "model": "app.video", "pk": 2}, {"fields": {"url": "/Users/kunato/final_project/server/static/video/3.mp4", "start_time": "2015-03-30T15:00:00Z", "camera": 1, "type": 1, "name": ""}, "model": "app.video", "pk": 3}, {"fields": {"url": "/Users/kunato/final_project/server/static/video/4.mp4", "start_time": "2015-03-30T15:00:00Z", "camera": 2, "type": 1, "name": ""}, "model": "app.video", "pk": 4}, {"fields": {"url": "/Users/kunato/final_project/server/static/video/5.mp4", "start_time": "2015-03-30T15:41:00Z", "camera": 1, "type": 1, "name": ""}, "model": "app.video", "pk": 5}, {"fields": {"url": "/Users/kunato/final_project/server/static/video/6.mp4", "start_time": "2015-03-30T15:41:00Z", "camera": 2, "type": 1, "name": ""}, "model": "app.video", "pk": 6}, {"fields": {"center_lng": 100.567488, "zoom": 17, "center_lat": 13.845805}, "model": "app.map", "pk": 1}, {"fields": {"latitude": 13.84656478438527, "map": 1, "name": null, "longitude": 100.56466341010491}, "model": "app.mappoint", "pk": 2}, {"fields": {"latitude": 13.847075219566415, "map": 1, "name": null, "longitude": 100.56813955307007}, "model": "app.mappoint", "pk": 3}, {"fields": {"latitude": 13.845097276745246, "map": 1, "name": null, "longitude": 100.56713238358498}, "model": "app.mappoint", "pk": 6}, {"fields": {"latitude": 13.844401281682723, "map": 1, "name": null, "longitude": 100.56835882365704}, "model": "app.mappoint", "pk": 7}, {"fields": {"name": null, "top": 0.0, "height": 0.1875, "mapPoint": 6, "width": 0.32786885245901637, "left": 0.10598000877076628}, "model": "app.camerapoint", "pk": 1}, {"fields": {"name": null, "top": 0.0, "height": 0.0, "mapPoint": 3, "width": 0.0, "left": 0.0}, "model": "app.camerapoint", "pk": 2}, {"fields": {"name": null, "top": 0.0, "height": 0.1, "mapPoint": 6, "width": 0.10070257611241218, "left": 0.45000002144092155}, "model": "app.camerapoint", "pk": 5}, {"fields": {"name": null, "top": 0.008333333333333333, "height": 0.9854166666666667, "mapPoint": 6, "width": 0.1791569086651054, "left": 0.8173302822425714}, "model": "app.camerapoint", "pk": 7}, {"fields": {"name": null, "top": 0.0, "height": 0.99375, "mapPoint": 6, "width": 0.22950819672131148, "left": 0.0}, "model": "app.camerapoint", "pk": 9}, {"fields": {"name": null, "top": 0.0, "height": 0.9958333333333333, "mapPoint": 7, "width": 0.18032786885245902, "left": 0.8161592505854801}, "model": "app.camerapoint", "pk": 10}, {"fields": {"name": "", "one_way": true, "cameraPoint2": 2, "cameraPoint1": 1, "camera": 1, "camera_length": 50, "camera_aspect": 0.5}, "model": "app.datarelation", "pk": 1}, {"fields": {"name": "", "one_way": false, "cameraPoint2": 10, "cameraPoint1": 9, "camera": 2, "camera_length": 20, "camera_aspect": 1.3}, "model": "app.datarelation", "pk": 4}, {"fields": {"appear_time": "2004-12-31T18:02:05.273Z", "speed": 48.09975720432395, "data_relation": 1, "go_to": 0}, "model": "app.videodata", "pk": 1}, {"fields": {"appear_time": "2004-12-31T18:03:33.903Z", "speed": 36.05112989209075, "data_relation": 1, "go_to": 0}, "model": "app.videodata", "pk": 16}, {"fields": {"appear_time": "2004-12-31T18:03:47.876Z", "speed": 60.025272979636, "data_relation": 1, "go_to": 0}, "model": "app.videodata", "pk": 18}, {"fields": {"appear_time": "2004-12-31T18:04:07.061Z", "speed": 30.866802564879155, "data_relation": 1, "go_to": 0}, "model": "app.videodata", "pk": 23}, {"fields": {"appear_time": "2004-12-31T18:04:28.750Z", "speed": 48.39854932607838, "data_relation": 1, "go_to": 0}, "model": "app.videodata", "pk": 30}, {"fields": {"appear_time": "2004-12-31T18:04:41.679Z", "speed": 43.7553897875603, "data_relation": 1, "go_to": 0}, "model": "app.videodata", "pk": 32}, {"fields": {"appear_time": "2004-12-31T18:06:51.392Z", "speed": 45.060735727506994, "data_relation": 1, "go_to": 0}, "model": "app.videodata", "pk": 51}, {"fields": {"appear_time": "2004-12-31T18:06:51.601Z", "speed": 32.795577723450734, "data_relation": 1, "go_to": 0}, "model": "app.videodata", "pk": 52}, {"fields": {"appear_time": "2004-12-31T18:07:34.352Z", "speed": 12.69598577737239, "data_relation": 1, "go_to": 0}, "model": "app.videodata", "pk": 64}, {"fields": {"appear_time": "2004-12-31T18:08:42.128Z", "speed": 43.21841007115851, "data_relation": 1, "go_to": 0}, "model": "app.videodata", "pk": 74}, {"fields": {"appear_time": "2004-12-31T18:08:49.010Z", "speed": 39.84384798986241, "data_relation": 1, "go_to": 0}, "model": "app.videodata", "pk": 77}, {"fields": {"appear_time": "2004-12-31T18:08:58.394Z", "speed": 53.560781740430144, "data_relation": 1, "go_to": 0}, "model": "app.videodata", "pk": 79}, {"fields": {"appear_time": "2004-12-31T18:09:07.570Z", "speed": 39.045846286460126, "data_relation": 1, "go_to": 0}, "model": "app.videodata", "pk": 81}, {"fields": {"appear_time": "2004-12-31T18:09:20.291Z", "speed": 40.57248040960655, "data_relation": 1, "go_to": 0}, "model": "app.videodata", "pk": 83}, {"fields": {"appear_time": "2004-12-31T18:09:29.675Z", "speed": 41.45731040593849, "data_relation": 1, "go_to": 0}, "model": "app.videodata", "pk": 85}, {"fields": {"appear_time": "2004-12-31T18:09:38.434Z", "speed": 47.079532971091716, "data_relation": 1, "go_to": 0}, "model": "app.videodata", "pk": 87}, {"fields": {"appear_time": "2004-12-31T18:09:42.605Z", "speed": 3.2401969282247887, "data_relation": 1, "go_to": 0}, "model": "app.videodata", "pk": 89}, {"fields": {"appear_time": "2004-12-31T18:09:43.231Z", "speed": 35.17517221126895, "data_relation": 1, "go_to": 0}, "model": "app.videodata", "pk": 90}, {"fields": {"appear_time": "2004-12-31T18:09:54.492Z", "speed": 36.73838995813521, "data_relation": 1, "go_to": 0}, "model": "app.videodata", "pk": 92}, {"fields": {"appear_time": "2004-12-31T18:09:59.080Z", "speed": 47.56013413538672, "data_relation": 1, "go_to": 0}, "model": "app.videodata", "pk": 95}, {"fields": {"appear_time": "2015-03-30T15:01:05.273Z", "speed": 48.09975720432395, "data_relation": 1, "go_to": 0}, "model": "app.videodata", "pk": 111}, {"fields": {"appear_time": "2015-03-30T15:02:33.903Z", "speed": 36.05112989209075, "data_relation": 1, "go_to": 0}, "model": "app.videodata", "pk": 112}, {"fields": {"appear_time": "2015-03-30T15:02:47.876Z", "speed": 60.025272979636, "data_relation": 1, "go_to": 0}, "model": "app.videodata", "pk": 113}, {"fields": {"appear_time": "2015-03-30T15:03:07.061Z", "speed": 30.866802564879155, "data_relation": 1, "go_to": 0}, "model": "app.videodata", "pk": 114}, {"fields": {"appear_time": "2015-03-30T15:03:28.750Z", "speed": 48.39854932607838, "data_relation": 1, "go_to": 0}, "model": "app.videodata", "pk": 115}, {"fields": {"appear_time": "2015-03-30T15:03:41.679Z", "speed": 43.7553897875603, "data_relation": 1, "go_to": 0}, "model": "app.videodata", "pk": 118}, {"fields": {"appear_time": "2015-03-30T15:05:51.392Z", "speed": 45.060735727506994, "data_relation": 1, "go_to": 0}, "model": "app.videodata", "pk": 142}, {"fields": {"appear_time": "2015-03-30T15:05:51.601Z", "speed": 32.795577723450734, "data_relation": 1, "go_to": 0}, "model": "app.videodata", "pk": 143}, {"fields": {"appear_time": "2015-03-30T15:06:26.427Z", "speed": 6.859060375810447, "data_relation": 1, "go_to": 0}, "model": "app.videodata", "pk": 148}, {"fields": {"appear_time": "2015-03-30T15:06:34.352Z", "speed": 12.69598577737239, "data_relation": 1, "go_to": 0}, "model": "app.videodata", "pk": 152}, {"fields": {"appear_time": "2015-03-30T15:07:42.128Z", "speed": 43.21841007115851, "data_relation": 1, "go_to": 0}, "model": "app.videodata", "pk": 162}, {"fields": {"appear_time": "2015-03-30T15:07:49.010Z", "speed": 39.84384798986241, "data_relation": 1, "go_to": 0}, "model": "app.videodata", "pk": 164}, {"fields": {"appear_time": "2015-03-30T15:07:58.394Z", "speed": 53.560781740430144, "data_relation": 1, "go_to": 0}, "model": "app.videodata", "pk": 167}, {"fields": {"appear_time": "2015-03-30T15:08:07.570Z", "speed": 39.045846286460126, "data_relation": 1, "go_to": 0}, "model": "app.videodata", "pk": 170}, {"fields": {"appear_time": "2015-03-30T15:08:20.291Z", "speed": 40.57248040960655, "data_relation": 1, "go_to": 0}, "model": "app.videodata", "pk": 175}, {"fields": {"appear_time": "2015-03-30T15:08:29.675Z", "speed": 41.45731040593849, "data_relation": 1, "go_to": 0}, "model": "app.videodata", "pk": 178}, {"fields": {"appear_time": "2015-03-30T15:08:38.434Z", "speed": 47.079532971091716, "data_relation": 1, "go_to": 0}, "model": "app.videodata", "pk": 182}, {"fields": {"appear_time": "2015-03-30T15:08:43.231Z", "speed": 35.17517221126895, "data_relation": 1, "go_to": 0}, "model": "app.videodata", "pk": 184}, {"fields": {"appear_time": "2015-03-30T15:08:54.492Z", "speed": 36.73838995813521, "data_relation": 1, "go_to": 0}, "model": "app.videodata", "pk": 188}, {"fields": {"appear_time": "2015-03-30T15:08:59.080Z", "speed": 47.56013413538672, "data_relation": 1, "go_to": 0}, "model": "app.videodata", "pk": 189}, {"fields": {"appear_time": "2015-03-30T15:42:05.273Z", "speed": 48.09975720432395, "data_relation": 1, "go_to": 0}, "model": "app.videodata", "pk": 221}, {"fields": {"appear_time": "2015-03-30T15:43:33.903Z", "speed": 36.05112989209075, "data_relation": 1, "go_to": 0}, "model": "app.videodata", "pk": 222}, {"fields": {"appear_time": "2015-03-30T15:43:47.876Z", "speed": 60.025272979636, "data_relation": 1, "go_to": 0}, "model": "app.videodata", "pk": 223}, {"fields": {"appear_time": "2015-03-30T15:41:04.166Z", "speed": 16.720004394498293, "data_relation": 4, "go_to": 0}, "model": "app.videodata", "pk": 224}, {"fields": {"appear_time": "2015-03-30T15:41:11.875Z", "speed": 8.23319724444853, "data_relation": 4, "go_to": 0}, "model": "app.videodata", "pk": 225}, {"fields": {"appear_time": "2015-03-30T15:44:07.061Z", "speed": 30.866802564879155, "data_relation": 1, "go_to": 0}, "model": "app.videodata", "pk": 226}, {"fields": {"appear_time": "2015-03-30T15:41:17.500Z", "speed": 12.217828159959769, "data_relation": 4, "go_to": 0}, "model": "app.videodata", "pk": 227}, {"fields": {"appear_time": "2015-03-30T15:41:24.166Z", "speed": 13.419067402476575, "data_relation": 4, "go_to": 0}, "model": "app.videodata", "pk": 228}, {"fields": {"appear_time": "2015-03-30T15:41:29.166Z", "speed": 8.037197195972363, "data_relation": 4, "go_to": 0}, "model": "app.videodata", "pk": 229}, {"fields": {"appear_time": "2015-03-30T15:41:34.791Z", "speed": 7.658214086913087, "data_relation": 4, "go_to": 0}, "model": "app.videodata", "pk": 230}, {"fields": {"appear_time": "2015-03-30T15:44:28.750Z", "speed": 48.39854932607838, "data_relation": 1, "go_to": 0}, "model": "app.videodata", "pk": 231}, {"fields": {"appear_time": "2015-03-30T15:41:40.833Z", "speed": 5.360564767762891, "data_relation": 4, "go_to": 0}, "model": "app.videodata", "pk": 232}, {"fields": {"appear_time": "2015-03-30T15:41:45.416Z", "speed": 5.51023879372719, "data_relation": 4, "go_to": 0}, "model": "app.videodata", "pk": 233}, {"fields": {"appear_time": "2015-03-30T15:44:41.679Z", "speed": 43.7553897875603, "data_relation": 1, "go_to": 0}, "model": "app.videodata", "pk": 234}, {"fields": {"appear_time": "2015-03-30T15:41:49.583Z", "speed": 12.420204078835827, "data_relation": 4, "go_to": 0}, "model": "app.videodata", "pk": 235}, {"fields": {"appear_time": "2015-03-30T15:41:53.333Z", "speed": 19.65918000417173, "data_relation": 4, "go_to": 0}, "model": "app.videodata", "pk": 236}, {"fields": {"appear_time": "2015-03-30T15:41:54.583Z", "speed": 18.722123393197023, "data_relation": 4, "go_to": 0}, "model": "app.videodata", "pk": 237}, {"fields": {"appear_time": "2015-03-30T15:42:01.458Z", "speed": 8.87525443996797, "data_relation": 4, "go_to": 0}, "model": "app.videodata", "pk": 238}, {"fields": {"appear_time": "2015-03-30T15:42:05Z", "speed": 11.426171174518956, "data_relation": 4, "go_to": 0}, "model": "app.videodata", "pk": 239}, {"fields": {"appear_time": "2015-03-30T15:42:06.666Z", "speed": 10.452991854586088, "data_relation": 4, "go_to": 1}, "model": "app.videodata", "pk": 240}, {"fields": {"appear_time": "2015-03-30T15:42:12.083Z", "speed": 18.809061503038233, "data_relation": 4, "go_to": 0}, "model": "app.videodata", "pk": 241}, {"fields": {"appear_time": "2015-03-30T15:42:13.750Z", "speed": 6.242132085958132, "data_relation": 4, "go_to": 1}, "model": "app.videodata", "pk": 242}, {"fields": {"appear_time": "2015-03-30T15:42:30.416Z", "speed": 18.888314597426955, "data_relation": 4, "go_to": 1}, "model": "app.videodata", "pk": 243}, {"fields": {"appear_time": "2015-03-30T15:42:33.333Z", "speed": 15.902344108979808, "data_relation": 4, "go_to": 0}, "model": "app.videodata", "pk": 244}, {"fields": {"appear_time": "2015-03-30T15:42:39.583Z", "speed": 14.341042717177427, "data_relation": 4, "go_to": 0}, "model": "app.videodata", "pk": 245}, {"fields": {"appear_time": "2015-03-30T15:42:44.583Z", "speed": 18.06153949635879, "data_relation": 4, "go_to": 0}, "model": "app.videodata", "pk": 246}, {"fields": {"appear_time": "2015-03-30T15:42:50.416Z", "speed": 11.842028923951206, "data_relation": 4, "go_to": 0}, "model": "app.videodata", "pk": 247}, {"fields": {"appear_time": "2015-03-30T15:42:52.500Z", "speed": 15.67819125134187, "data_relation": 4, "go_to": 0}, "model": "app.videodata", "pk": 248}, {"fields": {"appear_time": "2015-03-30T15:42:58.333Z", "speed": 24.118408345601182, "data_relation": 4, "go_to": 0}, "model": "app.videodata", "pk": 249}, {"fields": {"appear_time": "2015-03-30T15:43:01.875Z", "speed": 6.887847342833061, "data_relation": 4, "go_to": 0}, "model": "app.videodata", "pk": 250}, {"fields": {"appear_time": "2015-03-30T15:43:04.791Z", "speed": 4.463783625711132, "data_relation": 4, "go_to": 0}, "model": "app.videodata", "pk": 251}, {"fields": {"appear_time": "2015-03-30T15:43:07.500Z", "speed": 15.99443988525919, "data_relation": 4, "go_to": 0}, "model": "app.videodata", "pk": 252}, {"fields": {"appear_time": "2015-03-30T15:43:14.791Z", "speed": 15.895316625807187, "data_relation": 4, "go_to": 0}, "model": "app.videodata", "pk": 253}, {"fields": {"appear_time": "2015-03-30T15:43:16.458Z", "speed": 1.3137975185433526, "data_relation": 4, "go_to": 1}, "model": "app.videodata", "pk": 254}, {"fields": {"appear_time": "2015-03-30T15:43:25.208Z", "speed": 9.567081162097459, "data_relation": 4, "go_to": 0}, "model": "app.videodata", "pk": 255}, {"fields": {"appear_time": "2015-03-30T15:43:29.166Z", "speed": 11.882452547906679, "data_relation": 4, "go_to": 0}, "model": "app.videodata", "pk": 256}, {"fields": {"appear_time": "2015-03-30T15:43:41.250Z", "speed": 5.709343322110147, "data_relation": 4, "go_to": 0}, "model": "app.videodata", "pk": 257}, {"fields": {"appear_time": "2015-03-30T15:46:51.392Z", "speed": 45.060735727506994, "data_relation": 1, "go_to": 0}, "model": "app.videodata", "pk": 258}, {"fields": {"appear_time": "2015-03-30T15:46:51.601Z", "speed": 32.795577723450734, "data_relation": 1, "go_to": 0}, "model": "app.videodata", "pk": 259}, {"fields": {"appear_time": "2015-03-30T15:43:49.791Z", "speed": 7.8205230783592246, "data_relation": 4, "go_to": 0}, "model": "app.videodata", "pk": 260}, {"fields": {"appear_time": "2015-03-30T15:43:55.833Z", "speed": 8.64869882360843, "data_relation": 4, "go_to": 0}, "model": "app.videodata", "pk": 261}, {"fields": {"appear_time": "2015-03-30T15:43:56.041Z", "speed": 8.54866265061159, "data_relation": 4, "go_to": 1}, "model": "app.videodata", "pk": 262}, {"fields": {"appear_time": "2015-03-30T15:43:59.166Z", "speed": 11.211238799273703, "data_relation": 4, "go_to": 0}, "model": "app.videodata", "pk": 263}, {"fields": {"appear_time": "2015-03-30T15:44:05.208Z", "speed": 12.844812491011597, "data_relation": 4, "go_to": 0}, "model": "app.videodata", "pk": 264}, {"fields": {"appear_time": "2015-03-30T15:44:07.708Z", "speed": 14.669171206011244, "data_relation": 4, "go_to": 0}, "model": "app.videodata", "pk": 265}, {"fields": {"appear_time": "2015-03-30T15:44:08.958Z", "speed": 27.65256837700307, "data_relation": 4, "go_to": 1}, "model": "app.videodata", "pk": 266}, {"fields": {"appear_time": "2015-03-30T15:44:11.041Z", "speed": 16.44502483580944, "data_relation": 4, "go_to": 0}, "model": "app.videodata", "pk": 267}, {"fields": {"appear_time": "2015-03-30T15:44:17.500Z", "speed": 13.264865080295992, "data_relation": 4, "go_to": 0}, "model": "app.videodata", "pk": 268}, {"fields": {"appear_time": "2015-03-30T15:47:26.427Z", "speed": 6.859060375810447, "data_relation": 1, "go_to": 0}, "model": "app.videodata", "pk": 269}, {"fields": {"appear_time": "2015-03-30T15:47:34.352Z", "speed": 12.69598577737239, "data_relation": 1, "go_to": 0}, "model": "app.videodata", "pk": 270}, {"fields": {"appear_time": "2015-03-30T15:44:44.375Z", "speed": 7.023923679496124, "data_relation": 4, "go_to": 0}, "model": "app.videodata", "pk": 271}, {"fields": {"appear_time": "2015-03-30T15:44:44.583Z", "speed": 1.6590249551907803, "data_relation": 4, "go_to": 0}, "model": "app.videodata", "pk": 272}, {"fields": {"appear_time": "2015-03-30T15:44:51.666Z", "speed": 14.43056058966118, "data_relation": 4, "go_to": 0}, "model": "app.videodata", "pk": 273}, {"fields": {"appear_time": "2015-03-30T15:44:55.416Z", "speed": 14.434353988293713, "data_relation": 4, "go_to": 0}, "model": "app.videodata", "pk": 274}, {"fields": {"appear_time": "2015-03-30T15:45:09.375Z", "speed": 6.494235627102618, "data_relation": 4, "go_to": 0}, "model": "app.videodata", "pk": 275}, {"fields": {"appear_time": "2015-03-30T15:45:15.208Z", "speed": 2.228276840719412, "data_relation": 4, "go_to": 0}, "model": "app.videodata", "pk": 276}, {"fields": {"appear_time": "2015-03-30T15:45:17.916Z", "speed": 8.12661838379484, "data_relation": 4, "go_to": 1}, "model": "app.videodata", "pk": 277}, {"fields": {"appear_time": "2015-03-30T15:45:20.625Z", "speed": 4.978502804806801, "data_relation": 4, "go_to": 0}, "model": "app.videodata", "pk": 278}, {"fields": {"appear_time": "2015-03-30T15:45:24.791Z", "speed": 10.882261813210585, "data_relation": 4, "go_to": 0}, "model": "app.videodata", "pk": 279}, {"fields": {"appear_time": "2015-03-30T15:45:28.333Z", "speed": 12.247252293096674, "data_relation": 4, "go_to": 0}, "model": "app.videodata", "pk": 280}, {"fields": {"appear_time": "2015-03-30T15:45:31.875Z", "speed": 13.962189209836017, "data_relation": 4, "go_to": 0}, "model": "app.videodata", "pk": 281}, {"fields": {"appear_time": "2015-03-30T15:45:33.541Z", "speed": 14.326535637497438, "data_relation": 4, "go_to": 0}, "model": "app.videodata", "pk": 282}, {"fields": {"appear_time": "2015-03-30T15:45:37.083Z", "speed": 7.8214881472535245, "data_relation": 4, "go_to": 0}, "model": "app.videodata", "pk": 283}, {"fields": {"appear_time": "2015-03-30T15:48:42.128Z", "speed": 43.21841007115851, "data_relation": 1, "go_to": 0}, "model": "app.videodata", "pk": 284}, {"fields": {"appear_time": "2015-03-30T15:45:42.500Z", "speed": 11.810857343459364, "data_relation": 4, "go_to": 0}, "model": "app.videodata", "pk": 285}, {"fields": {"appear_time": "2015-03-30T15:48:49.010Z", "speed": 39.84384798986241, "data_relation": 1, "go_to": 0}, "model": "app.videodata", "pk": 286}, {"fields": {"appear_time": "2015-03-30T15:45:47.708Z", "speed": 11.894575264136176, "data_relation": 4, "go_to": 0}, "model": "app.videodata", "pk": 287}, {"fields": {"appear_time": "2015-03-30T15:45:51.458Z", "speed": 14.882452630980078, "data_relation": 4, "go_to": 0}, "model": "app.videodata", "pk": 288}, {"fields": {"appear_time": "2015-03-30T15:45:55Z", "speed": 11.875880391415258, "data_relation": 4, "go_to": 1}, "model": "app.videodata", "pk": 289}, {"fields": {"appear_time": "2015-03-30T15:45:55.208Z", "speed": 5.914225968627817, "data_relation": 4, "go_to": 1}, "model": "app.videodata", "pk": 290}, {"fields": {"appear_time": "2015-03-30T15:48:58.394Z", "speed": 53.560781740430144, "data_relation": 1, "go_to": 0}, "model": "app.videodata", "pk": 291}, {"fields": {"appear_time": "2015-03-30T15:45:56.458Z", "speed": 9.664652608657724, "data_relation": 4, "go_to": 0}, "model": "app.videodata", "pk": 292}, {"fields": {"appear_time": "2015-03-30T15:45:59.375Z", "speed": 15.622695138175539, "data_relation": 4, "go_to": 0}, "model": "app.videodata", "pk": 293}, {"fields": {"appear_time": "2015-03-30T15:46:03.750Z", "speed": 11.430367414522186, "data_relation": 4, "go_to": 0}, "model": "app.videodata", "pk": 294}, {"fields": {"appear_time": "2015-03-30T15:49:07.570Z", "speed": 39.045846286460126, "data_relation": 1, "go_to": 0}, "model": "app.videodata", "pk": 295}, {"fields": {"appear_time": "2015-03-30T15:46:08.125Z", "speed": 15.402480928811137, "data_relation": 4, "go_to": 0}, "model": "app.videodata", "pk": 296}, {"fields": {"appear_time": "2015-03-30T15:46:10.416Z", "speed": 17.77629846180711, "data_relation": 4, "go_to": 0}, "model": "app.videodata", "pk": 297}, {"fields": {"appear_time": "2015-03-30T15:46:12.916Z", "speed": 19.619408267004992, "data_relation": 4, "go_to": 0}, "model": "app.videodata", "pk": 298}, {"fields": {"appear_time": "2015-03-30T15:46:15.625Z", "speed": 18.523506799577667, "data_relation": 4, "go_to": 0}, "model": "app.videodata", "pk": 299}, {"fields": {"appear_time": "2015-03-30T15:49:20.291Z", "speed": 40.57248040960655, "data_relation": 1, "go_to": 0}, "model": "app.videodata", "pk": 300}, {"fields": {"appear_time": "2015-03-30T15:46:28.125Z", "speed": 20.709032833884816, "data_relation": 4, "go_to": 0}, "model": "app.videodata", "pk": 301}, {"fields": {"appear_time": "2015-03-30T15:49:29.675Z", "speed": 41.45731040593849, "data_relation": 1, "go_to": 0}, "model": "app.videodata", "pk": 302}, {"fields": {"appear_time": "2015-03-30T15:46:40.625Z", "speed": 14.21098766472013, "data_relation": 4, "go_to": 0}, "model": "app.videodata", "pk": 303}, {"fields": {"appear_time": "2015-03-30T15:49:38.434Z", "speed": 47.079532971091716, "data_relation": 1, "go_to": 0}, "model": "app.videodata", "pk": 304}, {"fields": {"appear_time": "2015-03-30T15:46:48.125Z", "speed": 14.826112042181785, "data_relation": 4, "go_to": 0}, "model": "app.videodata", "pk": 305}, {"fields": {"appear_time": "2015-03-30T15:49:43.231Z", "speed": 35.17517221126895, "data_relation": 1, "go_to": 0}, "model": "app.videodata", "pk": 306}, {"fields": {"appear_time": "2015-03-30T15:46:58.541Z", "speed": 15.803991698943642, "data_relation": 4, "go_to": 0}, "model": "app.videodata", "pk": 307}, {"fields": {"appear_time": "2015-03-30T15:49:54.492Z", "speed": 36.73838995813521, "data_relation": 1, "go_to": 0}, "model": "app.videodata", "pk": 308}, {"fields": {"appear_time": "2015-03-30T15:49:59.080Z", "speed": 47.56013413538672, "data_relation": 1, "go_to": 0}, "model": "app.videodata", "pk": 309}, {"fields": {"appear_time": "2015-03-30T15:47:11.041Z", "speed": 7.3189784921267576, "data_relation": 4, "go_to": 0}, "model": "app.videodata", "pk": 310}, {"fields": {"appear_time": "2015-03-30T15:47:21.666Z", "speed": 22.027370758460176, "data_relation": 4, "go_to": 0}, "model": "app.videodata", "pk": 311}, {"fields": {"appear_time": "2015-03-30T15:47:24.583Z", "speed": 19.273967825841066, "data_relation": 4, "go_to": 0}, "model": "app.videodata", "pk": 312}, {"fields": {"appear_time": "2015-03-30T15:47:29.583Z", "speed": 9.000304649272236, "data_relation": 4, "go_to": 0}, "model": "app.videodata", "pk": 313}, {"fields": {"appear_time": "2015-03-30T15:47:35.416Z", "speed": 12.263073374766888, "data_relation": 4, "go_to": 0}, "model": "app.videodata", "pk": 314}, {"fields": {"appear_time": "2015-03-30T15:47:54.166Z", "speed": 6.773404675288583, "data_relation": 4, "go_to": 1}, "model": "app.videodata", "pk": 315}, {"fields": {"appear_time": "2015-03-30T15:48:05.416Z", "speed": 10.297379974184175, "data_relation": 4, "go_to": 0}, "model": "app.videodata", "pk": 316}, {"fields": {"appear_time": "2015-03-30T15:48:21.250Z", "speed": 20.235226705620455, "data_relation": 4, "go_to": 0}, "model": "app.videodata", "pk": 317}, {"fields": {"appear_time": "2015-03-30T15:48:31.458Z", "speed": 0.32774527675277204, "data_relation": 4, "go_to": 1}, "model": "app.videodata", "pk": 318}, {"fields": {"appear_time": "2015-03-30T15:48:35.625Z", "speed": 15.141754824311741, "data_relation": 4, "go_to": 1}, "model": "app.videodata", "pk": 319}, {"fields": {"appear_time": "2015-03-30T15:48:37.916Z", "speed": 13.905029876414282, "data_relation": 4, "go_to": 0}, "model": "app.videodata", "pk": 320}, {"fields": {"appear_time": "2015-03-30T15:48:47.083Z", "speed": 0.31872464816578344, "data_relation": 4, "go_to": 1}, "model": "app.videodata", "pk": 321}, {"fields": {"appear_time": "2015-03-30T15:48:47.291Z", "speed": 2.565584837609233, "data_relation": 4, "go_to": 1}, "model": "app.videodata", "pk": 322}, {"fields": {"appear_time": "2015-03-30T15:48:49.375Z", "speed": 12.96854350969638, "data_relation": 4, "go_to": 1}, "model": "app.videodata", "pk": 323}, {"fields": {"appear_time": "2015-03-30T15:48:58.333Z", "speed": 15.75147874209274, "data_relation": 4, "go_to": 1}, "model": "app.videodata", "pk": 324}, {"fields": {"appear_time": "2015-03-30T15:49:02.291Z", "speed": 18.599696938753233, "data_relation": 4, "go_to": 0}, "model": "app.videodata", "pk": 325}, {"fields": {"appear_time": "2015-03-30T15:49:08.958Z", "speed": 20.669220119086756, "data_relation": 4, "go_to": 0}, "model": "app.videodata", "pk": 326}, {"fields": {"appear_time": "2015-03-30T15:49:13.541Z", "speed": 9.764418556455334, "data_relation": 4, "go_to": 0}, "model": "app.videodata", "pk": 327}, {"fields": {"appear_time": "2015-03-30T15:49:26.041Z", "speed": 12.557392052690954, "data_relation": 4, "go_to": 0}, "model": "app.videodata", "pk": 328}, {"fields": {"appear_time": "2015-03-30T15:49:29.583Z", "speed": 13.420490780239245, "data_relation": 4, "go_to": 0}, "model": "app.videodata", "pk": 329}, {"fields": {"appear_time": "2015-03-30T15:49:31.875Z", "speed": 14.725460556115683, "data_relation": 4, "go_to": 0}, "model": "app.videodata", "pk": 330}, {"fields": {"appear_time": "2015-03-30T15:49:32.291Z", "speed": 15.62767326019366, "data_relation": 4, "go_to": 0}, "model": "app.videodata", "pk": 331}, {"fields": {"appear_time": "2015-03-30T15:49:34.166Z", "speed": 18.248357208077472, "data_relation": 4, "go_to": 0}, "model": "app.videodata", "pk": 332}, {"fields": {"appear_time": "2015-03-30T15:49:42.083Z", "speed": 10.160440829317537, "data_relation": 4, "go_to": 1}, "model": "app.videodata", "pk": 333}, {"fields": {"appear_time": "2015-03-30T15:49:58.750Z", "speed": 14.039477675329218, "data_relation": 4, "go_to": 0}, "model": "app.videodata", "pk": 334}, {"fields": {"appear_time": "2015-03-30T15:50:10.416Z", "speed": 4.528878299875682, "data_relation": 4, "go_to": 0}, "model": "app.videodata", "pk": 335}, {"fields": {"appear_time": "2015-03-30T15:50:20.208Z", "speed": 10.468767707225211, "data_relation": 4, "go_to": 0}, "model": "app.videodata", "pk": 336}, {"fields": {"appear_time": "2015-03-30T15:50:21.666Z", "speed": 8.916321158233512, "data_relation": 4, "go_to": 1}, "model": "app.videodata", "pk": 337}, {"fields": {"appear_time": "2015-03-30T15:50:23.541Z", "speed": 14.80784258438695, "data_relation": 4, "go_to": 0}, "model": "app.videodata", "pk": 338}, {"fields": {"appear_time": "2015-03-30T15:50:33.541Z", "speed": 8.433409826744988, "data_relation": 4, "go_to": 0}, "model": "app.videodata", "pk": 339}, {"fields": {"appear_time": "2015-03-30T15:50:34.791Z", "speed": 17.686122542155587, "data_relation": 4, "go_to": 0}, "model": "app.videodata", "pk": 340}, {"fields": {"status": "SUCCESS", "task_id": "dc0c51c5-6021-4745-8d67-3e94a198a039", "date_done": "2015-03-30T14:59:51.113Z", "traceback": null, "meta": "eJxrYKotZIzgYGBgSM7IzEkpSs2LLdYDADylBhk=", "result": null, "hidden": false}, "model": "djcelery.taskmeta", "pk": 1}, {"fields": {"status": "SUCCESS", "task_id": "97e25120-9a08-439e-b66c-e7209be1cb6d", "date_done": "2015-03-30T14:59:58.546Z", "traceback": null, "meta": "eJxrYKotZIzgYGBgSM7IzEkpSs2LLdYDADylBhk=", "result": null, "hidden": false}, "model": "djcelery.taskmeta", "pk": 2}, {"fields": {"status": "SUCCESS", "task_id": "cd333e9a-c7a9-4993-96c3-b147cd18d7b5", "date_done": "2015-03-30T15:03:55.000Z", "traceback": null, "meta": "eJxrYKotZIzgYGBgSM7IzEkpSs2LLdYDADylBhk=", "result": null, "hidden": false}, "model": "djcelery.taskmeta", "pk": 3}, {"fields": {"status": "SUCCESS", "task_id": "bb57bb48-fda3-4c8f-a55f-9540a87ed202", "date_done": "2015-03-30T15:04:18.827Z", "traceback": null, "meta": "eJxrYKotZIzgYGBgSM7IzEkpSs2LLdYDADylBhk=", "result": null, "hidden": false}, "model": "djcelery.taskmeta", "pk": 4}, {"fields": {"status": "SUCCESS", "task_id": "0c77efcc-d9da-4ebb-972c-c6a0130fcd34", "date_done": "2015-03-30T15:43:08.933Z", "traceback": null, "meta": "eJxrYKotZIzgYGBgSM7IzEkpSs2LLdYDADylBhk=", "result": null, "hidden": false}, "model": "djcelery.taskmeta", "pk": 5}, {"fields": {"status": "SUCCESS", "task_id": "0c9753ad-91ab-4f19-994f-70e603872e8b", "date_done": "2015-03-30T15:43:25.400Z", "traceback": null, "meta": "eJxrYKotZIzgYGBgSM7IzEkpSs2LLdYDADylBhk=", "result": null, "hidden": false}, "model": "djcelery.taskmeta", "pk": 6}, {"fields": {"name": "celery"}, "model": "kombu_transport_django.queue", "pk": 1}, {"fields": {"name": "celery@Kunats-MacBook-Pro.local.celery.pidbox"}, "model": "kombu_transport_django.queue", "pk": 2}, {"fields": {"queue": 1, "visible": false, "sent_at": "2015-03-30T14:58:12.584Z", "payload": "{\"body\": \"gAJ9cQEoVQdleHBpcmVzcQJOVQN1dGNxA4hVBGFyZ3NxBF1xBVUFY2hvcmRxBk5VCWNhbGxiYWNrc3EHTlUIZXJyYmFja3NxCE5VB3Rhc2tzZXRxCU5VAmlkcQpVJGRjMGM1MWM1LTYwMjEtNDc0NS04ZDY3LTNlOTRhMTk4YTAzOXELVQdyZXRyaWVzcQxLAFUEdGFza3ENVRFhcHAudGFza3MucHJvY2Vzc3EOVQl0aW1lbGltaXRxD05OhlUDZXRhcRBOVQZrd2FyZ3NxEX1xElUFdmlkZW9xE2NkamFuZ28uZGIubW9kZWxzLmJhc2UKbW9kZWxfdW5waWNrbGUKcRRVA2FwcHEVVQVWaWRlb3EWhl1jZGphbmdvLmRiLm1vZGVscy5iYXNlCnNpbXBsZV9jbGFzc19mYWN0b3J5CnEXh1JxGH1xGShVBG5hbWVxGlUAVQN1cmxxG1g1AAAAL1VzZXJzL2t1bmF0by9maW5hbF9wcm9qZWN0L3NlcnZlci9zdGF0aWMvdmlkZW8vMS5tcDRxHFUKc3RhcnRfdGltZXEdWBgAAAAyMDA0LTEyLTMxVDE4OjAxOjAwLjAwMFpxHlUGX3N0YXRlcR9jZGphbmdvLmRiLm1vZGVscy5iYXNlCk1vZGVsU3RhdGUKcSApgXEhfXEiKFUGYWRkaW5ncSOJVQJkYnEkVQdkZWZhdWx0cSV1YlUJY2FtZXJhX2lkSwFVDV9jYW1lcmFfY2FjaGVoFGgVVQZDYW1lcmFxJoZdaBeHUnEnfXEoKGgaWAIAAABjMWgbWAAAAABoH2ggKYFxKX1xKihoI4loJGgldWJVBmhlaWdodHErTeABVQV3aWR0aHEsTVYDaApLAXViVQR0eXBlcS1LAWgKSwF1YnN1Lg==\", \"headers\": {}, \"content-type\": \"application/x-python-serialize\", \"properties\": {\"body_encoding\": \"base64\", \"correlation_id\": \"dc0c51c5-6021-4745-8d67-3e94a198a039\", \"reply_to\": \"02cedae8-66ae-3a3d-997e-dad5ded62ff2\", \"delivery_info\": {\"priority\": 0, \"routing_key\": \"celery\", \"exchange\": \"celery\"}, \"delivery_mode\": 2, \"delivery_tag\": \"6a3e82ff-d0bd-4b96-b1ed-ce7f6444c338\"}, \"content-encoding\": \"binary\"}"}, "model": "kombu_transport_django.message", "pk": 1}, {"fields": {"queue": 1, "visible": false, "sent_at": "2015-03-30T14:58:25.253Z", "payload": "{\"body\": \"gAJ9cQEoVQdleHBpcmVzcQJOVQN1dGNxA4hVBGFyZ3NxBF1xBVUFY2hvcmRxBk5VCWNhbGxiYWNrc3EHTlUIZXJyYmFja3NxCE5VB3Rhc2tzZXRxCU5VAmlkcQpVJDk3ZTI1MTIwLTlhMDgtNDM5ZS1iNjZjLWU3MjA5YmUxY2I2ZHELVQdyZXRyaWVzcQxLAFUEdGFza3ENVRFhcHAudGFza3MucHJvY2Vzc3EOVQl0aW1lbGltaXRxD05OhlUDZXRhcRBOVQZrd2FyZ3NxEX1xElUFdmlkZW9xE2NkamFuZ28uZGIubW9kZWxzLmJhc2UKbW9kZWxfdW5waWNrbGUKcRRVA2FwcHEVVQVWaWRlb3EWhl1jZGphbmdvLmRiLm1vZGVscy5iYXNlCnNpbXBsZV9jbGFzc19mYWN0b3J5CnEXh1JxGH1xGShVBG5hbWVxGlUAVQN1cmxxG1g1AAAAL1VzZXJzL2t1bmF0by9maW5hbF9wcm9qZWN0L3NlcnZlci9zdGF0aWMvdmlkZW8vMi5tcDRxHFUKc3RhcnRfdGltZXEdWBgAAAAyMDA0LTEyLTMxVDE4OjAxOjAwLjAwMFpxHlUGX3N0YXRlcR9jZGphbmdvLmRiLm1vZGVscy5iYXNlCk1vZGVsU3RhdGUKcSApgXEhfXEiKFUGYWRkaW5ncSOJVQJkYnEkVQdkZWZhdWx0cSV1YlUJY2FtZXJhX2lkSwJVDV9jYW1lcmFfY2FjaGVoFGgVVQZDYW1lcmFxJoZdaBeHUnEnfXEoKGgaWAIAAABjMmgbWAAAAABoH2ggKYFxKX1xKihoI4loJGgldWJVBmhlaWdodHErTeABVQV3aWR0aHEsTVYDaApLAnViVQR0eXBlcS1LAWgKSwJ1YnN1Lg==\", \"headers\": {}, \"content-type\": \"application/x-python-serialize\", \"properties\": {\"body_encoding\": \"base64\", \"correlation_id\": \"97e25120-9a08-439e-b66c-e7209be1cb6d\", \"reply_to\": \"02cedae8-66ae-3a3d-997e-dad5ded62ff2\", \"delivery_info\": {\"priority\": 0, \"routing_key\": \"celery\", \"exchange\": \"celery\"}, \"delivery_mode\": 2, \"delivery_tag\": \"eb160186-8f3c-48ac-a936-216235eed266\"}, \"content-encoding\": \"binary\"}"}, "model": "kombu_transport_django.message", "pk": 2}, {"fields": {"queue": 1, "visible": false, "sent_at": "2015-03-30T15:02:31.401Z", "payload": "{\"body\": \"gAJ9cQEoVQdleHBpcmVzcQJOVQN1dGNxA4hVBGFyZ3NxBF1xBVUFY2hvcmRxBk5VCWNhbGxiYWNrc3EHTlUIZXJyYmFja3NxCE5VB3Rhc2tzZXRxCU5VAmlkcQpVJGNkMzMzZTlhLWM3YTktNDk5My05NmMzLWIxNDdjZDE4ZDdiNXELVQdyZXRyaWVzcQxLAFUEdGFza3ENVRFhcHAudGFza3MucHJvY2Vzc3EOVQl0aW1lbGltaXRxD05OhlUDZXRhcRBOVQZrd2FyZ3NxEX1xElUFdmlkZW9xE2NkamFuZ28uZGIubW9kZWxzLmJhc2UKbW9kZWxfdW5waWNrbGUKcRRVA2FwcHEVVQVWaWRlb3EWhl1jZGphbmdvLmRiLm1vZGVscy5iYXNlCnNpbXBsZV9jbGFzc19mYWN0b3J5CnEXh1JxGH1xGShVBG5hbWVxGlUAVQN1cmxxG1g1AAAAL1VzZXJzL2t1bmF0by9maW5hbF9wcm9qZWN0L3NlcnZlci9zdGF0aWMvdmlkZW8vMy5tcDRxHFUKc3RhcnRfdGltZXEdWBgAAAAyMDE1LTAzLTMwVDE1OjAwOjAwLjAwMFpxHlUGX3N0YXRlcR9jZGphbmdvLmRiLm1vZGVscy5iYXNlCk1vZGVsU3RhdGUKcSApgXEhfXEiKFUGYWRkaW5ncSOJVQJkYnEkVQdkZWZhdWx0cSV1YlUJY2FtZXJhX2lkSwFVDV9jYW1lcmFfY2FjaGVxJmgUaBVVBkNhbWVyYXEnhl1oF4dScSh9cSkoaBpYAgAAAGMxaBtYEgAAAC9zdGF0aWMvaW1nLzEuanBlZ2gfaCApgXEqfXErKGgjiWgkaCV1YlUGaGVpZ2h0cSxN4AFVBXdpZHRocS1NVgNoCksBdWJVBHR5cGVxLksBaApLA3Vic3Uu\", \"headers\": {}, \"content-type\": \"application/x-python-serialize\", \"properties\": {\"body_encoding\": \"base64\", \"correlation_id\": \"cd333e9a-c7a9-4993-96c3-b147cd18d7b5\", \"reply_to\": \"02cedae8-66ae-3a3d-997e-dad5ded62ff2\", \"delivery_info\": {\"priority\": 0, \"routing_key\": \"celery\", \"exchange\": \"celery\"}, \"delivery_mode\": 2, \"delivery_tag\": \"4343e130-db2a-4c10-8d30-00aa5176a118\"}, \"content-encoding\": \"binary\"}"}, "model": "kombu_transport_django.message", "pk": 3}, {"fields": {"queue": 1, "visible": false, "sent_at": "2015-03-30T15:02:57.124Z", "payload": "{\"body\": \"gAJ9cQEoVQdleHBpcmVzcQJOVQN1dGNxA4hVBGFyZ3NxBF1xBVUFY2hvcmRxBk5VCWNhbGxiYWNrc3EHTlUIZXJyYmFja3NxCE5VB3Rhc2tzZXRxCU5VAmlkcQpVJGJiNTdiYjQ4LWZkYTMtNGM4Zi1hNTVmLTk1NDBhODdlZDIwMnELVQdyZXRyaWVzcQxLAFUEdGFza3ENVRFhcHAudGFza3MucHJvY2Vzc3EOVQl0aW1lbGltaXRxD05OhlUDZXRhcRBOVQZrd2FyZ3NxEX1xElUFdmlkZW9xE2NkamFuZ28uZGIubW9kZWxzLmJhc2UKbW9kZWxfdW5waWNrbGUKcRRVA2FwcHEVVQVWaWRlb3EWhl1jZGphbmdvLmRiLm1vZGVscy5iYXNlCnNpbXBsZV9jbGFzc19mYWN0b3J5CnEXh1JxGH1xGShVBG5hbWVxGlUAVQN1cmxxG1g1AAAAL1VzZXJzL2t1bmF0by9maW5hbF9wcm9qZWN0L3NlcnZlci9zdGF0aWMvdmlkZW8vNC5tcDRxHFUKc3RhcnRfdGltZXEdWBgAAAAyMDE1LTAzLTMwVDE1OjAwOjAwLjAwMFpxHlUGX3N0YXRlcR9jZGphbmdvLmRiLm1vZGVscy5iYXNlCk1vZGVsU3RhdGUKcSApgXEhfXEiKFUGYWRkaW5ncSOJVQJkYnEkVQdkZWZhdWx0cSV1YlUJY2FtZXJhX2lkSwJVDV9jYW1lcmFfY2FjaGVxJmgUaBVVBkNhbWVyYXEnhl1oF4dScSh9cSkoaBpYAgAAAGMyaBtYEgAAAC9zdGF0aWMvaW1nLzIuanBlZ2gfaCApgXEqfXErKGgjiWgkaCV1YlUGaGVpZ2h0cSxN4AFVBXdpZHRocS1NVgNoCksCdWJVBHR5cGVxLksBaApLBHVic3Uu\", \"headers\": {}, \"content-type\": \"application/x-python-serialize\", \"properties\": {\"body_encoding\": \"base64\", \"correlation_id\": \"bb57bb48-fda3-4c8f-a55f-9540a87ed202\", \"reply_to\": \"02cedae8-66ae-3a3d-997e-dad5ded62ff2\", \"delivery_info\": {\"priority\": 0, \"routing_key\": \"celery\", \"exchange\": \"celery\"}, \"delivery_mode\": 2, \"delivery_tag\": \"ccda4614-eae5-4414-a5c9-ce10e4a05c38\"}, \"content-encoding\": \"binary\"}"}, "model": "kombu_transport_django.message", "pk": 4}, {"fields": {"queue": 1, "visible": false, "sent_at": "2015-03-30T15:41:50.529Z", "payload": "{\"body\": \"gAJ9cQEoVQdleHBpcmVzcQJOVQN1dGNxA4hVBGFyZ3NxBF1xBVUFY2hvcmRxBk5VCWNhbGxiYWNrc3EHTlUIZXJyYmFja3NxCE5VB3Rhc2tzZXRxCU5VAmlkcQpVJDBjNzdlZmNjLWQ5ZGEtNGViYi05NzJjLWM2YTAxMzBmY2QzNHELVQdyZXRyaWVzcQxLAFUEdGFza3ENVRFhcHAudGFza3MucHJvY2Vzc3EOVQl0aW1lbGltaXRxD05OhlUDZXRhcRBOVQZrd2FyZ3NxEX1xElUFdmlkZW9xE2NkamFuZ28uZGIubW9kZWxzLmJhc2UKbW9kZWxfdW5waWNrbGUKcRRVA2FwcHEVVQVWaWRlb3EWhl1jZGphbmdvLmRiLm1vZGVscy5iYXNlCnNpbXBsZV9jbGFzc19mYWN0b3J5CnEXh1JxGH1xGShVBG5hbWVxGlUAVQN1cmxxG1g1AAAAL1VzZXJzL2t1bmF0by9maW5hbF9wcm9qZWN0L3NlcnZlci9zdGF0aWMvdmlkZW8vNS5tcDRxHFUKc3RhcnRfdGltZXEdWBgAAAAyMDE1LTAzLTMwVDE1OjQxOjAwLjAwMFpxHlUGX3N0YXRlcR9jZGphbmdvLmRiLm1vZGVscy5iYXNlCk1vZGVsU3RhdGUKcSApgXEhfXEiKFUGYWRkaW5ncSOJVQJkYnEkVQdkZWZhdWx0cSV1YlUJY2FtZXJhX2lkSwFVDV9jYW1lcmFfY2FjaGVxJmgUaBVVBkNhbWVyYXEnhl1oF4dScSh9cSkoaBpYAgAAAGMxaBtYEgAAAC9zdGF0aWMvaW1nLzEuanBlZ2gfaCApgXEqfXErKGgjiWgkaCV1YlUGaGVpZ2h0cSxN4AFVBXdpZHRocS1NVgNoCksBdWJVBHR5cGVxLksBaApLBXVic3Uu\", \"headers\": {}, \"content-type\": \"application/x-python-serialize\", \"properties\": {\"body_encoding\": \"base64\", \"correlation_id\": \"0c77efcc-d9da-4ebb-972c-c6a0130fcd34\", \"reply_to\": \"0d5b249e-4225-31ea-9ce4-cc9d65920d52\", \"delivery_info\": {\"priority\": 0, \"routing_key\": \"celery\", \"exchange\": \"celery\"}, \"delivery_mode\": 2, \"delivery_tag\": \"6cb97543-f170-418c-8e49-7f0dc4e21dfb\"}, \"content-encoding\": \"binary\"}"}, "model": "kombu_transport_django.message", "pk": 5}, {"fields": {"queue": 1, "visible": false, "sent_at": "2015-03-30T15:42:10.862Z", "payload": "{\"body\": \"gAJ9cQEoVQdleHBpcmVzcQJOVQN1dGNxA4hVBGFyZ3NxBF1xBVUFY2hvcmRxBk5VCWNhbGxiYWNrc3EHTlUIZXJyYmFja3NxCE5VB3Rhc2tzZXRxCU5VAmlkcQpVJDBjOTc1M2FkLTkxYWItNGYxOS05OTRmLTcwZTYwMzg3MmU4YnELVQdyZXRyaWVzcQxLAFUEdGFza3ENVRFhcHAudGFza3MucHJvY2Vzc3EOVQl0aW1lbGltaXRxD05OhlUDZXRhcRBOVQZrd2FyZ3NxEX1xElUFdmlkZW9xE2NkamFuZ28uZGIubW9kZWxzLmJhc2UKbW9kZWxfdW5waWNrbGUKcRRVA2FwcHEVVQVWaWRlb3EWhl1jZGphbmdvLmRiLm1vZGVscy5iYXNlCnNpbXBsZV9jbGFzc19mYWN0b3J5CnEXh1JxGH1xGShVBG5hbWVxGlUAVQN1cmxxG1g1AAAAL1VzZXJzL2t1bmF0by9maW5hbF9wcm9qZWN0L3NlcnZlci9zdGF0aWMvdmlkZW8vNi5tcDRxHFUKc3RhcnRfdGltZXEdWBgAAAAyMDE1LTAzLTMwVDE1OjQxOjAwLjAwMFpxHlUGX3N0YXRlcR9jZGphbmdvLmRiLm1vZGVscy5iYXNlCk1vZGVsU3RhdGUKcSApgXEhfXEiKFUGYWRkaW5ncSOJVQJkYnEkVQdkZWZhdWx0cSV1YlUJY2FtZXJhX2lkSwJVDV9jYW1lcmFfY2FjaGVxJmgUaBVVBkNhbWVyYXEnhl1oF4dScSh9cSkoaBpYAgAAAGMyaBtYEgAAAC9zdGF0aWMvaW1nLzIuanBlZ2gfaCApgXEqfXErKGgjiWgkaCV1YlUGaGVpZ2h0cSxN4AFVBXdpZHRocS1NVgNoCksCdWJVBHR5cGVxLksBaApLBnVic3Uu\", \"headers\": {}, \"content-type\": \"application/x-python-serialize\", \"properties\": {\"body_encoding\": \"base64\", \"correlation_id\": \"0c9753ad-91ab-4f19-994f-70e603872e8b\", \"reply_to\": \"0d5b249e-4225-31ea-9ce4-cc9d65920d52\", \"delivery_info\": {\"priority\": 0, \"routing_key\": \"celery\", \"exchange\": \"celery\"}, \"delivery_mode\": 2, \"delivery_tag\": \"c354337c-bbc0-43b6-b53a-9299d0e8cea7\"}, \"content-encoding\": \"binary\"}"}, "model": "kombu_transport_django.message", "pk": 6}, {"fields": {"model": "camera", "name": "camera", "app_label": "app"}, "model": "contenttypes.contenttype", "pk": 1}, {"fields": {"model": "video", "name": "video", "app_label": "app"}, "model": "contenttypes.contenttype", "pk": 2}, {"fields": {"model": "map", "name": "map", "app_label": "app"}, "model": "contenttypes.contenttype", "pk": 3}, {"fields": {"model": "mappoint", "name": "map point", "app_label": "app"}, "model": "contenttypes.contenttype", "pk": 4}, {"fields": {"model": "camerapoint", "name": "camera point", "app_label": "app"}, "model": "contenttypes.contenttype", "pk": 5}, {"fields": {"model": "datarelation", "name": "data relation", "app_label": "app"}, "model": "contenttypes.contenttype", "pk": 6}, {"fields": {"model": "videodata", "name": "video data", "app_label": "app"}, "model": "contenttypes.contenttype", "pk": 7}, {"fields": {"model": "traffic", "name": "traffic", "app_label": "app"}, "model": "contenttypes.contenttype", "pk": 8}, {"fields": {"model": "apiaccess", "name": "api access", "app_label": "tastypie"}, "model": "contenttypes.contenttype", "pk": 9}, {"fields": {"model": "apikey", "name": "api key", "app_label": "tastypie"}, "model": "contenttypes.contenttype", "pk": 10}, {"fields": {"model": "taskmeta", "name": "task state", "app_label": "djcelery"}, "model": "contenttypes.contenttype", "pk": 11}, {"fields": {"model": "tasksetmeta", "name": "saved group result", "app_label": "djcelery"}, "model": "contenttypes.contenttype", "pk": 12}, {"fields": {"model": "intervalschedule", "name": "interval", "app_label": "djcelery"}, "model": "contenttypes.contenttype", "pk": 13}, {"fields": {"model": "crontabschedule", "name": "crontab", "app_label": "djcelery"}, "model": "contenttypes.contenttype", "pk": 14}, {"fields": {"model": "periodictasks", "name": "periodic tasks", "app_label": "djcelery"}, "model": "contenttypes.contenttype", "pk": 15}, {"fields": {"model": "periodictask", "name": "periodic task", "app_label": "djcelery"}, "model": "contenttypes.contenttype", "pk": 16}, {"fields": {"model": "workerstate", "name": "worker", "app_label": "djcelery"}, "model": "contenttypes.contenttype", "pk": 17}, {"fields": {"model": "taskstate", "name": "task", "app_label": "djcelery"}, "model": "contenttypes.contenttype", "pk": 18}, {"fields": {"model": "queue", "name": "queue", "app_label": "kombu_transport_django"}, "model": "contenttypes.contenttype", "pk": 19}, {"fields": {"model": "message", "name": "message", "app_label": "kombu_transport_django"}, "model": "contenttypes.contenttype", "pk": 20}, {"fields": {"model": "logentry", "name": "log entry", "app_label": "admin"}, "model": "contenttypes.contenttype", "pk": 21}, {"fields": {"model": "permission", "name": "permission", "app_label": "auth"}, "model": "contenttypes.contenttype", "pk": 22}, {"fields": {"model": "group", "name": "group", "app_label": "auth"}, "model": "contenttypes.contenttype", "pk": 23}, {"fields": {"model": "user", "name": "user", "app_label": "auth"}, "model": "contenttypes.contenttype", "pk": 24}, {"fields": {"model": "contenttype", "name": "content type", "app_label": "contenttypes"}, "model": "contenttypes.contenttype", "pk": 25}, {"fields": {"model": "session", "name": "session", "app_label": "sessions"}, "model": "contenttypes.contenttype", "pk": 26}, {"fields": {"expire_date": "2015-04-13T15:03:05.540Z", "session_data": "Y2E4MzNhNGRiMjRiNDU1ZDdiMGI2ZmQ3YzUwY2JiZWUyN2Q5ODdjOTp7Il9hdXRoX3VzZXJfaGFzaCI6ImZjNjBjODlhYzE4YmNlYmQ2ZjkwMjY4MzI3NjY1ODMwZWI3YzBlMDIiLCJfYXV0aF91c2VyX2lkIjoxLCJfYXV0aF91c2VyX2JhY2tlbmQiOiJkamFuZ28uY29udHJpYi5hdXRoLmJhY2tlbmRzLk1vZGVsQmFja2VuZCJ9"}, "model": "sessions.session", "pk": "q185e8l19clztl9k6upr16x1k429orut"}, {"fields": {"codename": "add_camera", "name": "Can add camera", "content_type": 1}, "model": "auth.permission", "pk": 1}, {"fields": {"codename": "change_camera", "name": "Can change camera", "content_type": 1}, "model": "auth.permission", "pk": 2}, {"fields": {"codename": "delete_camera", "name": "Can delete camera", "content_type": 1}, "model": "auth.permission", "pk": 3}, {"fields": {"codename": "add_video", "name": "Can add video", "content_type": 2}, "model": "auth.permission", "pk": 4}, {"fields": {"codename": "change_video", "name": "Can change video", "content_type": 2}, "model": "auth.permission", "pk": 5}, {"fields": {"codename": "delete_video", "name": "Can delete video", "content_type": 2}, "model": "auth.permission", "pk": 6}, {"fields": {"codename": "add_map", "name": "Can add map", "content_type": 3}, "model": "auth.permission", "pk": 7}, {"fields": {"codename": "change_map", "name": "Can change map", "content_type": 3}, "model": "auth.permission", "pk": 8}, {"fields": {"codename": "delete_map", "name": "Can delete map", "content_type": 3}, "model": "auth.permission", "pk": 9}, {"fields": {"codename": "add_mappoint", "name": "Can add map point", "content_type": 4}, "model": "auth.permission", "pk": 10}, {"fields": {"codename": "change_mappoint", "name": "Can change map point", "content_type": 4}, "model": "auth.permission", "pk": 11}, {"fields": {"codename": "delete_mappoint", "name": "Can delete map point", "content_type": 4}, "model": "auth.permission", "pk": 12}, {"fields": {"codename": "add_camerapoint", "name": "Can add camera point", "content_type": 5}, "model": "auth.permission", "pk": 13}, {"fields": {"codename": "change_camerapoint", "name": "Can change camera point", "content_type": 5}, "model": "auth.permission", "pk": 14}, {"fields": {"codename": "delete_camerapoint", "name": "Can delete camera point", "content_type": 5}, "model": "auth.permission", "pk": 15}, {"fields": {"codename": "add_datarelation", "name": "Can add data relation", "content_type": 6}, "model": "auth.permission", "pk": 16}, {"fields": {"codename": "change_datarelation", "name": "Can change data relation", "content_type": 6}, "model": "auth.permission", "pk": 17}, {"fields": {"codename": "delete_datarelation", "name": "Can delete data relation", "content_type": 6}, "model": "auth.permission", "pk": 18}, {"fields": {"codename": "add_videodata", "name": "Can add video data", "content_type": 7}, "model": "auth.permission", "pk": 19}, {"fields": {"codename": "change_videodata", "name": "Can change video data", "content_type": 7}, "model": "auth.permission", "pk": 20}, {"fields": {"codename": "delete_videodata", "name": "Can delete video data", "content_type": 7}, "model": "auth.permission", "pk": 21}, {"fields": {"codename": "add_traffic", "name": "Can add traffic", "content_type": 8}, "model": "auth.permission", "pk": 22}, {"fields": {"codename": "change_traffic", "name": "Can change traffic", "content_type": 8}, "model": "auth.permission", "pk": 23}, {"fields": {"codename": "delete_traffic", "name": "Can delete traffic", "content_type": 8}, "model": "auth.permission", "pk": 24}, {"fields": {"codename": "add_apiaccess", "name": "Can add api access", "content_type": 9}, "model": "auth.permission", "pk": 25}, {"fields": {"codename": "change_apiaccess", "name": "Can change api access", "content_type": 9}, "model": "auth.permission", "pk": 26}, {"fields": {"codename": "delete_apiaccess", "name": "Can delete api access", "content_type": 9}, "model": "auth.permission", "pk": 27}, {"fields": {"codename": "add_apikey", "name": "Can add api key", "content_type": 10}, "model": "auth.permission", "pk": 28}, {"fields": {"codename": "change_apikey", "name": "Can change api key", "content_type": 10}, "model": "auth.permission", "pk": 29}, {"fields": {"codename": "delete_apikey", "name": "Can delete api key", "content_type": 10}, "model": "auth.permission", "pk": 30}, {"fields": {"codename": "add_taskmeta", "name": "Can add task state", "content_type": 11}, "model": "auth.permission", "pk": 31}, {"fields": {"codename": "change_taskmeta", "name": "Can change task state", "content_type": 11}, "model": "auth.permission", "pk": 32}, {"fields": {"codename": "delete_taskmeta", "name": "Can delete task state", "content_type": 11}, "model": "auth.permission", "pk": 33}, {"fields": {"codename": "add_tasksetmeta", "name": "Can add saved group result", "content_type": 12}, "model": "auth.permission", "pk": 34}, {"fields": {"codename": "change_tasksetmeta", "name": "Can change saved group result", "content_type": 12}, "model": "auth.permission", "pk": 35}, {"fields": {"codename": "delete_tasksetmeta", "name": "Can delete saved group result", "content_type": 12}, "model": "auth.permission", "pk": 36}, {"fields": {"codename": "add_intervalschedule", "name": "Can add interval", "content_type": 13}, "model": "auth.permission", "pk": 37}, {"fields": {"codename": "change_intervalschedule", "name": "Can change interval", "content_type": 13}, "model": "auth.permission", "pk": 38}, {"fields": {"codename": "delete_intervalschedule", "name": "Can delete interval", "content_type": 13}, "model": "auth.permission", "pk": 39}, {"fields": {"codename": "add_crontabschedule", "name": "Can add crontab", "content_type": 14}, "model": "auth.permission", "pk": 40}, {"fields": {"codename": "change_crontabschedule", "name": "Can change crontab", "content_type": 14}, "model": "auth.permission", "pk": 41}, {"fields": {"codename": "delete_crontabschedule", "name": "Can delete crontab", "content_type": 14}, "model": "auth.permission", "pk": 42}, {"fields": {"codename": "add_periodictasks", "name": "Can add periodic tasks", "content_type": 15}, "model": "auth.permission", "pk": 43}, {"fields": {"codename": "change_periodictasks", "name": "Can change periodic tasks", "content_type": 15}, "model": "auth.permission", "pk": 44}, {"fields": {"codename": "delete_periodictasks", "name": "Can delete periodic tasks", "content_type": 15}, "model": "auth.permission", "pk": 45}, {"fields": {"codename": "add_periodictask", "name": "Can add periodic task", "content_type": 16}, "model": "auth.permission", "pk": 46}, {"fields": {"codename": "change_periodictask", "name": "Can change periodic task", "content_type": 16}, "model": "auth.permission", "pk": 47}, {"fields": {"codename": "delete_periodictask", "name": "Can delete periodic task", "content_type": 16}, "model": "auth.permission", "pk": 48}, {"fields": {"codename": "add_workerstate", "name": "Can add worker", "content_type": 17}, "model": "auth.permission", "pk": 49}, {"fields": {"codename": "change_workerstate", "name": "Can change worker", "content_type": 17}, "model": "auth.permission", "pk": 50}, {"fields": {"codename": "delete_workerstate", "name": "Can delete worker", "content_type": 17}, "model": "auth.permission", "pk": 51}, {"fields": {"codename": "add_taskstate", "name": "Can add task", "content_type": 18}, "model": "auth.permission", "pk": 52}, {"fields": {"codename": "change_taskstate", "name": "Can change task", "content_type": 18}, "model": "auth.permission", "pk": 53}, {"fields": {"codename": "delete_taskstate", "name": "Can delete task", "content_type": 18}, "model": "auth.permission", "pk": 54}, {"fields": {"codename": "add_queue", "name": "Can add queue", "content_type": 19}, "model": "auth.permission", "pk": 55}, {"fields": {"codename": "change_queue", "name": "Can change queue", "content_type": 19}, "model": "auth.permission", "pk": 56}, {"fields": {"codename": "delete_queue", "name": "Can delete queue", "content_type": 19}, "model": "auth.permission", "pk": 57}, {"fields": {"codename": "add_message", "name": "Can add message", "content_type": 20}, "model": "auth.permission", "pk": 58}, {"fields": {"codename": "change_message", "name": "Can change message", "content_type": 20}, "model": "auth.permission", "pk": 59}, {"fields": {"codename": "delete_message", "name": "Can delete message", "content_type": 20}, "model": "auth.permission", "pk": 60}, {"fields": {"codename": "add_logentry", "name": "Can add log entry", "content_type": 21}, "model": "auth.permission", "pk": 61}, {"fields": {"codename": "change_logentry", "name": "Can change log entry", "content_type": 21}, "model": "auth.permission", "pk": 62}, {"fields": {"codename": "delete_logentry", "name": "Can delete log entry", "content_type": 21}, "model": "auth.permission", "pk": 63}, {"fields": {"codename": "add_permission", "name": "Can add permission", "content_type": 22}, "model": "auth.permission", "pk": 64}, {"fields": {"codename": "change_permission", "name": "Can change permission", "content_type": 22}, "model": "auth.permission", "pk": 65}, {"fields": {"codename": "delete_permission", "name": "Can delete permission", "content_type": 22}, "model": "auth.permission", "pk": 66}, {"fields": {"codename": "add_group", "name": "Can add group", "content_type": 23}, "model": "auth.permission", "pk": 67}, {"fields": {"codename": "change_group", "name": "Can change group", "content_type": 23}, "model": "auth.permission", "pk": 68}, {"fields": {"codename": "delete_group", "name": "Can delete group", "content_type": 23}, "model": "auth.permission", "pk": 69}, {"fields": {"codename": "add_user", "name": "Can add user", "content_type": 24}, "model": "auth.permission", "pk": 70}, {"fields": {"codename": "change_user", "name": "Can change user", "content_type": 24}, "model": "auth.permission", "pk": 71}, {"fields": {"codename": "delete_user", "name": "Can delete user", "content_type": 24}, "model": "auth.permission", "pk": 72}, {"fields": {"codename": "add_contenttype", "name": "Can add content type", "content_type": 25}, "model": "auth.permission", "pk": 73}, {"fields": {"codename": "change_contenttype", "name": "Can change content type", "content_type": 25}, "model": "auth.permission", "pk": 74}, {"fields": {"codename": "delete_contenttype", "name": "Can delete content type", "content_type": 25}, "model": "auth.permission", "pk": 75}, {"fields": {"codename": "add_session", "name": "Can add session", "content_type": 26}, "model": "auth.permission", "pk": 76}, {"fields": {"codename": "change_session", "name": "Can change session", "content_type": 26}, "model": "auth.permission", "pk": 77}, {"fields": {"codename": "delete_session", "name": "Can delete session", "content_type": 26}, "model": "auth.permission", "pk": 78}, {"fields": {"username": "admin", "first_name": "", "last_name": "", "is_active": true, "is_superuser": true, "is_staff": true, "last_login": "2015-03-30T15:03:05.537Z", "groups": [], "user_permissions": [], "password": "pbkdf2_sha256$15000$zUPcIhPVBY5z$d5VU92JUM82JT5RUDaRaMnNLnWqE1tzI5n5NemhWOI8=", "email": "admin@admin.com", "date_joined": "2015-03-30T12:34:38.288Z"}, "model": "auth.user", "pk": 1}]